<?xml version="1.0" encoding="UTF-8" standalone="yes" ?>
<FileZilla3>
    <Settings>
        <Setting name="View hidden files" type="number">1</Setting>
        <LastServer>
            <Host>ftp.megallantasmotos.com.ar.am90.mesi.com.ar</Host>
            <Port>21</Port>
            <Protocol>0</Protocol>
            <Type>0</Type>
            <Logontype>1</Logontype>
            <User>admin@megallantasmotos.com.ar</User>
            <Pass>vyF4ZkwP</Pass>
            <TimezoneOffset>0</TimezoneOffset>
            <PasvMode>MODE_DEFAULT</PasvMode>
            <MaximumMultipleConnections>3</MaximumMultipleConnections>
            <EncodingType>Auto</EncodingType>megallantasmotos.com.ar
        </LastServer>
    </Settings>
</FileZilla3>
