<?xml version="1.0" encoding="UTF-8" standalone="yes" ?>
<FileZilla3>
    <Settings>
      <Setting name="Config Location">./</Setting>
    </Settings>
    <Servers>
        <Server>
            <Host>ftp.megallantasmotos.com.ar.[MX]</Host>
            <Port>21</Port>
            <Protocol>0</Protocol>
            <Type>0</Type>
            <Logontype>1</Logontype>
            <User>admin@megallantasmotos.com.ar</User>
            <Pass>vyF4ZkwP</Pass>
            <TimezoneOffset>0</TimezoneOffset>
            <PasvMode>MODE_DEFAULT</PasvMode>
            <MaximumMultipleConnections>3</MaximumMultipleConnections>
            <EncodingType>Auto</EncodingType>megallantasmotos.com.ar
        </Server>
    </Servers>
</FileZilla3>
