-- phpMyAdmin SQL Dump
-- version 3.5.4
-- http://www.phpmyadmin.net
--
-- Servidor: 127.0.0.1
-- Tiempo de generación: 18-09-2017 a las 00:04:23
-- Versión del servidor: 5.5.52-MariaDB
-- Versión de PHP: 5.6.29

SET SQL_MODE="NO_AUTO_VALUE_ON_ZERO";
SET time_zone = "+00:00";


/*!40101 SET @OLD_CHARACTER_SET_CLIENT=@@CHARACTER_SET_CLIENT */;
/*!40101 SET @OLD_CHARACTER_SET_RESULTS=@@CHARACTER_SET_RESULTS */;
/*!40101 SET @OLD_COLLATION_CONNECTION=@@COLLATION_CONNECTION */;
/*!40101 SET NAMES utf8 */;

--
-- Base de datos: `226741_megamotos`
--

-- CREATE DATABASE `226741_megamotos` DEFAULT CHARACTER SET utf8 COLLATE utf8_general_ci;
-- USE `226741_megamotos`;

-- --------------------------------------------------------

--
-- Estructura de tabla para la tabla `bancos`
--

CREATE TABLE IF NOT EXISTS `bancos` (
  `bc_id` int(10) unsigned NOT NULL AUTO_INCREMENT,
  `bc_descripcion` text,
  `bc_estado` int(10) unsigned DEFAULT '0',
  `usu_id` int(10) DEFAULT NULL,
  PRIMARY KEY (`bc_id`)
) ENGINE=MyISAM  DEFAULT CHARSET=latin1 AUTO_INCREMENT=10 ;

--
-- Volcado de datos para la tabla `bancos`
--

INSERT INTO `bancos` (`bc_id`, `bc_descripcion`, `bc_estado`, `usu_id`) VALUES
(1, 'GALICIA', 0, 11),
(2, 'SANTANDER RIO', 0, 11),
(3, 'COMAFI', 0, 11),
(4, 'SUPERVILLE', 0, 11),
(5, 'NACION', 0, 11),
(6, 'PROVINCIA', 0, 11),
(7, 'MACRO', 0, 11),
(8, 'CREDICOOP', 0, 11),
(9, 'ITAU', 0, 11);

-- --------------------------------------------------------

--
-- Estructura de tabla para la tabla `cheques`
--

CREATE TABLE IF NOT EXISTS `cheques` (
  `ch_id` int(10) NOT NULL AUTO_INCREMENT,
  `tpg_id` int(2) DEFAULT NULL,
  `ch_fecha` timestamp NULL DEFAULT CURRENT_TIMESTAMP,
  `ch_fch_ch` date NOT NULL DEFAULT '0000-00-00',
  `ch_numero` int(20) NOT NULL DEFAULT '0',
  `bc_id` int(10) NOT NULL DEFAULT '0',
  `cli_id` int(10) DEFAULT NULL,
  `ch_importe` int(10) NOT NULL DEFAULT '0',
  `prv_id` int(10) DEFAULT NULL,
  `ch_fch_entrega` date DEFAULT NULL,
  `ch_observaciones` varchar(255) DEFAULT NULL,
  `ch_estado` int(1) NOT NULL DEFAULT '0',
  `usu_id` int(10) DEFAULT '0',
  PRIMARY KEY (`ch_id`),
  UNIQUE KEY `cheque` (`tpg_id`,`ch_numero`,`bc_id`)
) ENGINE=MyISAM  DEFAULT CHARSET=latin1 AUTO_INCREMENT=38 ;

-- --------------------------------------------------------

--
-- Estructura de tabla para la tabla `clientes`
--

CREATE TABLE IF NOT EXISTS `clientes` (
  `cli_id` int(10) unsigned NOT NULL AUTO_INCREMENT,
  `cli_nombre` varchar(255) DEFAULT NULL,
  `cli_apellido` varchar(255) DEFAULT NULL,
  `cli_razon_social` varchar(255) DEFAULT NULL,
  `cli_calle` varchar(255) DEFAULT NULL,
  `cli_numero` varchar(255) DEFAULT NULL,
  `cli_piso` varchar(255) DEFAULT NULL,
  `cli_departamento` varchar(255) DEFAULT NULL,
  `cli_codigo_postal` varchar(255) DEFAULT NULL,
  `cli_ciudad` varchar(255) DEFAULT NULL,
  `cli_provincia` varchar(255) DEFAULT NULL,
  `cli_telefono1` varchar(255) DEFAULT NULL,
  `cli_telefono2` varchar(255) DEFAULT NULL,
  `cli_fax` varchar(255) DEFAULT NULL,
  `cli_email` varchar(255) DEFAULT NULL,
  `cli_cuit` varchar(255) DEFAULT NULL,
  `cli_observaciones` varchar(255) DEFAULT NULL,
  `cli_estado` int(10) NOT NULL DEFAULT '0',
  `cli_tipo_documento` varchar(255) DEFAULT NULL,
  `cli_numero_documento` varchar(255) DEFAULT NULL,
  `usu_id` int(10) DEFAULT NULL,
  PRIMARY KEY (`cli_id`)
) ENGINE=MyISAM  DEFAULT CHARSET=latin1 AUTO_INCREMENT=5705 ;

--
-- Volcado de datos para la tabla `clientes`
--

INSERT INTO `clientes` (`cli_id`, `cli_nombre`, `cli_apellido`, `cli_razon_social`, `cli_calle`, `cli_numero`, `cli_piso`, `cli_departamento`, `cli_codigo_postal`, `cli_ciudad`, `cli_provincia`, `cli_telefono1`, `cli_telefono2`, `cli_fax`, `cli_email`, `cli_cuit`, `cli_observaciones`, `cli_estado`, `cli_tipo_documento`, `cli_numero_documento`, `usu_id`) VALUES
(5703, '', 'VENTA CHACARITA', 'VENTA CHACARITA', '', '', '', '', '', '', '', '', '', '', '', '', '', 0, '', '', 11),
(5704, 'LUCAS', 'AUTIERI', 'AUTIERI LUCAS', '', '', '', '', '', '', '', '', '', '', '', '', '', 0, 'DNI', '37381319', 11);

-- --------------------------------------------------------

--
-- Estructura de tabla para la tabla `comprobantes`
--

CREATE TABLE IF NOT EXISTS `comprobantes` (
  `comp_id` int(9) NOT NULL AUTO_INCREMENT,
  `suc_id` int(9) NOT NULL DEFAULT '0',
  `ot_numero` int(9) NOT NULL DEFAULT '0',
  `usu_id` int(10) DEFAULT NULL,
  PRIMARY KEY (`comp_id`)
) ENGINE=MyISAM  DEFAULT CHARSET=latin1 AUTO_INCREMENT=6 ;

--
-- Volcado de datos para la tabla `comprobantes`
--

INSERT INTO `comprobantes` (`comp_id`, `suc_id`, `ot_numero`, `usu_id`) VALUES
(5, 5, 2, NULL);

-- --------------------------------------------------------

--
-- Estructura de tabla para la tabla `distribuidores`
--

CREATE TABLE IF NOT EXISTS `distribuidores` (
  `dis_id` int(10) unsigned NOT NULL AUTO_INCREMENT,
  `dis_descripcion` text,
  `dis_estado` int(10) DEFAULT '0',
  `usu_id` int(10) DEFAULT NULL,
  PRIMARY KEY (`dis_id`)
) ENGINE=MyISAM DEFAULT CHARSET=latin1 AUTO_INCREMENT=1 ;

-- --------------------------------------------------------

--
-- Estructura de tabla para la tabla `facturas_det`
--

CREATE TABLE IF NOT EXISTS `facturas_det` (
  `fad_id` int(10) unsigned NOT NULL AUTO_INCREMENT,
  `pro_id` int(10) unsigned NOT NULL DEFAULT '0',
  `otd_id` int(10) unsigned NOT NULL DEFAULT '0',
  `fae_id` int(10) unsigned NOT NULL DEFAULT '0',
  `usu_id` int(10) DEFAULT NULL,
  PRIMARY KEY (`fad_id`),
  KEY `facturas_det_FKIndex1` (`fae_id`),
  KEY `facturas_det_FKIndex2` (`otd_id`),
  KEY `facturas_det_FKIndex3` (`pro_id`)
) ENGINE=MyISAM DEFAULT CHARSET=latin1 AUTO_INCREMENT=1 ;

-- --------------------------------------------------------

--
-- Estructura de tabla para la tabla `facturas_enc`
--

CREATE TABLE IF NOT EXISTS `facturas_enc` (
  `fae_id` int(10) unsigned NOT NULL AUTO_INCREMENT,
  `veh_id` int(10) unsigned NOT NULL DEFAULT '0',
  `cli_id` int(10) unsigned NOT NULL DEFAULT '0',
  `ote_id` int(10) unsigned NOT NULL DEFAULT '0',
  `fae_fecha` date DEFAULT NULL,
  `usu_id` int(10) DEFAULT NULL,
  PRIMARY KEY (`fae_id`),
  KEY `facturas_enc_FKIndex1` (`ote_id`),
  KEY `facturas_enc_FKIndex2` (`cli_id`),
  KEY `facturas_enc_FKIndex3` (`veh_id`)
) ENGINE=MyISAM DEFAULT CHARSET=latin1 AUTO_INCREMENT=1 ;

-- --------------------------------------------------------

--
-- Estructura de tabla para la tabla `funciones`
--

CREATE TABLE IF NOT EXISTS `funciones` (
  `fun_id` int(10) unsigned NOT NULL AUTO_INCREMENT,
  `fun_descripcion` text,
  `fun_estado` int(10) unsigned DEFAULT '0',
  `usu_id` int(10) DEFAULT NULL,
  PRIMARY KEY (`fun_id`)
) ENGINE=MyISAM  DEFAULT CHARSET=latin1 AUTO_INCREMENT=31 ;

--
-- Volcado de datos para la tabla `funciones`
--

INSERT INTO `funciones` (`fun_id`, `fun_descripcion`, `fun_estado`, `usu_id`) VALUES
(1, 'O.T.', 0, NULL),
(2, 'ADM.PRECIOS', 0, NULL),
(3, 'CLIENTES', 0, NULL),
(4, 'MARCAS', 0, NULL),
(5, 'MODELOS', 0, NULL),
(6, 'PRODUCTOS', 0, NULL),
(7, 'PROVEEDORES', 0, NULL),
(8, 'SUCURSALES', 0, NULL),
(9, 'TIPOS MOVIMIENTO', 0, NULL),
(10, 'TIPOS PRODUCTO', 0, NULL),
(11, 'TIPO RANGO', 0, NULL),
(12, 'FUNCIONES', 0, NULL),
(13, 'FUNCIONES X ROL', 0, NULL),
(14, 'ROLES', 0, NULL),
(15, 'ROLES X USUARIO', 0, NULL),
(16, 'USUARIOS', 0, NULL),
(17, 'INGRESO', 0, NULL),
(18, 'EGRESO', 0, NULL),
(19, 'TRANSFERENCIA', 0, NULL),
(20, 'MONITOR DE MVTOS DE STOCK', 0, NULL),
(21, 'MONITOR DE STOCK DE PRODS.', 0, NULL),
(22, 'PRODUCTOS VENDIDOS', 0, 0),
(23, 'PRODUCTOS INGRESADOS', 0, NULL),
(24, 'LISTADO OT', 0, NULL),
(25, 'SALDOS', 0, NULL),
(26, 'RRHH', 1, 11),
(27, 'EMPLEADOS', 0, NULL),
(28, 'ADMINISTRACION', 0, 11),
(29, 'CHEQUES', 0, 11),
(30, 'STOCK DE MERCADERIA', 0, 11);

-- --------------------------------------------------------

--
-- Estructura de tabla para la tabla `funciones_x_role`
--

CREATE TABLE IF NOT EXISTS `funciones_x_role` (
  `fxr_id` int(10) unsigned NOT NULL AUTO_INCREMENT,
  `fun_id` int(10) unsigned NOT NULL DEFAULT '0',
  `rol_id` int(10) unsigned NOT NULL DEFAULT '0',
  `fxr_estado` int(10) DEFAULT '0',
  `usu_id` int(10) DEFAULT NULL,
  PRIMARY KEY (`fxr_id`),
  KEY `funciones_x_role_FKIndex1` (`rol_id`),
  KEY `funciones_x_role_FKIndex2` (`fun_id`)
) ENGINE=MyISAM  DEFAULT CHARSET=latin1 AUTO_INCREMENT=127 ;

--
-- Volcado de datos para la tabla `funciones_x_role`
--

INSERT INTO `funciones_x_role` (`fxr_id`, `fun_id`, `rol_id`, `fxr_estado`, `usu_id`) VALUES
(1, 1, 1, 0, NULL),
(2, 2, 1, 0, NULL),
(3, 3, 1, 0, NULL),
(4, 4, 1, 0, NULL),
(5, 5, 1, 0, NULL),
(6, 6, 1, 0, NULL),
(7, 7, 1, 0, NULL),
(8, 8, 1, 0, NULL),
(9, 9, 1, 0, NULL),
(10, 10, 1, 0, NULL),
(41, 21, 2, 0, NULL),
(40, 20, 2, 0, NULL),
(39, 19, 2, 0, NULL),
(38, 18, 2, 0, NULL),
(37, 17, 2, 0, NULL),
(36, 11, 2, 0, NULL),
(17, 17, 1, 0, NULL),
(18, 18, 1, 0, NULL),
(19, 19, 1, 0, NULL),
(20, 20, 1, 0, NULL),
(21, 21, 1, 0, NULL),
(35, 8, 2, 0, NULL),
(34, 7, 2, 0, NULL),
(33, 6, 2, 0, NULL),
(32, 5, 2, 0, NULL),
(31, 4, 2, 0, NULL),
(30, 3, 2, 0, NULL),
(29, 2, 2, 0, NULL),
(42, 1, 3, 0, NULL),
(43, 2, 3, 0, NULL),
(44, 3, 3, 0, NULL),
(45, 19, 3, 0, NULL),
(46, 20, 3, 0, NULL),
(47, 21, 3, 0, NULL),
(48, 1, 2, 0, NULL),
(49, 22, 1, 0, NULL),
(50, 23, 1, 0, NULL),
(56, 24, 1, 0, NULL),
(51, 22, 2, 0, NULL),
(52, 23, 2, 0, NULL),
(53, 22, 3, 0, NULL),
(54, 23, 3, 0, NULL),
(57, 24, 2, 0, NULL),
(58, 24, 3, 0, NULL),
(59, 12, 4, 0, NULL),
(60, 13, 4, 0, NULL),
(61, 14, 4, 0, NULL),
(62, 15, 4, 0, NULL),
(63, 16, 4, 0, NULL),
(64, 25, 1, 0, NULL),
(67, 26, 1, 1, 11),
(69, 27, 1, 1, 11),
(70, 1, 5, 0, NULL),
(71, 2, 5, 0, 11),
(72, 3, 5, 0, 11),
(73, 4, 5, 0, 11),
(74, 5, 5, 0, 11),
(75, 6, 5, 0, 11),
(76, 7, 5, 0, 11),
(77, 8, 5, 0, 11),
(78, 9, 5, 0, 11),
(79, 10, 5, 0, 11),
(80, 17, 5, 0, 11),
(81, 18, 5, 0, 11),
(82, 19, 5, 0, 11),
(83, 20, 5, 0, 11),
(84, 21, 5, 0, 11),
(85, 22, 5, 0, 11),
(86, 23, 5, 0, 11),
(87, 24, 5, 0, 11),
(88, 1, 7, 0, 11),
(89, 2, 7, 0, 11),
(90, 3, 7, 0, 11),
(91, 4, 7, 0, 11),
(92, 5, 7, 0, 11),
(93, 6, 7, 0, 11),
(94, 7, 7, 0, 11),
(95, 8, 7, 1, 11),
(96, 9, 7, 1, 11),
(97, 10, 7, 1, 11),
(98, 17, 7, 0, 11),
(99, 18, 7, 0, 11),
(100, 19, 7, 0, 11),
(101, 20, 7, 0, 11),
(102, 21, 7, 0, 11),
(103, 22, 7, 0, 11),
(104, 23, 7, 0, 11),
(105, 24, 7, 0, 11),
(106, 26, 7, 1, 11),
(107, 27, 7, 1, 11),
(108, 1, 6, 0, 11),
(109, 3, 6, 0, 11),
(110, 20, 6, 0, 11),
(111, 21, 6, 0, 11),
(112, 22, 6, 0, 11),
(113, 23, 6, 0, 11),
(114, 24, 6, 0, 11),
(115, 16, 1, 0, 11),
(116, 15, 1, 0, 11),
(117, 14, 1, 0, 11),
(118, 13, 1, 0, 11),
(119, 12, 1, 0, 11),
(120, 28, 1, 0, 11),
(121, 29, 1, 0, 11),
(122, 19, 6, 0, 11),
(123, 2, 6, 0, 11),
(124, 30, 3, 0, 11),
(125, 30, 2, 0, 11),
(126, 30, 1, 0, 11);

-- --------------------------------------------------------

--
-- Estructura de tabla para la tabla `hcheques`
--

CREATE TABLE IF NOT EXISTS `hcheques` (
  `fecha` timestamp NOT NULL DEFAULT CURRENT_TIMESTAMP,
  `tipo` char(1) DEFAULT NULL,
  `ch_id` int(10) unsigned NOT NULL DEFAULT '0',
  `tpg_id` int(2) DEFAULT NULL,
  `ch_fecha` date DEFAULT '0000-00-00',
  `ch_fch_ch` date DEFAULT '0000-00-00',
  `ch_numero` int(20) NOT NULL DEFAULT '0',
  `bc_id` int(10) NOT NULL DEFAULT '0',
  `cli_id` int(10) DEFAULT NULL,
  `ch_importe` int(10) NOT NULL DEFAULT '0',
  `prv_id` int(10) DEFAULT NULL,
  `ch_fch_entrega` date DEFAULT NULL,
  `ch_observaciones` varchar(255) DEFAULT NULL,
  `ch_estado` int(1) NOT NULL DEFAULT '0',
  `usu_id` int(10) NOT NULL DEFAULT '0',
  PRIMARY KEY (`fecha`,`ch_id`)
) ENGINE=MyISAM DEFAULT CHARSET=latin1;

-- --------------------------------------------------------

--
-- Estructura de tabla para la tabla `hclientes`
--

CREATE TABLE IF NOT EXISTS `hclientes` (
  `fecha` timestamp NOT NULL DEFAULT CURRENT_TIMESTAMP,
  `tipo` char(1) DEFAULT NULL,
  `cli_id` int(10) unsigned NOT NULL DEFAULT '0',
  `cli_nombre` varchar(255) DEFAULT NULL,
  `cli_apellido` varchar(255) DEFAULT NULL,
  `cli_razon_social` varchar(255) DEFAULT NULL,
  `cli_calle` varchar(255) DEFAULT NULL,
  `cli_numero` varchar(255) DEFAULT NULL,
  `cli_piso` varchar(255) DEFAULT NULL,
  `cli_departamento` varchar(255) DEFAULT NULL,
  `cli_codigo_postal` varchar(255) DEFAULT NULL,
  `cli_ciudad` varchar(255) DEFAULT NULL,
  `cli_provincia` varchar(255) DEFAULT NULL,
  `cli_telefono1` varchar(255) DEFAULT NULL,
  `cli_telefono2` varchar(255) DEFAULT NULL,
  `cli_fax` varchar(255) DEFAULT NULL,
  `cli_email` varchar(255) DEFAULT NULL,
  `cli_cuit` varchar(255) DEFAULT NULL,
  `cli_observaciones` varchar(255) DEFAULT NULL,
  `cli_estado` int(10) NOT NULL DEFAULT '0',
  `cli_tipo_documento` varchar(255) DEFAULT NULL,
  `cli_numero_documento` varchar(255) DEFAULT NULL,
  `usu_id` int(10) DEFAULT NULL,
  PRIMARY KEY (`fecha`,`cli_id`)
) ENGINE=MyISAM DEFAULT CHARSET=latin1;

--
-- Volcado de datos para la tabla `hclientes`
--

INSERT INTO `hclientes` (`fecha`, `tipo`, `cli_id`, `cli_nombre`, `cli_apellido`, `cli_razon_social`, `cli_calle`, `cli_numero`, `cli_piso`, `cli_departamento`, `cli_codigo_postal`, `cli_ciudad`, `cli_provincia`, `cli_telefono1`, `cli_telefono2`, `cli_fax`, `cli_email`, `cli_cuit`, `cli_observaciones`, `cli_estado`, `cli_tipo_documento`, `cli_numero_documento`, `usu_id`) VALUES
('2017-09-10 16:03:57', 'I', 5703, '', 'VENTA CHACARITA', 'VENTA CHACARITA', '', '', '', '', '', '', '', '', '', '', '', '', '', 0, '', '', 11),
('2017-09-12 18:51:45', 'I', 5704, 'LUCAS', 'AUTIERI', 'AUTIERI LUCAS', '', '', '', '', '', '', '', '', '', '', '', '', '', 0, 'DNI', '37381319', 11);

-- --------------------------------------------------------

--
-- Estructura de tabla para la tabla `hdistribuidores`
--

CREATE TABLE IF NOT EXISTS `hdistribuidores` (
  `fecha` timestamp NOT NULL DEFAULT CURRENT_TIMESTAMP,
  `tipo` char(1) DEFAULT NULL,
  `dis_id` int(10) unsigned NOT NULL DEFAULT '0',
  `dis_descripcion` text,
  `dis_estado` int(10) DEFAULT '0',
  `usu_id` int(10) DEFAULT NULL,
  PRIMARY KEY (`fecha`,`dis_id`)
) ENGINE=MyISAM DEFAULT CHARSET=latin1;

-- --------------------------------------------------------

--
-- Estructura de tabla para la tabla `hempleados`
--

CREATE TABLE IF NOT EXISTS `hempleados` (
  `fecha` timestamp NOT NULL DEFAULT CURRENT_TIMESTAMP,
  `tipo` char(1) DEFAULT NULL,
  `emp_id` int(10) unsigned NOT NULL DEFAULT '0',
  `emp_legajo` int(10) DEFAULT NULL,
  `emp_tipo_documento` varchar(255) DEFAULT NULL,
  `emp_numero_documento` varchar(255) DEFAULT NULL,
  `emp_cuil` varchar(255) DEFAULT NULL,
  `emp_fch_alta` date DEFAULT NULL,
  `emp_fch_baja` date DEFAULT NULL,
  `emp_fch_nac` date DEFAULT NULL,
  `emp_apellido` varchar(255) DEFAULT NULL,
  `emp_nombre` varchar(255) DEFAULT NULL,
  `emp_calle` varchar(255) DEFAULT NULL,
  `emp_numero` varchar(255) DEFAULT NULL,
  `emp_piso` varchar(255) DEFAULT NULL,
  `emp_departamento` varchar(255) DEFAULT NULL,
  `emp_codigo_postal` varchar(255) DEFAULT NULL,
  `emp_ciudad` varchar(255) DEFAULT NULL,
  `emp_provincia` varchar(255) DEFAULT NULL,
  `emp_telefono1` varchar(255) DEFAULT NULL,
  `emp_telefono2` varchar(255) DEFAULT NULL,
  `emp_fax` varchar(255) DEFAULT NULL,
  `emp_email` varchar(255) DEFAULT NULL,
  `emp_sindicato` varchar(255) DEFAULT NULL,
  `emp_obra_soc` varchar(255) DEFAULT NULL,
  `emp_categoria` varchar(255) DEFAULT NULL,
  `emp_banco` varchar(255) DEFAULT NULL,
  `emp_cbu` varchar(255) DEFAULT NULL,
  `emp_suc_id` int(10) DEFAULT NULL,
  `emp_observaciones` varchar(255) DEFAULT NULL,
  `emp_estado` int(10) NOT NULL DEFAULT '0',
  `usu_id` int(10) DEFAULT NULL,
  PRIMARY KEY (`fecha`,`emp_id`)
) ENGINE=MyISAM DEFAULT CHARSET=latin1;

-- --------------------------------------------------------

--
-- Estructura de tabla para la tabla `hfacturas_det`
--

CREATE TABLE IF NOT EXISTS `hfacturas_det` (
  `fecha` timestamp NOT NULL DEFAULT CURRENT_TIMESTAMP,
  `tipo` char(1) DEFAULT NULL,
  `fad_id` int(10) unsigned NOT NULL DEFAULT '0',
  `pro_id` int(10) unsigned NOT NULL DEFAULT '0',
  `otd_id` int(10) unsigned NOT NULL DEFAULT '0',
  `fae_id` int(10) unsigned NOT NULL DEFAULT '0',
  `usu_id` int(10) DEFAULT NULL,
  PRIMARY KEY (`fecha`,`fad_id`)
) ENGINE=MyISAM DEFAULT CHARSET=latin1;

-- --------------------------------------------------------

--
-- Estructura de tabla para la tabla `hfacturas_enc`
--

CREATE TABLE IF NOT EXISTS `hfacturas_enc` (
  `fecha` timestamp NOT NULL DEFAULT CURRENT_TIMESTAMP,
  `tipo` char(1) DEFAULT NULL,
  `fae_id` int(10) unsigned NOT NULL DEFAULT '0',
  `veh_id` int(10) unsigned NOT NULL DEFAULT '0',
  `cli_id` int(10) unsigned NOT NULL DEFAULT '0',
  `ote_id` int(10) unsigned NOT NULL DEFAULT '0',
  `fae_fecha` date DEFAULT NULL,
  `usu_id` int(10) DEFAULT NULL,
  PRIMARY KEY (`fecha`,`fae_id`)
) ENGINE=MyISAM DEFAULT CHARSET=latin1;

-- --------------------------------------------------------

--
-- Estructura de tabla para la tabla `hfunciones`
--

CREATE TABLE IF NOT EXISTS `hfunciones` (
  `fecha` timestamp NOT NULL DEFAULT CURRENT_TIMESTAMP,
  `tipo` char(1) DEFAULT NULL,
  `fun_id` int(10) unsigned NOT NULL DEFAULT '0',
  `fun_descripcion` text,
  `fun_estado` int(10) unsigned DEFAULT '0',
  `usu_id` int(10) DEFAULT NULL,
  PRIMARY KEY (`fecha`,`fun_id`)
) ENGINE=MyISAM DEFAULT CHARSET=latin1;

--
-- Volcado de datos para la tabla `hfunciones`
--

INSERT INTO `hfunciones` (`fecha`, `tipo`, `fun_id`, `fun_descripcion`, `fun_estado`, `usu_id`) VALUES
('2017-06-27 20:27:30', 'B', 26, 'RRHH', 0, 11),
('2017-06-27 20:27:35', 'B', 26, 'RRHH', 1, 11);

-- --------------------------------------------------------

--
-- Estructura de tabla para la tabla `hfunciones_x_role`
--

CREATE TABLE IF NOT EXISTS `hfunciones_x_role` (
  `fecha` timestamp NOT NULL DEFAULT CURRENT_TIMESTAMP,
  `tipo` char(1) DEFAULT NULL,
  `fxr_id` int(10) unsigned NOT NULL DEFAULT '0',
  `fun_id` int(10) unsigned NOT NULL DEFAULT '0',
  `rol_id` int(10) unsigned NOT NULL DEFAULT '0',
  `fxr_estado` int(10) DEFAULT '0',
  `usu_id` int(10) DEFAULT NULL,
  PRIMARY KEY (`fecha`,`fxr_id`)
) ENGINE=MyISAM DEFAULT CHARSET=latin1;

--
-- Volcado de datos para la tabla `hfunciones_x_role`
--

INSERT INTO `hfunciones_x_role` (`fecha`, `tipo`, `fxr_id`, `fun_id`, `rol_id`, `fxr_estado`, `usu_id`) VALUES
('2017-06-27 20:25:38', 'B', 67, 26, 1, 0, 11),
('2017-06-27 20:25:44', 'B', 67, 26, 1, 1, 11),
('2017-06-27 20:25:50', 'B', 69, 27, 1, 0, 11),
('2017-06-27 20:25:56', 'B', 69, 27, 1, 1, 11),
('2017-06-27 20:26:01', 'B', 69, 27, 1, 1, 11),
('2017-06-27 20:26:06', 'B', 69, 27, 1, 1, 11),
('2017-06-27 20:26:11', 'B', 69, 27, 1, 1, 11),
('2017-06-27 20:26:16', 'B', 69, 27, 1, 1, 11),
('2017-06-27 20:26:24', 'B', 69, 27, 1, 1, 11),
('2017-06-27 20:26:31', 'B', 69, 27, 1, 1, 11),
('2017-06-27 20:26:37', 'B', 69, 27, 1, 1, 11),
('2017-06-27 20:26:42', 'B', 69, 27, 1, 1, 11),
('2017-06-27 20:26:44', 'B', 69, 27, 1, 1, 11),
('2017-06-27 20:26:49', 'B', 106, 26, 7, 0, 11),
('2017-06-27 20:26:52', 'B', 106, 26, 7, 1, 11),
('2017-06-27 20:26:54', 'B', 106, 26, 7, 1, 11),
('2017-06-27 20:26:56', 'B', 107, 27, 7, 0, 11),
('2017-06-27 20:27:00', 'B', 107, 27, 7, 1, 11),
('2017-06-27 20:27:05', 'B', 107, 27, 7, 1, 11),
('2017-09-10 20:13:01', 'B', 97, 10, 7, 0, 11),
('2017-09-10 20:13:08', 'B', 97, 10, 7, 1, 11),
('2017-09-10 20:13:12', 'B', 97, 10, 7, 1, 11),
('2017-09-10 20:13:17', 'B', 96, 9, 7, 0, 11),
('2017-09-10 20:13:19', 'B', 96, 9, 7, 1, 11),
('2017-09-10 20:13:27', 'B', 96, 9, 7, 1, 11),
('2017-09-10 20:13:36', 'B', 95, 8, 7, 0, 11),
('2017-09-10 20:13:40', 'B', 95, 8, 7, 1, 11),
('2017-09-10 20:13:44', 'B', 95, 8, 7, 1, 11),
('2017-09-10 20:14:04', 'B', 95, 8, 7, 1, 11);

-- --------------------------------------------------------

--
-- Estructura de tabla para la tabla `hmarcas`
--

CREATE TABLE IF NOT EXISTS `hmarcas` (
  `fecha` timestamp NOT NULL DEFAULT CURRENT_TIMESTAMP,
  `tipo` char(1) DEFAULT NULL,
  `mar_id` int(10) unsigned NOT NULL DEFAULT '0',
  `mar_descripcion` text,
  `mar_estado` int(10) unsigned DEFAULT '0',
  `usu_id` int(10) DEFAULT NULL,
  PRIMARY KEY (`fecha`,`mar_id`)
) ENGINE=MyISAM DEFAULT CHARSET=latin1;

--
-- Volcado de datos para la tabla `hmarcas`
--

INSERT INTO `hmarcas` (`fecha`, `tipo`, `mar_id`, `mar_descripcion`, `mar_estado`, `usu_id`) VALUES
('2017-06-27 19:20:15', 'I', 82, 'SUZUKI', 0, 11),
('2017-06-27 20:45:15', 'I', 83, 'HONDA', 0, 11),
('2017-06-29 15:18:12', 'I', 84, 'YAMAHA', 0, 11),
('2017-06-29 16:56:49', 'I', 85, 'GENERICO', 0, 11),
('2017-06-29 17:38:16', 'I', 86, 'YAMASIDA', 0, 11),
('2017-06-29 17:38:50', 'I', 87, 'KESHUAI', 0, 11),
('2017-06-29 17:39:09', 'I', 88, 'FEICHI', 0, 11),
('2017-06-29 18:32:36', 'I', 89, 'ALBA', 0, 11),
('2017-06-29 18:37:14', 'I', 90, 'NSU', 0, 11),
('2017-06-29 18:51:39', 'I', 91, 'MOTOMEL', 0, 11),
('2017-06-30 16:16:25', 'I', 92, 'BRAVO', 0, 11),
('2017-06-30 16:16:40', 'I', 93, 'SPLENDOR', 0, 11),
('2017-06-30 16:16:52', 'I', 94, 'AERO', 0, 11),
('2017-06-30 16:17:03', 'I', 95, 'MICRO', 0, 11),
('2017-07-08 12:33:24', 'I', 96, 'UNIVERSAL', 0, 11),
('2017-07-08 12:49:29', 'I', 97, 'TITAN', 0, 11),
('2017-07-08 12:56:15', 'I', 98, 'BAJAJ', 0, 11),
('2017-07-08 13:25:36', 'I', 99, 'KAWASAKI', 0, 11),
('2017-07-08 13:28:30', 'I', 100, 'BMW', 0, 11),
('2017-07-08 13:31:49', 'I', 101, 'GILERA', 0, 11),
('2017-08-08 18:49:33', 'I', 102, 'RIFFEL ', 0, 11),
('2017-08-08 19:02:21', 'I', 103, 'NGK', 0, 11),
('2017-08-08 20:30:10', 'I', 104, 'WEGA', 0, 11),
('2017-08-08 20:39:51', 'I', 105, 'PK4 ', 0, 11),
('2017-08-09 17:19:37', 'I', 106, 'C45', 0, 11),
('2017-08-09 19:08:15', 'I', 107, 'MANN', 0, 11),
('2017-08-09 20:27:45', 'I', 108, 'ELEVAN', 0, 11),
('2017-08-09 21:02:18', 'I', 109, 'MEIWA', 0, 11),
('2017-08-09 21:02:56', 'I', 110, 'DIAFRAG', 0, 11),
('2017-08-09 21:04:30', 'I', 111, 'MICHELIN', 0, 11),
('2017-08-10 19:56:56', 'I', 112, 'SHAD ', 0, 11),
('2017-08-10 20:33:47', 'I', 113, 'CARDO', 0, 11),
('2017-08-10 20:36:16', 'I', 114, 'PUIG', 0, 11),
('2017-08-10 21:17:22', 'I', 115, 'MOTOBAT BATERIAS', 0, 11),
('2017-08-11 17:40:09', 'I', 116, 'NOLAN HELMET', 0, 11),
('2017-08-14 17:55:57', 'I', 117, 'DROOK ', 0, 11),
('2017-08-14 20:55:53', 'I', 118, 'HIFLO ', 0, 11),
('2017-08-16 18:16:44', 'I', 119, 'BIEFFE', 0, 11),
('2017-08-16 18:16:57', 'I', 120, 'PEELS', 0, 11),
('2017-08-17 19:18:33', 'I', 121, 'LS2', 0, 11),
('2017-08-17 19:23:43', 'I', 122, 'PANTANEIRO', 0, 11),
('2017-09-09 14:02:04', 'I', 123, 'CONTINENTAL', 0, 11),
('2017-09-09 14:03:05', 'I', 124, 'METZELER', 0, 11),
('2017-09-10 16:04:18', 'I', 125, 'GENERICA', 0, 11),
('2017-09-12 18:57:21', 'I', 126, 'GENERICO', 0, 11),
('2017-09-16 13:22:07', 'B', 126, 'GENERICO', 0, 11);

-- --------------------------------------------------------

--
-- Estructura de tabla para la tabla `hmarcas_tipos_prod`
--

CREATE TABLE IF NOT EXISTS `hmarcas_tipos_prod` (
  `fecha` timestamp NOT NULL DEFAULT CURRENT_TIMESTAMP,
  `tipo` char(1) DEFAULT NULL,
  `mtp_id` int(10) unsigned NOT NULL DEFAULT '0',
  `mar_id` int(10) NOT NULL DEFAULT '0',
  `mod_id` int(10) DEFAULT NULL,
  `tip_id` int(10) DEFAULT NULL,
  `mtp_estado` int(10) unsigned DEFAULT '0',
  `usu_id` int(10) DEFAULT NULL,
  PRIMARY KEY (`fecha`,`mar_id`)
) ENGINE=MyISAM DEFAULT CHARSET=latin1;

--
-- Volcado de datos para la tabla `hmarcas_tipos_prod`
--

INSERT INTO `hmarcas_tipos_prod` (`fecha`, `tipo`, `mtp_id`, `mar_id`, `mod_id`, `tip_id`, `mtp_estado`, `usu_id`) VALUES
('2017-06-27 19:20:21', 'I', 1212, 82, 0, 8, 0, 11),
('2017-06-27 19:20:47', 'I', 1213, 82, 901, 8, 0, 11),
('2017-06-27 20:38:35', 'I', 1214, 82, 902, 8, 0, 11),
('2017-06-27 20:45:19', 'I', 1215, 83, 0, 8, 0, 11),
('2017-06-27 20:45:24', 'I', 1216, 83, 0, 1, 0, 11),
('2017-06-27 20:45:39', 'I', 1217, 82, 0, 1, 0, 11),
('2017-06-27 20:47:41', 'I', 1218, 83, 903, 8, 0, 11),
('2017-06-28 19:02:06', 'I', 1219, 83, 904, 8, 0, 11),
('2017-06-28 19:45:24', 'I', 1220, 83, 905, 8, 0, 11),
('2017-06-29 15:16:02', 'I', 1221, 83, 906, 8, 0, 11),
('2017-06-29 15:16:45', 'I', 1222, 83, 907, 8, 0, 11),
('2017-06-29 15:17:06', 'I', 1223, 83, 908, 8, 0, 11),
('2017-06-29 15:17:55', 'I', 1224, 83, 909, 8, 0, 11),
('2017-06-29 15:18:16', 'I', 1225, 84, 0, 8, 0, 11),
('2017-06-29 15:18:20', 'I', 1226, 84, 0, 1, 0, 11),
('2017-06-29 15:18:45', 'I', 1227, 84, 910, 8, 0, 11),
('2017-06-29 16:56:53', 'I', 1228, 85, 0, 8, 0, 11),
('2017-06-29 16:57:09', 'I', 1229, 85, 911, 8, 0, 11),
('2017-06-29 17:38:23', 'I', 1230, 86, 0, 4, 0, 11),
('2017-06-29 17:38:53', 'I', 1231, 87, 0, 4, 0, 11),
('2017-06-29 17:39:12', 'I', 1232, 88, 0, 4, 0, 11),
('2017-06-29 17:40:53', 'I', 1233, 86, 912, 4, 0, 11),
('2017-06-29 17:41:17', 'I', 1234, 86, 913, 4, 0, 11),
('2017-06-29 17:41:52', 'I', 1235, 86, 914, 4, 0, 11),
('2017-06-29 17:42:22', 'I', 1236, 86, 915, 4, 0, 11),
('2017-06-29 17:43:34', 'I', 1237, 87, 916, 4, 0, 11),
('2017-06-29 17:44:32', 'I', 1238, 87, 917, 4, 0, 11),
('2017-06-29 17:45:00', 'I', 1239, 88, 918, 4, 0, 11),
('2017-06-29 17:45:29', 'I', 1240, 88, 919, 4, 0, 11),
('2017-06-29 17:45:56', 'I', 1241, 88, 920, 4, 0, 11),
('2017-06-29 17:46:27', 'I', 1242, 88, 921, 4, 0, 11),
('2017-06-29 18:10:50', 'I', 1243, 88, 922, 4, 0, 11),
('2017-06-29 18:32:41', 'I', 1244, 89, 0, 3, 0, 11),
('2017-06-29 18:33:11', 'I', 1245, 89, 923, 3, 0, 11),
('2017-06-29 18:33:38', 'I', 1246, 89, 924, 3, 0, 11),
('2017-06-29 18:37:37', 'I', 1247, 90, 0, 8, 0, 11),
('2017-06-29 18:38:04', 'I', 1248, 90, 925, 8, 0, 11),
('2017-06-29 18:38:24', 'I', 1249, 90, 926, 8, 0, 11),
('2017-06-29 18:38:47', 'I', 1250, 90, 927, 8, 0, 11),
('2017-06-29 18:41:30', 'B', 1250, 90, 927, 8, 0, 11),
('2017-06-29 18:41:47', 'B', 1248, 90, 925, 8, 0, 11),
('2017-06-29 18:41:48', 'B', 1249, 90, 926, 8, 0, 11),
('2017-06-29 18:41:50', 'B', 1247, 90, 0, 8, 0, 11),
('2017-06-29 18:46:01', 'I', 1251, 83, 928, 8, 0, 11),
('2017-06-29 18:46:34', 'I', 1252, 83, 929, 8, 0, 11),
('2017-06-29 18:47:14', 'I', 1253, 82, 930, 8, 0, 11),
('2017-06-29 18:47:53', 'I', 1254, 82, 931, 8, 0, 11),
('2017-06-29 18:48:35', 'I', 1255, 84, 932, 8, 0, 11),
('2017-06-29 18:49:08', 'I', 1256, 83, 933, 8, 0, 11),
('2017-06-29 18:49:47', 'I', 1257, 83, 934, 8, 0, 11),
('2017-06-29 18:50:17', 'I', 1258, 83, 935, 8, 0, 11),
('2017-06-29 18:51:16', 'I', 1259, 83, 936, 8, 0, 11),
('2017-06-29 18:51:44', 'I', 1260, 91, 0, 8, 0, 11),
('2017-06-29 18:51:48', 'I', 1261, 91, 0, 1, 0, 11),
('2017-06-29 18:52:20', 'I', 1262, 91, 937, 8, 0, 11),
('2017-06-29 18:52:44', 'I', 1263, 84, 938, 8, 0, 11),
('2017-06-30 16:16:30', 'I', 1264, 92, 0, 8, 0, 11),
('2017-06-30 16:16:43', 'I', 1265, 93, 0, 8, 0, 11),
('2017-06-30 16:16:55', 'I', 1266, 94, 0, 8, 0, 11),
('2017-06-30 16:17:06', 'I', 1267, 95, 0, 8, 0, 11),
('2017-06-30 16:18:00', 'I', 1268, 92, 939, 8, 0, 11),
('2017-06-30 16:18:17', 'I', 1269, 93, 940, 8, 0, 11),
('2017-06-30 16:18:34', 'I', 1270, 94, 941, 8, 0, 11),
('2017-06-30 16:18:49', 'I', 1271, 95, 942, 8, 0, 11),
('2017-07-08 12:33:45', 'I', 1272, 96, 0, 8, 0, 11),
('2017-07-08 12:34:11', 'I', 1273, 96, 943, 8, 0, 11),
('2017-07-08 12:49:33', 'I', 1274, 97, 0, 8, 0, 11),
('2017-07-08 12:49:57', 'I', 1275, 97, 944, 8, 0, 11),
('2017-07-08 12:56:19', 'I', 1276, 98, 0, 8, 0, 11),
('2017-07-08 12:56:48', 'I', 1277, 98, 945, 8, 0, 11),
('2017-07-08 13:13:13', 'I', 1278, 83, 947, 8, 0, 11),
('2017-07-08 13:16:36', 'I', 1279, 84, 948, 8, 0, 11),
('2017-07-08 13:18:20', 'I', 1280, 84, 949, 8, 0, 11),
('2017-07-08 13:20:16', 'I', 1281, 84, 950, 8, 0, 11),
('2017-07-08 13:21:26', 'B', 1281, 84, 950, 8, 0, 11),
('2017-07-08 13:24:43', 'I', 1282, 84, 951, 8, 0, 11),
('2017-07-08 13:25:43', 'I', 1283, 99, 0, 8, 0, 11),
('2017-07-08 13:25:47', 'I', 1284, 99, 0, 1, 0, 11),
('2017-07-08 13:27:46', 'I', 1285, 85, 952, 8, 0, 11),
('2017-07-08 13:28:33', 'I', 1286, 100, 0, 8, 0, 11),
('2017-07-08 13:28:37', 'I', 1287, 100, 0, 1, 0, 11),
('2017-07-08 13:29:13', 'I', 1288, 100, 953, 8, 0, 11),
('2017-07-08 13:31:53', 'I', 1289, 101, 0, 8, 0, 11),
('2017-07-08 13:31:57', 'I', 1290, 101, 0, 1, 0, 11),
('2017-07-08 13:32:24', 'I', 1291, 101, 954, 8, 0, 11),
('2017-07-08 13:34:36', 'I', 1292, 83, 955, 8, 0, 11),
('2017-07-08 13:34:42', 'I', 1293, 83, 955, 1, 0, 11),
('2017-07-08 13:36:04', 'I', 1294, 83, 956, 8, 0, 11),
('2017-07-08 13:36:12', 'I', 1295, 83, 956, 1, 0, 11),
('2017-07-08 13:38:52', 'I', 1296, 82, 957, 8, 0, 11),
('2017-07-08 13:38:55', 'I', 1297, 82, 957, 1, 0, 11),
('2017-07-08 14:32:05', 'I', 1298, 83, 958, 8, 0, 11),
('2017-07-08 14:34:45', 'I', 1299, 82, 959, 8, 0, 11),
('2017-07-08 14:36:30', 'I', 1300, 84, 960, 8, 0, 11),
('2017-07-08 14:40:24', 'I', 1301, 98, 961, 8, 0, 11),
('2017-07-08 14:41:18', 'I', 1302, 98, 962, 8, 0, 11),
('2017-07-08 14:43:10', 'I', 1303, 83, 963, 8, 0, 11),
('2017-07-08 14:45:30', 'I', 1304, 83, 964, 8, 0, 11),
('2017-07-08 14:46:49', 'I', 1305, 83, 965, 8, 0, 11),
('2017-07-08 14:52:01', 'I', 1306, 84, 966, 8, 0, 11),
('2017-07-08 15:14:54', 'I', 1307, 98, 967, 8, 0, 11),
('2017-07-08 18:09:02', 'I', 1308, 94, 15, 8, 0, 11),
('2017-07-08 18:09:13', 'I', 1309, 94, 16, 8, 0, 11),
('2017-07-08 18:09:21', 'I', 1310, 94, 17, 8, 0, 11),
('2017-07-08 18:09:31', 'I', 1311, 94, 14, 8, 0, 11),
('2017-07-08 18:09:38', 'I', 1312, 94, 20, 8, 0, 11),
('2017-07-08 18:09:46', 'I', 1313, 94, 11, 8, 0, 11),
('2017-07-08 18:09:52', 'I', 1314, 94, 18, 8, 0, 11),
('2017-07-08 18:09:59', 'I', 1315, 94, 13, 8, 0, 11),
('2017-07-08 18:10:08', 'I', 1316, 94, 12, 8, 0, 11),
('2017-07-08 18:10:30', 'I', 1317, 94, 19, 8, 0, 11),
('2017-07-08 18:11:14', 'I', 1318, 92, 44, 8, 0, 11),
('2017-07-08 18:11:28', 'I', 1319, 92, 43, 8, 0, 11),
('2017-07-08 18:11:35', 'I', 1320, 92, 42, 8, 0, 11),
('2017-07-08 18:11:43', 'I', 1321, 92, 61, 8, 0, 11),
('2017-07-08 18:11:51', 'I', 1322, 92, 60, 8, 0, 11),
('2017-07-08 18:12:00', 'I', 1323, 92, 45, 8, 0, 11),
('2017-07-08 18:12:06', 'I', 1324, 92, 46, 8, 0, 11),
('2017-07-08 18:12:12', 'I', 1325, 92, 62, 8, 0, 11),
('2017-07-08 18:12:20', 'I', 1326, 92, 59, 8, 0, 11),
('2017-07-08 18:12:40', 'I', 1327, 92, 47, 8, 0, 11),
('2017-07-08 18:13:02', 'I', 1328, 92, 32, 8, 0, 11),
('2017-07-08 18:13:09', 'I', 1329, 92, 31, 8, 0, 11),
('2017-07-08 18:13:19', 'I', 1330, 92, 30, 8, 0, 11),
('2017-07-08 18:13:29', 'I', 1331, 92, 33, 8, 0, 11),
('2017-07-08 18:13:37', 'I', 1332, 92, 36, 8, 0, 11),
('2017-07-08 18:13:48', 'I', 1333, 92, 58, 8, 0, 11),
('2017-07-08 18:16:24', 'I', 1334, 92, 57, 8, 0, 11),
('2017-07-08 18:16:29', 'I', 1335, 92, 56, 8, 0, 11),
('2017-07-08 18:16:35', 'I', 1336, 92, 55, 8, 0, 11),
('2017-07-08 18:17:09', 'I', 1337, 92, 35, 8, 0, 11),
('2017-07-08 18:17:14', 'I', 1338, 92, 34, 8, 0, 11),
('2017-07-08 18:17:18', 'I', 1339, 92, 37, 8, 0, 11),
('2017-07-08 18:17:23', 'I', 1340, 92, 65, 8, 0, 11),
('2017-07-08 18:17:28', 'I', 1341, 92, 64, 8, 0, 11),
('2017-07-08 18:17:33', 'I', 1342, 92, 63, 8, 0, 11),
('2017-07-08 18:17:38', 'I', 1343, 92, 66, 8, 0, 11),
('2017-07-08 18:17:43', 'I', 1344, 92, 40, 8, 0, 11),
('2017-07-08 18:17:47', 'I', 1345, 92, 39, 8, 0, 11),
('2017-07-08 18:17:52', 'I', 1346, 92, 38, 8, 0, 11),
('2017-07-08 18:18:21', 'I', 1347, 92, 52, 8, 0, 11),
('2017-07-08 18:18:28', 'I', 1348, 92, 41, 8, 0, 11),
('2017-07-08 18:18:33', 'I', 1349, 92, 50, 8, 0, 11),
('2017-07-08 18:18:38', 'I', 1350, 92, 49, 8, 0, 11),
('2017-07-08 18:18:43', 'I', 1351, 92, 48, 8, 0, 11),
('2017-07-08 18:18:49', 'I', 1352, 92, 51, 8, 0, 11),
('2017-07-08 18:18:53', 'I', 1353, 92, 54, 8, 0, 11),
('2017-07-08 18:18:58', 'I', 1354, 92, 53, 8, 0, 11),
('2017-07-08 18:19:58', 'I', 1355, 95, 9, 8, 0, 11),
('2017-07-08 18:20:34', 'I', 1356, 95, 8, 8, 0, 11),
('2017-07-08 18:20:38', 'I', 1357, 95, 5, 8, 0, 11),
('2017-07-08 18:20:42', 'I', 1358, 95, 4, 8, 0, 11),
('2017-07-08 18:20:46', 'I', 1359, 95, 10, 8, 0, 11),
('2017-07-08 18:20:50', 'I', 1360, 95, 6, 8, 0, 11),
('2017-07-08 18:20:55', 'I', 1361, 95, 7, 8, 0, 11),
('2017-07-08 18:21:00', 'I', 1362, 95, 3, 8, 0, 11),
('2017-07-08 18:21:05', 'I', 1363, 95, 1, 8, 0, 11),
('2017-07-08 18:21:09', 'I', 1364, 95, 2, 8, 0, 11),
('2017-07-08 18:21:49', 'I', 1365, 93, 22, 8, 0, 11),
('2017-07-08 18:22:26', 'I', 1366, 93, 21, 8, 0, 11),
('2017-07-08 18:22:30', 'I', 1367, 93, 28, 8, 0, 11),
('2017-07-08 18:22:35', 'I', 1368, 93, 25, 8, 0, 11),
('2017-07-08 18:22:40', 'I', 1369, 93, 29, 8, 0, 11),
('2017-07-08 18:22:45', 'I', 1370, 93, 24, 8, 0, 11),
('2017-07-08 18:22:50', 'I', 1371, 93, 23, 8, 0, 11),
('2017-07-08 18:22:54', 'I', 1372, 93, 27, 8, 0, 11),
('2017-07-08 18:22:58', 'I', 1373, 93, 26, 8, 0, 11),
('2017-07-08 18:23:02', 'I', 1374, 93, 940, 8, 0, 11),
('2017-08-08 18:30:43', 'I', 1375, 98, 0, 10, 0, 11),
('2017-08-08 18:32:12', 'I', 1376, 98, 962, 10, 0, 11),
('2017-08-08 18:32:32', 'I', 1377, 98, 961, 10, 0, 11),
('2017-08-08 18:32:44', 'I', 1378, 98, 967, 10, 0, 11),
('2017-08-08 18:32:55', 'I', 1379, 98, 945, 10, 0, 11),
('2017-08-08 18:42:52', 'I', 1380, 84, 0, 7, 0, 11),
('2017-08-08 18:43:49', 'I', 1381, 84, 968, 7, 0, 11),
('2017-08-08 18:49:42', 'I', 1382, 102, 0, 7, 0, 11),
('2017-08-08 18:51:10', 'I', 1383, 102, 969, 7, 0, 11),
('2017-08-08 19:03:09', 'I', 1384, 103, 0, 7, 0, 11),
('2017-08-08 19:28:10', 'I', 1385, 103, 970, 7, 0, 11),
('2017-08-08 19:36:58', 'I', 1386, 103, 971, 7, 0, 11),
('2017-08-08 19:37:30', 'I', 1387, 103, 972, 7, 0, 11),
('2017-08-08 19:38:49', 'I', 1388, 103, 973, 7, 0, 11),
('2017-08-08 19:40:07', 'I', 1389, 103, 974, 7, 0, 11),
('2017-08-08 20:27:59', 'I', 1390, 84, 976, 7, 0, 11),
('2017-08-08 20:30:17', 'I', 1391, 104, 0, 7, 0, 11),
('2017-08-08 20:31:35', 'I', 1392, 104, 977, 7, 0, 11),
('2017-08-08 20:32:19', 'I', 1393, 104, 978, 7, 0, 11),
('2017-08-08 20:37:32', 'I', 1394, 104, 980, 7, 0, 11),
('2017-08-08 20:39:09', 'I', 1395, 104, 981, 7, 0, 11),
('2017-08-08 20:39:59', 'I', 1396, 105, 0, 8, 0, 11),
('2017-08-08 20:42:27', 'I', 1397, 105, 982, 8, 0, 11),
('2017-08-08 20:44:13', 'I', 1398, 105, 983, 8, 0, 11),
('2017-08-08 20:49:39', 'I', 1399, 105, 984, 8, 0, 11),
('2017-08-09 17:19:49', 'I', 1400, 106, 0, 10, 0, 11),
('2017-08-09 17:47:12', 'I', 1401, 106, 986, 10, 0, 11),
('2017-08-09 17:52:27', 'I', 1402, 106, 987, 10, 0, 11),
('2017-08-09 18:03:47', 'I', 1403, 106, 988, 10, 0, 11),
('2017-08-09 18:07:21', 'I', 1404, 0, 989, 10, 0, 11),
('2017-08-09 18:08:55', 'I', 1405, 0, 990, 10, 0, 11),
('2017-08-09 18:12:56', 'I', 1406, 106, 991, 10, 0, 11),
('2017-08-09 18:21:40', 'I', 1407, 106, 992, 10, 0, 11),
('2017-08-09 18:25:31', 'I', 1408, 106, 993, 10, 0, 11),
('2017-08-09 18:27:00', 'I', 1409, 106, 994, 10, 0, 11),
('2017-08-09 18:28:28', 'I', 1410, 106, 995, 10, 0, 11),
('2017-08-09 18:29:50', 'I', 1411, 106, 996, 10, 0, 11),
('2017-08-09 18:31:13', 'I', 1412, 106, 997, 10, 0, 11),
('2017-08-09 18:33:19', 'I', 1413, 106, 998, 10, 0, 11),
('2017-08-09 18:33:59', 'I', 1414, 106, 999, 10, 0, 11),
('2017-08-09 18:35:23', 'I', 1415, 106, 1000, 10, 0, 11),
('2017-08-09 18:37:22', 'I', 1416, 106, 1001, 10, 0, 11),
('2017-08-09 18:38:29', 'I', 1417, 106, 1002, 10, 0, 11),
('2017-08-09 18:56:18', 'I', 1418, 98, 1003, 10, 0, 11),
('2017-08-09 18:56:48', 'I', 1419, 98, 1004, 10, 0, 11),
('2017-08-09 18:59:18', 'I', 1420, 98, 1005, 10, 0, 11),
('2017-08-09 19:00:16', 'I', 1421, 98, 1006, 10, 0, 11),
('2017-08-09 19:02:06', 'I', 1422, 98, 1007, 10, 0, 11),
('2017-08-09 19:04:59', 'I', 1423, 104, 1008, 10, 0, 11),
('2017-08-09 19:07:11', 'I', 1424, 104, 1009, 10, 0, 11),
('2017-08-09 19:08:36', 'I', 1425, 107, 0, 7, 0, 11),
('2017-08-09 19:10:05', 'I', 1426, 107, 1010, 7, 0, 11),
('2017-08-09 19:11:21', 'I', 1427, 107, 1011, 7, 0, 11),
('2017-08-09 19:13:01', 'I', 1428, 98, 1012, 10, 0, 11),
('2017-08-09 19:14:07', 'I', 1429, 98, 1013, 10, 0, 11),
('2017-08-09 19:14:56', 'I', 1430, 98, 1014, 10, 0, 11),
('2017-08-09 19:15:45', 'I', 1431, 98, 1015, 10, 0, 11),
('2017-08-09 19:16:21', 'I', 1432, 98, 1016, 10, 0, 11),
('2017-08-09 19:17:28', 'I', 1433, 98, 1017, 10, 0, 11),
('2017-08-09 20:27:58', 'I', 1434, 108, 0, 10, 0, 11),
('2017-08-09 20:29:52', 'I', 1435, 108, 1018, 10, 0, 11),
('2017-08-09 20:30:37', 'I', 1436, 108, 1019, 10, 0, 11),
('2017-08-09 20:32:04', 'I', 1437, 108, 1021, 10, 0, 11),
('2017-08-09 20:33:52', 'I', 1438, 108, 1022, 10, 0, 11),
('2017-08-09 20:36:34', 'I', 1439, 108, 1023, 10, 0, 11),
('2017-08-09 20:38:49', 'I', 1440, 85, 1024, 8, 0, 11),
('2017-08-09 20:39:30', 'I', 1441, 85, 1025, 8, 0, 11),
('2017-08-09 20:40:37', 'I', 1442, 85, 1026, 8, 0, 11),
('2017-08-09 21:02:29', 'I', 1443, 109, 0, 7, 0, 11),
('2017-08-09 21:03:09', 'I', 1444, 110, 0, 10, 0, 11),
('2017-08-09 21:04:47', 'I', 1445, 111, 0, 4, 0, 11),
('2017-08-09 21:33:04', 'I', 1446, 85, 1027, 8, 0, 11),
('2017-08-10 19:57:01', 'I', 1447, 112, 0, 8, 0, 11),
('2017-08-10 19:59:52', 'I', 1448, 112, 1028, 8, 0, 11),
('2017-08-10 20:05:24', 'I', 1449, 112, 1029, 8, 0, 11),
('2017-08-10 20:06:29', 'I', 1450, 112, 1030, 8, 0, 11),
('2017-08-10 20:07:20', 'I', 1451, 112, 1031, 8, 0, 11),
('2017-08-10 20:08:30', 'I', 1452, 112, 1032, 8, 0, 11),
('2017-08-10 20:14:52', 'I', 1453, 112, 1033, 8, 0, 11),
('2017-08-10 20:16:24', 'I', 1454, 112, 1034, 8, 0, 11),
('2017-08-10 20:17:11', 'I', 1455, 112, 1035, 8, 0, 11),
('2017-08-10 20:19:22', 'I', 1456, 112, 1036, 8, 0, 11),
('2017-08-10 20:21:26', 'I', 1457, 112, 1037, 8, 0, 11),
('2017-08-10 20:24:34', 'I', 1458, 112, 1038, 8, 0, 11),
('2017-08-10 20:33:53', 'I', 1459, 113, 0, 8, 0, 11),
('2017-08-10 20:36:27', 'I', 1460, 114, 0, 8, 0, 11),
('2017-08-10 20:45:47', 'I', 1461, 112, 1039, 8, 0, 11),
('2017-08-10 20:46:40', 'I', 1462, 0, 1040, 8, 0, 11),
('2017-08-10 20:46:51', 'B', 1462, 0, 1040, 8, 0, 11),
('2017-08-10 20:46:58', 'B', 1462, 0, 1040, 8, 1, 11),
('2017-08-10 20:47:03', 'B', 1462, 0, 1040, 8, 1, 11),
('2017-08-10 20:47:07', 'B', 1462, 0, 1040, 8, 1, 11),
('2017-08-10 20:47:09', 'B', 1462, 0, 1040, 8, 1, 11),
('2017-08-10 20:47:11', 'B', 1462, 0, 1040, 8, 1, 11),
('2017-08-10 20:47:12', 'B', 1462, 0, 1040, 8, 1, 11),
('2017-08-10 20:47:16', 'B', 1462, 0, 1040, 8, 1, 11),
('2017-08-10 20:47:49', 'I', 1463, 112, 1041, 8, 0, 11),
('2017-08-10 20:49:09', 'I', 1464, 112, 1042, 8, 0, 11),
('2017-08-10 20:50:01', 'I', 1465, 112, 1043, 8, 0, 11),
('2017-08-10 20:52:48', 'I', 1466, 112, 1044, 8, 0, 11),
('2017-08-10 20:54:35', 'I', 1467, 112, 1045, 8, 0, 11),
('2017-08-10 20:56:46', 'I', 1468, 112, 1046, 8, 0, 11),
('2017-08-10 20:58:11', 'I', 1469, 112, 1047, 8, 0, 11),
('2017-08-10 20:59:51', 'I', 1470, 112, 1048, 8, 0, 11),
('2017-08-10 21:00:53', 'I', 1471, 112, 1049, 8, 0, 11),
('2017-08-10 21:01:58', 'I', 1472, 112, 1050, 8, 0, 11),
('2017-08-10 21:02:48', 'I', 1473, 112, 1051, 8, 0, 11),
('2017-08-10 21:03:36', 'I', 1474, 112, 1052, 8, 0, 11),
('2017-08-10 21:05:14', 'I', 1475, 112, 1053, 8, 0, 11),
('2017-08-10 21:06:25', 'I', 1476, 112, 1054, 8, 0, 11),
('2017-08-10 21:07:27', 'I', 1477, 112, 1055, 8, 0, 11),
('2017-08-10 21:09:01', 'I', 1478, 112, 1056, 8, 0, 11),
('2017-08-10 21:09:57', 'I', 1479, 112, 1057, 8, 0, 11),
('2017-08-10 21:11:50', 'I', 1480, 112, 1058, 8, 0, 11),
('2017-08-10 21:13:56', 'I', 1481, 112, 1059, 8, 0, 11),
('2017-08-10 21:15:16', 'I', 1482, 112, 1060, 8, 0, 11),
('2017-08-10 21:15:56', 'I', 1483, 112, 1061, 8, 0, 11),
('2017-08-10 21:16:40', 'I', 1484, 112, 1062, 8, 0, 11),
('2017-08-10 21:17:30', 'I', 1485, 115, 0, 10, 0, 11),
('2017-08-10 21:20:19', 'I', 1486, 112, 1063, 8, 0, 11),
('2017-08-10 21:20:48', 'I', 1487, 112, 1064, 8, 0, 11),
('2017-08-10 21:21:57', 'I', 1488, 112, 1065, 8, 0, 11),
('2017-08-10 21:22:47', 'I', 1489, 112, 1066, 8, 0, 11),
('2017-08-10 21:24:27', 'I', 1490, 112, 1067, 8, 0, 11),
('2017-08-10 21:25:06', 'I', 1491, 112, 1068, 8, 0, 11),
('2017-08-11 17:40:14', 'I', 1492, 116, 0, 8, 0, 11),
('2017-08-11 18:55:59', 'I', 1493, 116, 1069, 8, 0, 11),
('2017-08-11 18:56:33', 'I', 1494, 116, 1070, 8, 0, 11),
('2017-08-11 18:57:15', 'I', 1495, 116, 1071, 8, 0, 11),
('2017-08-11 19:02:30', 'I', 1496, 116, 1072, 8, 0, 11),
('2017-08-11 19:03:08', 'I', 1497, 116, 1073, 8, 0, 11),
('2017-08-11 19:04:17', 'I', 1498, 116, 1074, 8, 0, 11),
('2017-08-11 19:04:59', 'I', 1499, 116, 1075, 8, 0, 11),
('2017-08-11 19:05:50', 'I', 1500, 116, 1076, 8, 0, 11),
('2017-08-11 19:06:48', 'I', 1501, 116, 1077, 8, 0, 11),
('2017-08-11 19:08:16', 'I', 1502, 116, 1078, 8, 0, 11),
('2017-08-11 19:08:48', 'I', 1503, 116, 1079, 8, 0, 11),
('2017-08-11 19:09:26', 'I', 1504, 116, 1080, 8, 0, 11),
('2017-08-11 19:10:36', 'I', 1505, 116, 1081, 8, 0, 11),
('2017-08-11 19:11:52', 'I', 1506, 116, 1082, 8, 0, 11),
('2017-08-11 19:19:45', 'I', 1507, 116, 1083, 8, 0, 11),
('2017-08-11 19:21:05', 'I', 1509, 116, 1084, 8, 0, 11),
('2017-08-11 19:23:10', 'I', 1510, 116, 1085, 8, 0, 11),
('2017-08-11 19:24:31', 'I', 1511, 116, 1086, 8, 0, 11),
('2017-08-11 19:26:13', 'I', 1512, 116, 1087, 8, 0, 11),
('2017-08-11 19:27:13', 'I', 1513, 116, 1088, 8, 0, 11),
('2017-08-11 19:46:02', 'I', 1514, 111, 1089, 10, 0, 11),
('2017-08-11 19:47:39', 'I', 1515, 111, 1090, 10, 0, 11),
('2017-08-11 19:51:33', 'I', 1516, 111, 1091, 4, 0, 11),
('2017-08-11 19:53:32', 'I', 1517, 111, 1092, 4, 0, 11),
('2017-08-11 19:55:32', 'I', 1518, 111, 1093, 4, 0, 11),
('2017-08-11 20:02:20', 'I', 1519, 111, 1094, 4, 0, 11),
('2017-08-11 20:04:56', 'I', 1520, 111, 1095, 4, 0, 11),
('2017-08-11 20:06:08', 'I', 1521, 111, 1096, 4, 0, 11),
('2017-08-11 20:07:28', 'I', 1522, 111, 1097, 4, 0, 11),
('2017-08-11 20:08:47', 'I', 1523, 111, 1098, 4, 0, 11),
('2017-08-11 20:09:48', 'I', 1524, 111, 1099, 4, 0, 11),
('2017-08-11 20:12:23', 'I', 1525, 111, 1100, 4, 0, 11),
('2017-08-11 20:13:21', 'I', 1526, 111, 1101, 4, 0, 11),
('2017-08-11 20:16:10', 'I', 1527, 111, 1102, 4, 0, 11),
('2017-08-11 20:17:27', 'I', 1528, 111, 1103, 4, 0, 11),
('2017-08-11 20:18:59', 'I', 1529, 111, 1104, 4, 0, 11),
('2017-08-11 20:26:08', 'I', 1530, 111, 1105, 4, 0, 11),
('2017-08-11 20:27:13', 'I', 1531, 111, 1106, 4, 0, 11),
('2017-08-11 20:28:45', 'I', 1532, 111, 1107, 4, 0, 11),
('2017-08-11 20:30:55', 'I', 1533, 111, 1108, 4, 0, 11),
('2017-08-11 20:32:06', 'I', 1534, 111, 1109, 4, 0, 11),
('2017-08-11 20:37:40', 'I', 1535, 111, 1110, 4, 0, 11),
('2017-08-11 20:39:24', 'I', 1536, 111, 1111, 4, 0, 11),
('2017-08-11 20:41:33', 'I', 1537, 111, 1112, 4, 0, 11),
('2017-08-11 20:43:21', 'I', 1538, 111, 1113, 4, 0, 11),
('2017-08-11 20:44:27', 'I', 1539, 111, 1114, 4, 0, 11),
('2017-08-11 20:45:16', 'I', 1540, 111, 1115, 4, 0, 11),
('2017-08-11 21:23:19', 'B', 1519, 111, 1094, 4, 0, 11),
('2017-08-11 21:27:21', 'B', 1528, 111, 1103, 4, 0, 11),
('2017-08-11 21:32:27', 'B', 1520, 111, 1095, 4, 0, 11),
('2017-08-11 21:32:40', 'B', 1522, 111, 1097, 4, 0, 11),
('2017-08-11 21:32:45', 'B', 1539, 111, 1114, 4, 0, 11),
('2017-08-11 21:33:02', 'B', 1526, 111, 1101, 4, 0, 11),
('2017-08-11 21:33:05', 'B', 1531, 111, 1106, 4, 0, 11),
('2017-08-11 21:33:06', 'B', 1523, 111, 1098, 4, 0, 11),
('2017-08-11 21:33:08', 'B', 1538, 111, 1113, 4, 0, 11),
('2017-08-11 21:33:18', 'B', 1538, 111, 1113, 4, 1, 11),
('2017-08-11 21:33:21', 'B', 1534, 111, 1109, 4, 0, 11),
('2017-08-11 21:33:28', 'B', 1534, 111, 1109, 4, 1, 11),
('2017-08-11 21:33:31', 'B', 1518, 111, 1093, 4, 0, 11),
('2017-08-11 21:33:36', 'B', 1518, 111, 1093, 4, 1, 11),
('2017-08-11 21:33:39', 'B', 1529, 111, 1104, 4, 0, 11),
('2017-08-11 21:33:42', 'B', 1529, 111, 1104, 4, 1, 11),
('2017-08-11 21:33:46', 'B', 1530, 111, 1105, 4, 0, 11),
('2017-08-11 21:33:48', 'B', 1530, 111, 1105, 4, 1, 11),
('2017-08-11 21:33:52', 'B', 1532, 111, 1107, 4, 0, 11),
('2017-08-11 21:33:54', 'B', 1532, 111, 1107, 4, 1, 11),
('2017-08-11 21:34:05', 'B', 1540, 111, 1115, 4, 0, 11),
('2017-08-11 21:34:13', 'B', 1540, 111, 1115, 4, 1, 11),
('2017-08-11 21:34:16', 'B', 1517, 111, 1092, 4, 0, 11),
('2017-08-11 21:34:34', 'B', 1445, 111, 0, 4, 0, 11),
('2017-08-11 21:38:46', 'B', 1524, 111, 1099, 4, 0, 11),
('2017-08-14 17:56:19', 'I', 1541, 117, 0, 10, 0, 11),
('2017-08-14 18:13:48', 'I', 1542, 117, 1116, 10, 0, 11),
('2017-08-14 18:16:47', 'I', 1543, 117, 1117, 10, 0, 11),
('2017-08-14 18:17:54', 'I', 1544, 117, 1118, 10, 0, 11),
('2017-08-14 18:18:45', 'I', 1545, 117, 1119, 10, 0, 11),
('2017-08-14 18:20:47', 'I', 1546, 117, 1120, 10, 0, 11),
('2017-08-14 18:23:26', 'I', 1547, 117, 1121, 10, 0, 11),
('2017-08-14 18:25:27', 'I', 1548, 117, 1122, 10, 0, 11),
('2017-08-14 18:27:04', 'I', 1549, 117, 1123, 10, 0, 11),
('2017-08-14 18:28:36', 'I', 1550, 117, 1124, 10, 0, 11),
('2017-08-14 18:30:15', 'I', 1551, 117, 1125, 10, 0, 11),
('2017-08-14 18:31:26', 'I', 1552, 117, 1126, 10, 0, 11),
('2017-08-14 18:32:09', 'I', 1553, 117, 1128, 10, 0, 11),
('2017-08-14 18:33:03', 'I', 1554, 117, 1129, 10, 0, 11),
('2017-08-14 18:35:04', 'I', 1555, 117, 1130, 10, 0, 11),
('2017-08-14 18:35:57', 'I', 1556, 117, 1131, 10, 0, 11),
('2017-08-14 18:37:06', 'I', 1557, 117, 1132, 10, 0, 11),
('2017-08-14 18:55:54', 'I', 1558, 117, 1133, 10, 0, 11),
('2017-08-14 19:09:06', 'I', 1559, 117, 1134, 10, 0, 11),
('2017-08-14 19:30:43', 'I', 1560, 117, 1135, 10, 0, 11),
('2017-08-14 19:38:23', 'I', 1561, 117, 1136, 10, 0, 11),
('2017-08-14 19:40:42', 'I', 1562, 117, 1137, 10, 0, 11),
('2017-08-14 19:44:30', 'I', 1563, 117, 1138, 10, 0, 11),
('2017-08-14 19:46:12', 'I', 1564, 117, 1139, 10, 0, 11),
('2017-08-14 20:02:40', 'I', 1565, 117, 1140, 10, 0, 11),
('2017-08-14 20:03:56', 'I', 1566, 117, 1141, 10, 0, 11),
('2017-08-14 20:35:04', 'I', 1567, 117, 1143, 10, 0, 11),
('2017-08-14 20:52:00', 'I', 1568, 85, 1144, 8, 0, 11),
('2017-08-14 20:52:25', 'I', 1569, 85, 1145, 8, 0, 11),
('2017-08-14 20:55:58', 'I', 1570, 118, 0, 10, 0, 11),
('2017-08-14 20:57:15', 'I', 1571, 118, 1146, 10, 0, 11),
('2017-08-14 20:58:16', 'I', 1572, 118, 1147, 10, 0, 11),
('2017-08-14 20:59:47', 'B', 1571, 118, 1146, 10, 0, 11),
('2017-08-14 20:59:53', 'B', 1570, 118, 0, 10, 0, 11),
('2017-08-14 20:59:54', 'B', 1572, 118, 1147, 10, 0, 11),
('2017-08-14 21:02:33', 'I', 1573, 109, 1148, 7, 0, 11),
('2017-08-14 21:03:02', 'I', 1574, 109, 1149, 7, 0, 11),
('2017-08-14 21:04:18', 'I', 1575, 109, 1150, 7, 0, 11),
('2017-08-14 21:07:14', 'I', 1576, 85, 1151, 8, 0, 11),
('2017-08-14 21:10:24', 'I', 1577, 109, 1152, 7, 0, 11),
('2017-08-14 21:11:03', 'I', 1578, 109, 1153, 7, 0, 11),
('2017-08-14 21:18:26', 'I', 1579, 109, 1154, 7, 0, 11),
('2017-08-14 21:25:05', 'I', 1580, 110, 1155, 7, 0, 11),
('2017-08-14 21:26:20', 'I', 1581, 110, 1156, 7, 0, 11),
('2017-08-14 21:27:22', 'I', 1582, 110, 1157, 7, 0, 11),
('2017-08-14 21:29:56', 'I', 1583, 110, 1159, 7, 0, 11),
('2017-08-14 21:30:38', 'I', 1584, 110, 1160, 7, 0, 11),
('2017-08-14 21:33:12', 'I', 1585, 110, 1161, 7, 0, 11),
('2017-08-14 21:34:06', 'I', 1586, 110, 1162, 7, 0, 11),
('2017-08-16 18:27:15', 'I', 1587, 119, 1163, 8, 0, 11),
('2017-08-16 18:28:18', 'I', 1588, 119, 1164, 8, 0, 11),
('2017-08-16 18:28:40', 'I', 1589, 119, 1165, 8, 0, 11),
('2017-08-16 18:29:20', 'I', 1590, 119, 1166, 8, 0, 11),
('2017-08-16 18:30:11', 'I', 1591, 119, 1167, 8, 0, 11),
('2017-08-16 18:30:37', 'I', 1592, 119, 1168, 8, 0, 11),
('2017-08-16 18:31:07', 'I', 1593, 119, 1169, 8, 0, 11),
('2017-08-16 18:31:49', 'I', 1594, 119, 1170, 8, 0, 11),
('2017-08-16 18:33:10', 'I', 1595, 119, 1171, 8, 0, 11),
('2017-08-16 18:34:53', 'I', 1596, 119, 1172, 8, 0, 11),
('2017-08-16 18:36:41', 'I', 1597, 119, 1173, 8, 0, 11),
('2017-08-16 18:44:37', 'I', 1598, 119, 1174, 8, 0, 11),
('2017-08-16 18:45:41', 'I', 1599, 119, 1175, 8, 0, 11),
('2017-08-16 18:48:42', 'I', 1600, 119, 1176, 8, 0, 11),
('2017-08-16 18:56:55', 'I', 1601, 119, 1178, 8, 0, 11),
('2017-08-16 18:58:29', 'I', 1602, 119, 1179, 8, 0, 11),
('2017-08-16 18:59:37', 'I', 1603, 119, 1180, 8, 0, 11),
('2017-08-16 19:02:03', 'I', 1604, 119, 1181, 8, 0, 11),
('2017-08-16 19:02:54', 'I', 1605, 119, 1182, 8, 0, 11),
('2017-08-16 19:03:39', 'I', 1606, 119, 1183, 8, 0, 11),
('2017-08-16 19:10:07', 'I', 1607, 119, 1184, 8, 0, 11),
('2017-08-16 19:11:31', 'I', 1608, 119, 1185, 8, 0, 11),
('2017-08-16 19:12:34', 'I', 1609, 119, 1186, 8, 0, 11),
('2017-08-16 19:13:47', 'I', 1610, 119, 1187, 8, 0, 11),
('2017-08-16 19:14:51', 'I', 1611, 119, 1188, 8, 0, 11),
('2017-08-16 19:15:40', 'I', 1612, 119, 1189, 8, 0, 11),
('2017-08-16 19:16:37', 'I', 1613, 119, 1190, 8, 0, 11),
('2017-08-16 19:18:03', 'I', 1614, 119, 1191, 8, 0, 11),
('2017-08-16 19:18:51', 'I', 1615, 119, 1192, 8, 0, 11),
('2017-08-16 19:19:35', 'I', 1616, 119, 1193, 8, 0, 11),
('2017-08-16 19:20:42', 'I', 1617, 119, 1194, 8, 0, 11),
('2017-08-16 19:21:16', 'I', 1618, 119, 1195, 8, 0, 11),
('2017-08-16 19:21:52', 'I', 1619, 119, 1196, 8, 0, 11),
('2017-08-16 19:23:20', 'I', 1620, 119, 1197, 8, 0, 11),
('2017-08-16 19:23:58', 'I', 1621, 119, 1198, 8, 0, 11),
('2017-08-16 19:25:13', 'I', 1622, 119, 1199, 8, 0, 11),
('2017-08-16 19:26:00', 'I', 1623, 119, 1200, 8, 0, 11),
('2017-08-16 19:26:34', 'B', 1623, 119, 1200, 8, 0, 11),
('2017-08-16 19:26:41', 'B', 1623, 119, 1200, 8, 1, 11),
('2017-08-16 19:27:57', 'I', 1624, 119, 1201, 8, 0, 11),
('2017-08-16 19:28:50', 'I', 1625, 119, 1202, 8, 0, 11),
('2017-08-16 19:30:45', 'I', 1626, 120, 1203, 8, 0, 11),
('2017-08-16 19:31:14', 'I', 1627, 120, 1204, 8, 0, 11),
('2017-08-16 19:31:52', 'I', 1628, 120, 1205, 8, 0, 11),
('2017-08-16 19:32:37', 'I', 1629, 119, 1206, 8, 0, 11),
('2017-08-16 19:33:14', 'I', 1630, 119, 1207, 8, 0, 11),
('2017-08-16 19:34:02', 'I', 1631, 119, 1208, 8, 0, 11),
('2017-08-16 19:45:15', 'I', 1632, 119, 1209, 8, 0, 11),
('2017-08-16 20:02:11', 'I', 1633, 113, 1210, 8, 0, 11),
('2017-08-16 20:02:37', 'I', 1634, 113, 1211, 8, 0, 11),
('2017-08-16 20:03:16', 'I', 1635, 113, 1212, 8, 0, 11),
('2017-08-16 20:05:22', 'I', 1636, 85, 1213, 8, 0, 11),
('2017-08-16 21:24:25', 'I', 1637, 114, 1214, 8, 0, 11),
('2017-08-16 21:25:15', 'I', 1638, 114, 1215, 8, 0, 11),
('2017-08-16 21:26:13', 'I', 1639, 114, 1216, 8, 0, 11),
('2017-08-16 21:27:41', 'I', 1640, 114, 1217, 8, 0, 11),
('2017-08-16 21:28:21', 'I', 1641, 114, 1218, 8, 0, 11),
('2017-08-16 21:29:50', 'I', 1642, 114, 1219, 8, 0, 11),
('2017-08-16 21:31:45', 'I', 1643, 114, 1220, 8, 0, 11),
('2017-08-16 21:36:27', 'I', 1644, 120, 1221, 8, 0, 11),
('2017-08-16 21:37:42', 'I', 1645, 120, 1222, 8, 0, 11),
('2017-08-16 21:38:48', 'I', 1646, 120, 1223, 8, 0, 11),
('2017-08-16 21:39:13', 'I', 1647, 120, 1224, 8, 0, 11),
('2017-08-16 21:42:04', 'I', 1648, 85, 1225, 8, 0, 11),
('2017-08-16 21:42:54', 'I', 1649, 85, 1226, 8, 0, 11),
('2017-08-17 19:18:37', 'I', 1650, 121, 0, 8, 0, 11),
('2017-08-17 19:18:44', 'I', 1651, 121, 0, 3, 0, 11),
('2017-08-17 19:23:48', 'I', 1652, 122, 0, 3, 0, 11),
('2017-08-17 19:24:55', 'I', 1653, 122, 1227, 3, 0, 11),
('2017-08-17 19:25:36', 'I', 1654, 122, 1228, 3, 0, 11),
('2017-08-17 19:26:09', 'I', 1655, 122, 1229, 3, 0, 11),
('2017-08-17 19:27:41', 'I', 1656, 122, 1231, 3, 0, 11),
('2017-08-17 19:36:00', 'I', 1657, 114, 1232, 8, 0, 11),
('2017-08-17 19:38:08', 'I', 1658, 114, 1233, 8, 0, 11),
('2017-08-17 19:39:04', 'I', 1659, 114, 1234, 8, 0, 11),
('2017-08-17 19:40:25', 'I', 1660, 114, 1235, 8, 0, 11),
('2017-08-17 19:41:13', 'I', 1661, 114, 1236, 8, 0, 11),
('2017-08-17 19:41:45', 'I', 1662, 114, 1237, 8, 0, 11),
('2017-08-17 19:43:58', 'I', 1663, 114, 1238, 8, 0, 11),
('2017-08-17 19:47:45', 'I', 1664, 112, 1239, 8, 0, 11),
('2017-08-17 19:48:38', 'I', 1665, 112, 1240, 8, 0, 11),
('2017-08-17 19:49:34', 'I', 1666, 112, 1241, 8, 0, 11),
('2017-08-17 20:43:59', 'I', 1667, 112, 1242, 8, 0, 11),
('2017-08-17 20:46:42', 'I', 1668, 109, 1243, 7, 0, 11),
('2017-08-17 20:47:27', 'I', 1669, 109, 1244, 7, 0, 11),
('2017-08-17 20:57:18', 'I', 1670, 112, 1245, 8, 0, 11),
('2017-08-17 20:58:21', 'I', 1671, 112, 1246, 8, 0, 11),
('2017-08-18 18:22:25', 'I', 1672, 121, 1247, 8, 0, 11),
('2017-08-18 18:22:37', 'I', 1673, 121, 1247, 8, 0, 11),
('2017-08-18 18:22:47', 'B', 1672, 121, 1247, 8, 0, 11),
('2017-08-18 18:24:06', 'I', 1674, 121, 1248, 8, 0, 11),
('2017-08-18 18:25:08', 'I', 1675, 121, 1249, 8, 0, 11),
('2017-08-18 18:26:02', 'I', 1676, 121, 1250, 8, 0, 11),
('2017-08-18 18:26:59', 'I', 1677, 121, 1251, 8, 0, 11),
('2017-08-18 18:32:18', 'I', 1678, 121, 1252, 8, 0, 11),
('2017-08-18 18:33:58', 'I', 1679, 121, 1253, 8, 0, 11),
('2017-08-18 18:34:41', 'I', 1680, 121, 1254, 8, 0, 11),
('2017-08-18 18:35:31', 'I', 1681, 121, 1255, 8, 0, 11),
('2017-08-18 18:37:11', 'I', 1682, 121, 1256, 8, 0, 11),
('2017-08-18 18:39:33', 'I', 1683, 121, 1257, 8, 0, 11),
('2017-08-18 18:40:07', 'I', 1684, 121, 1258, 8, 0, 11),
('2017-08-18 18:41:39', 'I', 1685, 121, 1259, 8, 0, 11),
('2017-08-18 18:42:15', 'I', 1686, 121, 1260, 8, 0, 11),
('2017-08-18 18:42:48', 'I', 1687, 121, 1261, 8, 0, 11),
('2017-08-18 18:46:20', 'I', 1688, 121, 1262, 8, 0, 11),
('2017-08-18 18:47:14', 'I', 1689, 121, 1263, 8, 0, 11),
('2017-08-18 18:48:56', 'I', 1690, 121, 1264, 8, 0, 11),
('2017-08-18 18:50:58', 'I', 1691, 121, 1265, 8, 0, 11),
('2017-08-18 18:52:22', 'I', 1692, 121, 1266, 8, 0, 11),
('2017-08-18 18:52:53', 'I', 1693, 121, 1267, 8, 0, 11),
('2017-08-18 18:53:47', 'I', 1694, 121, 1268, 8, 0, 11),
('2017-08-18 18:54:34', 'I', 1695, 121, 1269, 3, 0, 11),
('2017-08-18 18:55:37', 'I', 1696, 121, 1268, 3, 0, 11),
('2017-08-18 18:55:41', 'B', 1694, 121, 1268, 8, 0, 11),
('2017-08-18 18:55:57', 'B', 1694, 121, 1268, 8, 1, 11),
('2017-08-18 18:56:02', 'B', 1694, 121, 1268, 8, 1, 11),
('2017-08-18 18:56:04', 'B', 1694, 121, 1268, 8, 1, 11),
('2017-08-18 18:56:19', 'B', 1694, 121, 1268, 8, 1, 11),
('2017-08-18 18:57:15', 'I', 1697, 121, 1270, 3, 0, 11),
('2017-08-18 18:59:31', 'I', 1698, 121, 1271, 8, 0, 11),
('2017-08-18 19:00:44', 'I', 1699, 121, 1272, 8, 0, 11),
('2017-08-18 19:02:13', 'I', 1700, 121, 1273, 8, 0, 11),
('2017-08-18 19:04:08', 'I', 1701, 121, 1274, 3, 0, 11),
('2017-08-18 19:04:36', 'I', 1702, 121, 1273, 3, 0, 11),
('2017-08-18 19:04:41', 'B', 1700, 121, 1273, 8, 0, 11),
('2017-08-18 19:04:46', 'B', 1700, 121, 1273, 8, 1, 11),
('2017-08-18 19:04:55', 'B', 1700, 121, 1273, 8, 1, 11),
('2017-08-18 19:05:00', 'B', 1700, 121, 1273, 8, 1, 11),
('2017-08-18 19:05:10', 'B', 1700, 121, 1273, 8, 1, 11),
('2017-08-18 19:08:56', 'I', 1703, 121, 1275, 8, 0, 11),
('2017-08-18 19:09:48', 'I', 1704, 121, 1276, 8, 0, 11),
('2017-08-18 19:10:37', 'I', 1705, 121, 1277, 8, 0, 11),
('2017-08-18 19:12:02', 'I', 1706, 121, 1278, 8, 0, 11),
('2017-08-18 19:14:26', 'I', 1707, 121, 1279, 8, 0, 11),
('2017-08-18 19:15:16', 'I', 1708, 121, 1280, 8, 0, 11),
('2017-08-18 19:16:31', 'I', 1709, 121, 1281, 8, 0, 11),
('2017-08-18 19:17:26', 'I', 1710, 121, 1282, 8, 0, 11),
('2017-08-18 19:18:32', 'I', 1711, 121, 1283, 8, 0, 11),
('2017-08-18 19:19:20', 'I', 1712, 121, 1284, 8, 0, 11),
('2017-09-09 14:02:11', 'I', 1713, 123, 0, 4, 0, 11),
('2017-09-09 14:03:09', 'I', 1714, 124, 0, 4, 0, 11),
('2017-09-10 15:09:44', 'I', 1725, 123, 1295, 4, 0, 11),
('2017-09-10 16:04:22', 'I', 1726, 125, 0, 1, 0, 11),
('2017-09-10 16:04:50', 'I', 1727, 125, 1296, 1, 0, 11),
('2017-09-12 18:57:25', 'I', 1728, 126, 0, 6, 0, 11),
('2017-09-12 18:58:17', 'I', 1729, 85, 911, 6, 0, 11),
('2017-09-16 13:22:01', 'B', 1728, 126, 0, 6, 0, 11),
('2017-09-16 13:22:48', 'I', 1730, 85, 0, 6, 0, 11),
('2017-09-16 13:23:17', 'I', 1731, 85, 0, 7, 0, 11),
('2017-09-16 13:23:58', 'I', 1732, 85, 911, 7, 0, 11);

-- --------------------------------------------------------

--
-- Estructura de tabla para la tabla `hmodelos`
--

CREATE TABLE IF NOT EXISTS `hmodelos` (
  `fecha` timestamp NOT NULL DEFAULT CURRENT_TIMESTAMP,
  `tipo` char(1) DEFAULT NULL,
  `mod_id` int(10) unsigned NOT NULL DEFAULT '0',
  `mar_id` int(10) unsigned NOT NULL DEFAULT '0',
  `mod_descripcion` text,
  `mod_estado` int(10) unsigned DEFAULT '0',
  `usu_id` int(10) DEFAULT NULL,
  PRIMARY KEY (`fecha`,`mod_id`)
) ENGINE=MyISAM DEFAULT CHARSET=latin1;

--
-- Volcado de datos para la tabla `hmodelos`
--

INSERT INTO `hmodelos` (`fecha`, `tipo`, `mod_id`, `mar_id`, `mod_descripcion`, `mod_estado`, `usu_id`) VALUES
('2017-06-27 19:20:42', 'I', 901, 82, 'AX 100 DELANTERO', 0, 11),
('2017-06-27 20:38:10', 'I', 902, 82, 'AX 100 TRASERO', 0, 11),
('2017-06-27 20:47:34', 'I', 903, 83, 'CG 125 TODAY DELANTERA', 0, 11),
('2017-06-28 19:02:01', 'I', 904, 83, 'CG 125 TODAY TRASERO', 0, 11),
('2017-06-28 19:45:18', 'I', 905, 83, 'NX 400 FALCON DELANTERO', 0, 11),
('2017-06-29 15:13:52', 'I', 906, 83, 'NX400 FALCON T1', 0, 11),
('2017-06-29 15:16:35', 'I', 907, 83, 'NX400 FALCON T2', 0, 11),
('2017-06-29 15:17:03', 'I', 908, 83, 'XR 250 DELANTERA', 0, 11),
('2017-06-29 15:17:52', 'I', 909, 83, 'XR 250DELANTERA TORNA', 0, 11),
('2017-06-29 15:18:42', 'I', 910, 84, 'YBR 125 TRASERO', 0, 11),
('2017-06-29 16:57:06', 'I', 911, 85, 'GENERICO', 0, 11),
('2017-06-29 17:40:50', 'I', 912, 86, 'HDMA048', 0, 11),
('2017-06-29 17:41:13', 'I', 913, 86, 'HDMA023', 0, 11),
('2017-06-29 17:41:48', 'I', 914, 86, 'HDMA040', 0, 11),
('2017-06-29 17:42:15', 'I', 915, 86, 'HDMA045', 0, 11),
('2017-06-29 17:43:29', 'I', 916, 87, 'HDMC019 6PR', 0, 11),
('2017-06-29 17:44:26', 'I', 917, 87, 'HDMB010 6PR', 0, 11),
('2017-06-29 17:44:55', 'I', 918, 88, 'F653', 0, 11),
('2017-06-29 17:45:24', 'I', 919, 88, 'F662', 0, 11),
('2017-06-29 17:45:49', 'I', 920, 88, 'F663', 0, 11),
('2017-06-29 17:46:23', 'I', 921, 88, 'F667', 0, 11),
('2017-06-29 17:46:47', 'I', 922, 88, 'F618', 0, 11),
('2017-06-29 18:33:08', 'I', 923, 89, 'DAYTONA TALLE M', 0, 11),
('2017-06-29 18:33:27', 'I', 924, 89, 'DAYTONA TALLE GGG/EG', 0, 11),
('2017-06-29 18:38:00', 'I', 925, 90, 'DJ002', 0, 11),
('2017-06-29 18:38:21', 'I', 926, 90, 'DJ001', 0, 11),
('2017-06-29 18:38:44', 'I', 927, 90, 'HUMO', 0, 11),
('2017-06-29 18:42:10', 'B', 926, 90, 'DJ001', 0, 11),
('2017-06-29 18:42:14', 'B', 926, 90, 'DJ001', 1, 11),
('2017-06-29 18:42:17', 'B', 925, 90, 'DJ002', 0, 11),
('2017-06-29 18:42:19', 'B', 925, 90, 'DJ002', 1, 11),
('2017-06-29 18:42:22', 'B', 927, 90, 'HUMO', 0, 11),
('2017-06-29 18:45:58', 'I', 928, 83, 'CB1 NSU', 0, 11),
('2017-06-29 18:46:30', 'I', 929, 83, 'CBX 250 TWISTER NSU', 0, 11),
('2017-06-29 18:47:10', 'I', 930, 82, 'DR250/GN250/DR350 BETA MH69', 0, 11),
('2017-06-29 18:47:50', 'I', 931, 82, 'DR 250/350/650 MH68', 0, 11),
('2017-06-29 18:48:31', 'I', 932, 84, 'FAZER 250/XTZ250 L1124', 0, 11),
('2017-06-29 18:49:04', 'I', 933, 83, 'CB250 TWISTER', 0, 11),
('2017-06-29 18:49:41', 'I', 934, 83, 'TITAN/CG 150 C1016', 0, 11),
('2017-06-29 18:50:14', 'I', 935, 83, 'BIZ CS1919', 0, 11),
('2017-06-29 18:51:14', 'I', 936, 83, 'TITAN CG150', 0, 11),
('2017-06-29 18:52:16', 'I', 937, 91, 'SKUA C/REJILLA', 0, 11),
('2017-06-29 18:52:41', 'I', 938, 84, 'YBR125', 0, 11),
('2017-06-30 16:17:58', 'I', 939, 92, 'B2', 0, 11),
('2017-06-30 16:18:13', 'I', 940, 93, 'S1', 0, 11),
('2017-06-30 16:18:31', 'I', 941, 94, 'A2', 0, 11),
('2017-06-30 16:18:46', 'I', 942, 95, 'GENERICO', 0, 11),
('2017-07-08 12:34:08', 'I', 943, 96, 'SHARK VC', 0, 11),
('2017-07-08 12:49:53', 'I', 944, 97, 'HAWK 600', 0, 11),
('2017-07-08 12:56:45', 'I', 945, 98, 'ROUSER 200 NS DE DION', 0, 11),
('2017-07-08 13:08:37', 'I', 946, 83, 'CB 250/VTR 250/CB 400/CUATRI ', 0, 11),
('2017-07-08 13:13:07', 'I', 947, 83, 'CB 250/ VTR 250 / CB 400 / CUARICICLO MH79', 0, 11),
('2017-07-08 13:16:28', 'I', 948, 84, '125/FZR250/TT600/PATAGONIA MH 67', 0, 11),
('2017-07-08 13:18:16', 'I', 949, 84, 'YBR 250 DE DION', 0, 11),
('2017-07-08 13:20:12', 'I', 950, 84, 'FAZER 250/XTZ250 L1124 MANN', 0, 11),
('2017-07-08 13:22:20', 'B', 950, 84, 'FAZER 250/XTZ250 L1124 MANN', 0, 11),
('2017-07-08 13:24:40', 'I', 951, 84, 'XS350/FZR400 GENESIS/FZ600 MH88', 0, 11),
('2017-07-08 13:27:43', 'I', 952, 85, 'KAWA454/VULCAN-HONDA 400/1100 MWB810 M', 0, 11),
('2017-07-08 13:29:09', 'I', 953, 100, '850/1200 C1530/1 MANN', 0, 11),
('2017-07-08 13:32:21', 'I', 954, 101, 'SMASH 110CC DE DION', 0, 11),
('2017-07-08 13:34:32', 'I', 955, 83, 'FALCON 400 (BRASILERA)', 0, 11),
('2017-07-08 13:36:01', 'I', 956, 83, 'WAVE CS1818 MANN', 0, 11),
('2017-07-08 13:38:48', 'I', 957, 82, 'AX-100', 0, 11),
('2017-07-08 14:32:01', 'I', 958, 83, 'XR-NX-TRX-ATC NH53', 0, 11),
('2017-07-08 14:34:41', 'I', 959, 82, 'GN/GS 125', 0, 11),
('2017-07-08 14:36:25', 'I', 960, 84, 'FZ16/BAJAJ ROUSER 135CC', 0, 11),
('2017-07-08 14:40:20', 'I', 961, 98, 'ROUSER 150/180/200/220', 0, 11),
('2017-07-08 14:41:15', 'I', 962, 98, 'ROUSER 135-XCD125', 0, 11),
('2017-07-08 14:43:07', 'I', 963, 83, 'CG 125 TITAN 2000 BRASILERA', 0, 11),
('2017-07-08 14:45:27', 'I', 964, 83, 'STORM 125', 0, 11),
('2017-07-08 14:46:45', 'I', 965, 83, 'XLR125 BRASIL', 0, 11),
('2017-07-08 14:51:52', 'I', 966, 84, 'YBR 250/XTZ250/YS250', 0, 11),
('2017-07-08 15:14:51', 'I', 967, 98, 'ROUSER 180/200 X JUEGO', 0, 11),
('2017-08-08 18:43:36', 'I', 968, 84, 'GENERICO', 0, 11),
('2017-08-08 18:51:01', 'I', 969, 102, 'GENERICO', 0, 11),
('2017-08-08 19:27:13', 'I', 970, 103, 'BM6A', 0, 11),
('2017-08-08 19:29:43', 'U', 970, 103, 'BM6A', 0, 11),
('2017-08-08 19:36:52', 'I', 971, 103, 'BP5HS', 0, 11),
('2017-08-08 19:37:26', 'I', 972, 103, 'C7HSA', 0, 11),
('2017-08-08 19:38:41', 'I', 973, 103, 'CPR8EA-9', 0, 11),
('2017-08-08 19:40:02', 'I', 974, 103, 'D8EA', 0, 11),
('2017-08-08 19:40:40', 'I', 975, 103, 'CR8E', 0, 11),
('2017-08-08 19:46:44', 'U', 968, 84, 'GENERICO', 0, 11),
('2017-08-08 19:46:55', 'U', 968, 84, 'YAMALUB SEMI 10W40', 0, 11),
('2017-08-08 20:27:53', 'I', 976, 84, 'YAMALUBE 20W40 MINERAL', 0, 11),
('2017-08-08 20:31:30', 'I', 977, 104, 'JFA-0M01 FILTRO AIRE FZ16', 0, 11),
('2017-08-08 20:32:13', 'I', 978, 104, 'WR-002 FILTRO AIRE TWISTER 250', 0, 11),
('2017-08-08 20:33:40', 'I', 979, 104, 'JFA-0M01 FILTRO AIRE YBR 125', 0, 11),
('2017-08-08 20:34:23', 'U', 977, 104, 'JFA-0M01 FILTRO AIRE FZ16', 0, 11),
('2017-08-08 20:37:24', 'I', 980, 104, 'JFA-0M01 FILTRO AIRE YBR 125', 0, 11),
('2017-08-08 20:39:04', 'I', 981, 104, 'JFO-0019 FILTRO ACEITE FZ 16 / ROUSER 135', 0, 11),
('2017-08-08 20:42:20', 'I', 982, 105, 'LINGA GRIS 20X120MM ACERO TRENZADO', 0, 11),
('2017-08-08 20:44:07', 'I', 983, 105, 'LINGA GRIS 24X120 CABLE ACERO TRENZADO', 0, 11),
('2017-08-08 20:44:49', 'U', 983, 105, 'LINGA GRIS 24X120 CABLE ACERO TRENZADO', 0, 11),
('2017-08-08 20:46:47', 'U', 983, 105, 'LINGA GRIS 24X120 ACERO TRENZADO', 0, 11),
('2017-08-08 20:47:11', 'U', 983, 105, 'LINGA GRIS 24X120 SECCIONES DE ACERO ', 0, 11),
('2017-08-08 20:49:36', 'I', 984, 105, 'LINGA GRIS 24X120 SECCIONES DE ACERO ', 0, 11),
('2017-08-09 17:38:18', 'I', 985, 106, 'KIT CORONA / PIÑON 43-14 CAD 428 CG125 TODAY', 0, 11),
('2017-08-09 17:46:57', 'I', 986, 106, 'KIT CORONA / PIÑON 44-14 CAD 428 CG125 TITAN 2000', 0, 11),
('2017-08-09 17:52:21', 'I', 987, 106, 'KIT CORONA / PIÑON 43-14 CAD 428 CG125 TODAY', 0, 11),
('2017-08-09 17:54:00', 'B', 985, 106, 'KIT CORONA / PIÑON 43-14 CAD 428 CG125 TODAY', 0, 11),
('2017-08-09 18:03:20', 'I', 988, 106, 'KIT CORONA / PIÑON 36-15 CAD 428 HONDA WAVE ', 0, 11),
('2017-08-09 18:06:53', 'I', 989, 0, 'KIT CORONA / PIÑON 38-15 CAD 428 ZANELLA RX 150', 0, 11),
('2017-08-09 18:08:48', 'I', 990, 0, 'KIT CORONA / PIÑON 38-15 CAD 428 ZANELLA RX 150', 0, 11),
('2017-08-09 18:12:49', 'I', 991, 106, 'KIT CORONA / PIÑON 38-15 CAD 428 ZANELLA RX 150', 0, 11),
('2017-08-09 18:21:28', 'I', 992, 106, 'KIT CORONA / PIÑON 40-15 CAD 428 HONDA CG 150', 0, 11),
('2017-08-09 18:22:19', 'U', 992, 106, 'KIT CORONA / PIÑON 40-15 CAD 428 HONDA CG 150', 0, 11),
('2017-08-09 18:25:27', 'I', 993, 106, 'KIT CORONA / PIÑON 43-16 CAD 428 HONDA CG 150', 0, 11),
('2017-08-09 18:26:55', 'I', 994, 106, 'KIT CORONA / PIÑON 37-15 CAD 428 YAMAHA CRYPTON', 0, 11),
('2017-08-09 18:28:21', 'I', 995, 106, 'KIT CORONA / PIÑON 43-14 CAD 428 YAMAHA YBR125', 0, 11),
('2017-08-09 18:29:45', 'I', 996, 106, 'KIT CORONA / PIÑON 50-15 CAD 428 MOTOMEL DAKAR 200', 0, 11),
('2017-08-09 18:31:07', 'I', 997, 106, 'KIT CORONA / PIÑON 50-15 CAD 428 HONDA XLR 125', 0, 11),
('2017-08-09 18:33:07', 'I', 998, 106, 'KIT CORONA / PIÑON 38-13 CAD 428 HONDA XR250 TORNADO', 0, 11),
('2017-08-09 18:33:54', 'I', 999, 106, 'KIT CORONA / PIÑON 36-15 CAD 428 GUERRERO TRIP 110', 0, 11),
('2017-08-09 18:35:17', 'I', 1000, 106, 'KIT CORONA / PIÑON 44-15 CAD 428 HONDA CB1 125', 0, 11),
('2017-08-09 18:36:07', 'U', 998, 106, 'KIT CORONA / PIÑON 38-13 CAD 428 HONDA XR250 TORNADO', 0, 11),
('2017-08-09 18:37:16', 'I', 1001, 106, 'KIT CORONA / PIÑON 40-14 CAD 428 YAMAHA FZ 16', 0, 11),
('2017-08-09 18:38:24', 'I', 1002, 106, 'KIT CORONA / PIÑON 37-14 CAD 420 HONDA NEW WAVE 110', 0, 11),
('2017-08-09 18:56:11', 'I', 1003, 98, 'FILTRO AIRE ORIG. ROUSER R220', 0, 11),
('2017-08-09 18:56:44', 'I', 1004, 98, 'FILTRO AIRE ORIG. ROUSER R135', 0, 11),
('2017-08-09 18:59:12', 'I', 1005, 98, 'FILTRO AIRE ORIG. ROUSER R200', 0, 11),
('2017-08-09 18:59:41', 'U', 1005, 98, 'FILTRO AIRE ORIG. ROUSER R200', 0, 11),
('2017-08-09 19:00:11', 'I', 1006, 98, 'FILTRO AIRE ORIG. AVENGAR 220', 0, 11),
('2017-08-09 19:02:02', 'I', 1007, 98, 'FILTRO AIRE ORIG. ROUSER AS-NS150', 0, 11),
('2017-08-09 19:04:52', 'I', 1008, 104, 'JFO-0014 FILTRO ACEITE HONDA XR/ CUATRI', 0, 11),
('2017-08-09 19:07:05', 'I', 1009, 104, 'FILTRO ACEITE H. CBR 600/XRV750/GL1500 YAM FZR600/750/100', 0, 11),
('2017-08-09 19:09:57', 'I', 1010, 107, 'FILTRO NAFTA WK21 MOTOS HASTA 150', 0, 11),
('2017-08-09 19:11:16', 'I', 1011, 107, 'FILTRO NAFTA WK31/2 MOTOS MAYORES A 150', 0, 11),
('2017-08-09 19:12:55', 'I', 1012, 98, 'GOMA ACOPLE CARBU. ORIG ROUSER135', 0, 11),
('2017-08-09 19:14:00', 'I', 1013, 98, 'GOMA ACOPLE CARBU. ORIG ROUSER180', 0, 11),
('2017-08-09 19:14:50', 'I', 1014, 98, 'GOMA ACOPLE CARBU. ORIG ROUSER AS/NS200', 0, 11),
('2017-08-09 19:15:38', 'I', 1015, 98, 'GOMA ACOPLE FILTRO AIRE ROUSER 135', 0, 11),
('2017-08-09 19:16:16', 'I', 1016, 98, 'GOMA ACOPLE FILTRO AIRE ROUSER 220', 0, 11),
('2017-08-09 19:17:22', 'I', 1017, 98, 'GOMA ACOPLE CARBU. ORIG ROUSER 180UG4', 0, 11),
('2017-08-09 20:29:33', 'I', 1018, 108, 'MANCHON CG 150 (4 UN.)', 0, 11),
('2017-08-09 20:30:30', 'I', 1019, 108, 'MANCHON YAMAHA YBR-FZ 16', 0, 11),
('2017-08-09 20:31:23', 'I', 1020, 0, 'MANCHON BAJAJ PULSAR SILICONADA ', 0, 11),
('2017-08-09 20:31:58', 'I', 1021, 108, 'MANCHON BAJAJ PULSAR 200 SILICONADA', 0, 11),
('2017-08-09 20:33:46', 'I', 1022, 108, 'MANCHON BAJAJ ROUSER 220 SILICONADA', 0, 11),
('2017-08-09 20:35:37', 'U', 1019, 108, 'MANCHON YAMAHA YBR-FZ 16', 0, 11),
('2017-08-09 20:36:28', 'I', 1023, 108, 'MANCHON YAMAHA YBR125-FZ 16', 0, 11),
('2017-08-09 20:38:44', 'I', 1024, 85, 'BIDON DE COMBUSTIBLE APILABLE ANTIESTATICO (ROJO)', 0, 11),
('2017-08-09 20:39:26', 'I', 1025, 85, 'BIDON DE COMBUSTIBLE 10L APILABLE ANTIESTATICO (AMARILLO)', 0, 11),
('2017-08-09 20:39:45', 'U', 1024, 85, 'BIDON DE COMBUSTIBLE APILABLE ANTIESTATICO (ROJO)', 0, 11),
('2017-08-09 20:40:33', 'I', 1026, 85, 'PALANCA CORTA PARA DESMONTAR CUBIERTAS ', 0, 11),
('2017-08-09 20:51:22', 'U', 1006, 98, 'FILTRO AIRE ORIG. AVENGAR 220', 0, 11),
('2017-08-09 21:33:00', 'I', 1027, 85, 'BIDON  DE COMBUSTIBLE PROFESIONAL 20L', 0, 11),
('2017-08-10 19:59:46', 'I', 1028, 112, 'BAUL SH26 C/SOPORTE 26 LITROS', 0, 11),
('2017-08-10 20:00:35', 'I', 1029, 112, 'BAUL SH29 C/BASE 29 LITROS', 0, 11),
('2017-08-10 20:06:25', 'I', 1030, 112, 'BAUL SH33 C/SOPORTE 33 LITROS', 0, 11),
('2017-08-10 20:07:14', 'I', 1031, 112, 'BAUL SH34 C/SOPORTE 34 LITROS', 0, 11),
('2017-08-10 20:08:23', 'I', 1032, 112, 'BAUL SH37 C/SOPORTE 37 LITROS NEGRO', 0, 11),
('2017-08-10 20:09:06', 'U', 1031, 112, 'BAUL SH34 C/SOPORTE 34 LITROS', 0, 11),
('2017-08-10 20:11:40', 'U', 1029, 112, 'BAUL SH29 C/BASE 29 LITROS', 0, 11),
('2017-08-10 20:14:48', 'I', 1033, 112, 'BAUL SH39 C/SOPORTE 39 LITROS  CARBONO', 0, 11),
('2017-08-10 20:16:19', 'I', 1034, 112, 'BAUL SH40 C/SOPORTE REJILLA CARGO  ', 0, 11),
('2017-08-10 20:17:07', 'I', 1035, 112, 'BAUL SH45 C/SOPORTE 45 LITROS', 0, 11),
('2017-08-10 20:17:32', 'U', 1034, 112, 'BAUL SH40 C/SOPORTE REJILLA CARGO  ', 0, 11),
('2017-08-10 20:17:38', 'U', 1034, 112, 'BAUL SH40 C/SOPORTE 45 LITRO C/ REJILLA CARGO  ', 0, 11),
('2017-08-10 20:19:17', 'I', 1036, 112, 'BAUL SH48 C/SOPORTE TITANIO CARBONO', 0, 11),
('2017-08-10 20:21:22', 'I', 1037, 112, 'BAUL SH58 C/SOPORTE CARBONO ', 0, 11),
('2017-08-10 20:24:30', 'I', 1038, 112, 'ALFOLRJAS SEMIRRIGIDAS LATERALES ', 0, 11),
('2017-08-10 20:32:59', 'U', 1034, 112, 'BAUL SH40 C/SOPORTE 45 LITRO C/ REJILLA CARGO  ', 0, 11),
('2017-08-10 20:45:43', 'I', 1039, 112, 'MANOS LIBRES CASCO BT/PHONE/GPS/MUSIC', 0, 11),
('2017-08-10 20:46:33', 'I', 1040, 0, 'MANOS LIBRES CASCO BT/PHONE/GPS/MUSIC/INTERCOM CASCO', 0, 11),
('2017-08-10 20:47:44', 'I', 1041, 112, 'MANOS LIBRES CASCO BT/PHONE/GPS/MUSIC/INTERCOM CASCO', 0, 11),
('2017-08-10 20:49:05', 'I', 1042, 112, 'PORTA SMARTPHONE 4.3 RETROVISOR ', 0, 11),
('2017-08-10 20:49:53', 'I', 1043, 112, 'PORTA SMARTPHONE 5.5 MANILLAR', 0, 11),
('2017-08-10 20:52:44', 'I', 1044, 112, 'CARGADOR USB 12V 100-240V ', 0, 11),
('2017-08-10 20:54:26', 'I', 1045, 112, 'KIT ALF. SEMIRRIDA KTM DUKE (TODAS)', 0, 11),
('2017-08-10 20:55:54', 'U', 1044, 112, 'CARGADOR USB 12V 100-240V ', 0, 11),
('2017-08-10 20:56:37', 'I', 1046, 112, 'KIT CARGADOR USB  P/MOTO', 0, 11),
('2017-08-10 20:58:06', 'I', 1047, 112, 'KIT ALF. SEMIRRIGIDAS YAMAHA MT-09 TRACER 15', 0, 11),
('2017-08-10 20:59:47', 'I', 1048, 112, 'KIT TOP HONDA NC700 / INTEGRA 700', 0, 11),
('2017-08-10 21:00:49', 'I', 1049, 112, 'KIT TOP BENELLI BN 251 (2015)', 0, 11),
('2017-08-10 21:01:54', 'I', 1050, 112, 'KIT TOP BENELLI TNT3 15/15', 0, 11),
('2017-08-10 21:02:43', 'I', 1051, 112, 'KIT TOP HONDA AFRICA TWIN', 0, 11),
('2017-08-10 21:03:29', 'I', 1052, 112, 'KIT HONDA PCX 125  10', 0, 11),
('2017-08-10 21:05:09', 'I', 1053, 112, 'KIT TOP KAWASAKI VERSYS 650  (2010)', 0, 11),
('2017-08-10 21:06:21', 'I', 1054, 112, 'KIT TOP KTM DUKE 150/200/390  (2014)', 0, 11),
('2017-08-10 21:07:23', 'I', 1055, 112, 'KIT TOP BAJAJ NS200 (2012-2014)', 0, 11),
('2017-08-10 21:08:50', 'I', 1056, 112, 'KIT TOP SUZUKI INAZUMA 250 (2013)', 0, 11),
('2017-08-10 21:09:53', 'I', 1057, 112, 'KIT TOP SUZUKI VSTROM 650 (2012)', 0, 11),
('2017-08-10 21:11:46', 'I', 1058, 112, 'KIT TOP SYM  CITY COM 125I/300I (2011-2014)', 0, 11),
('2017-08-10 21:13:45', 'I', 1059, 112, 'KIT TOP YAMAHA FZ 2.0 (2016)', 0, 11),
('2017-08-10 21:15:07', 'I', 1060, 112, 'KIT TOP YAMAHA FZ 16 (2013)', 0, 11),
('2017-08-10 21:15:50', 'I', 1061, 112, 'KIT TOP YAMAHA MT-07 (2014)', 0, 11),
('2017-08-10 21:16:37', 'I', 1062, 112, 'KIT TOP YAMAHA MT-09 TRACER (2015)', 0, 11),
('2017-08-10 21:20:15', 'I', 1063, 112, 'RESPALDO BAUL NEGRO SH37/ SH40/ SH45', 0, 11),
('2017-08-10 21:20:44', 'I', 1064, 112, 'RESPALDO BAUL NEGRO SH39', 0, 11),
('2017-08-10 21:21:53', 'I', 1065, 112, 'RESPALDO BAUL NEGRO SH48', 0, 11),
('2017-08-10 21:22:42', 'I', 1066, 112, 'RESPALDO BAUL NEGRO SH58X/ SH59X', 0, 11),
('2017-08-10 21:24:21', 'I', 1067, 112, 'KIT TOP HONDA CB190R (2016)', 0, 11),
('2017-08-10 21:25:00', 'I', 1068, 112, 'KIT TOP YAMAHA MT-09 (2013)', 0, 11),
('2017-08-11 18:55:56', 'I', 1069, 116, 'NOLAN N40 GT CLASSIC N-COM TALLE L', 0, 11),
('2017-08-11 18:56:29', 'I', 1070, 116, 'NOLAN N40 GT CLASSIC N-COM TALLE M', 0, 11),
('2017-08-11 18:57:10', 'I', 1071, 116, 'NOLAN N40 GT CLASSIC N-COM TALLE XL', 0, 11),
('2017-08-11 19:00:51', 'I', 1072, 116, 'NOLAN N44 EVO SPECIAL N-COM TALLE L', 0, 11),
('2017-08-11 19:03:04', 'I', 1073, 116, 'NOLAN N44 EVO SPECIAL N-COM TALLE M', 0, 11),
('2017-08-11 19:04:13', 'I', 1074, 116, 'NOLAN N64 GEMINI REPLICA 068 TALLE M', 0, 11),
('2017-08-11 19:04:54', 'I', 1075, 116, 'NOLAN N64 GEMINI REPLICA 071 TALLE L', 0, 11),
('2017-08-11 19:05:45', 'I', 1076, 116, 'NOLAN N64 HEXAGON 088 TALLE L', 0, 11),
('2017-08-11 19:06:44', 'I', 1077, 116, 'NOLAN N64 HEXAGON 088 TALLE M', 0, 11),
('2017-08-11 19:08:12', 'I', 1078, 116, 'NOLAN N64 SMART 010 TALLE L ', 0, 11),
('2017-08-11 19:08:44', 'I', 1079, 116, 'NOLAN N64 SMART 010 TALLE M', 0, 11),
('2017-08-11 19:09:23', 'I', 1080, 116, 'NOLAN N64 SMART 010 TALLE S', 0, 11),
('2017-08-11 19:10:32', 'I', 1081, 116, 'NOLAN N87 ARKAD N-COM 040 TALLE L', 0, 11),
('2017-08-11 19:11:48', 'I', 1082, 116, 'NOLAN N87 ARKAD N-COM 040 TALLE XL', 0, 11),
('2017-08-11 19:19:41', 'I', 1083, 116, 'NOLAN N87 SPECIAL PLUS N-COM 009 TALLE L', 0, 11),
('2017-08-11 19:21:00', 'I', 1084, 116, 'NOLAN N87 SPECIAL PLUS N-COM 009 TALLE M', 0, 11),
('2017-08-11 19:23:04', 'I', 1085, 116, 'MECANISMO VISOR BLACK  N64', 0, 11),
('2017-08-11 19:24:26', 'I', 1086, 116, 'VISOR CLEAR N87 ', 0, 11),
('2017-08-11 19:26:07', 'I', 1087, 116, 'VISOR CLEAR SR N64/ N63/ N62/ G6.1', 0, 11),
('2017-08-11 19:27:08', 'I', 1088, 116, 'VISOR SMOKE NFR.SR N64/ N63/ N62/ G6.1', 0, 11),
('2017-08-11 19:45:48', 'I', 1089, 111, 'CAMARA R18 ME 2.75/18   3.25/18 TR4', 0, 11),
('2017-08-11 19:47:34', 'I', 1090, 111, 'CAMARA R21 MD TRAIL 2.75/21 A 90/90-21 TR4', 0, 11),
('2017-08-11 19:51:28', 'I', 1091, 111, 'PILOT ROAD 4 120/70 ZR17 53W F TL', 0, 11),
('2017-08-11 19:53:26', 'I', 1092, 111, 'PILOT STREET RADIAL 120/70 ZR17 58W F TL/TT', 0, 11),
('2017-08-11 19:53:50', 'U', 1091, 111, 'PILOT ROAD 4 120/70 ZR17 53W F TL', 0, 11),
('2017-08-11 19:55:25', 'I', 1093, 111, 'PILOT STREET RADIAL 150/60 R17 66H F TL/TT', 0, 11),
('2017-08-11 20:02:16', 'I', 1094, 111, 'PILOT ROAD 4 160/66 ZR17 73W R TL', 0, 11),
('2017-08-11 20:04:50', 'I', 1095, 111, 'PILOT ROAD 4 190/50 ZR17 73W R TL', 0, 11),
('2017-08-11 20:06:02', 'I', 1096, 111, 'PILOT POWER 3 190/55 ZR17 75W R TL', 0, 11),
('2017-08-11 20:07:20', 'I', 1097, 111, 'PILOT ROAD 4 190/55 ZR17 75W R TL', 0, 11),
('2017-08-11 20:08:39', 'I', 1098, 111, 'PILOT STREET 2.50/17 43P REINF TT', 0, 11),
('2017-08-11 20:09:43', 'I', 1099, 111, 'PILOT STREET 100/90-18 56P R TT', 0, 11),
('2017-08-11 20:12:18', 'I', 1100, 111, 'PILOT STREET RADIAL 110/70-17 54H F TL/TT', 0, 11),
('2017-08-11 20:13:16', 'I', 1101, 111, 'PILOT STREET 110/70-17 54S F TL/TT', 0, 11),
('2017-08-11 20:16:05', 'I', 1102, 111, 'SIRAC 110/80-18 58R TT', 0, 11),
('2017-08-11 20:17:22', 'I', 1103, 111, 'ANAKEE 3 F 110/80-19 M/C 59V TL/TT', 0, 11),
('2017-08-11 20:18:53', 'I', 1104, 111, 'SIRAC 110/90-17 RTT MCTT', 0, 11),
('2017-08-11 20:26:01', 'I', 1105, 111, 'SIRAC 120/80-18 62T ', 0, 11),
('2017-08-11 20:27:07', 'I', 1106, 111, 'PILOT STREET 130/70-17 62S TT/TL', 0, 11),
('2017-08-11 20:28:41', 'I', 1107, 111, 'SIRAC 130/80-17 65T M/C TL/TT', 0, 11),
('2017-08-11 20:30:49', 'I', 1108, 111, ' PILOT STREET 140/70-17 66S TL/TT', 0, 11),
('2017-08-11 20:32:01', 'I', 1109, 111, 'PILOT STREET RADIAL 140/70-17 56H R TL/TT', 0, 11),
('2017-08-11 20:37:35', 'I', 1110, 111, 'ANAKKE 3 150/70-R17 M/C 69V R TL/TT', 0, 11),
('2017-08-11 20:39:19', 'I', 1111, 111, 'CITY PRO 2.75/18 48S REINF  F TT', 0, 11),
('2017-08-11 20:41:27', 'I', 1112, 111, 'S83 3.50/10 59J REINF TL/TT', 0, 11),
('2017-08-11 20:43:17', 'I', 1113, 111, 'PILOT STREET 80/100-17 49L RIENF R TT', 0, 11),
('2017-08-11 20:44:21', 'I', 1114, 111, 'CITY PRO 90/90-18 57P REINF M/C TT', 0, 11),
('2017-08-11 20:45:09', 'I', 1115, 111, 'SIRAC 90/90-21 54T', 0, 11),
('2017-08-11 21:36:20', 'U', 1108, 111, ' PILOT STREET 140/70-17 66S TL/TT', 0, 11),
('2017-08-11 21:36:46', 'U', 1110, 111, 'ANAKKE 3 150/70-R17 M/C 69V R TL/TT', 0, 11),
('2017-08-11 21:37:13', 'U', 1111, 111, 'CITY PRO 2.75/18 48S REINF  F TT', 0, 11),
('2017-08-11 21:37:42', 'U', 1096, 111, 'PILOT POWER 3 190/55 ZR17 75W R TL', 0, 11),
('2017-08-11 21:38:12', 'U', 1091, 111, 'PILOT ROAD 4 120/70 ZR17 58W F TL', 0, 11),
('2017-08-11 21:39:30', 'U', 1100, 111, 'PILOT STREET RADIAL 110/70-17 54H F TL/TT', 0, 11),
('2017-08-11 21:39:52', 'U', 1112, 111, 'S83 3.50/10 59J REINF TL/TT', 0, 11),
('2017-08-11 21:40:26', 'U', 1102, 111, 'SIRAC 110/80-18 58R TT', 0, 11),
('2017-08-14 18:13:30', 'I', 1116, 117, 'CADENA DROOK 428H 118L DORADA', 0, 11),
('2017-08-14 18:16:39', 'I', 1117, 117, 'CADENA 428H 118L DORADA CON ORING', 0, 11),
('2017-08-14 18:17:48', 'I', 1118, 117, 'CADENA 428H 118L NEGRA', 0, 11),
('2017-08-14 18:18:33', 'I', 1119, 117, 'CADENA 520H 120L', 0, 11),
('2017-08-14 18:20:41', 'I', 1120, 117, 'CADENA 520H 120L DORADA CON ORING ', 0, 11),
('2017-08-14 18:23:18', 'I', 1121, 117, 'KIT XRE 300/ TORNADO/ P13- C39  CAD520H', 0, 11),
('2017-08-14 18:25:08', 'I', 1122, 117, 'KIT ROUSER NS/AS 200 P14-C39 520H', 0, 11),
('2017-08-14 18:26:59', 'I', 1123, 117, 'KIT SKUA 150/200 MOTOMEL P17-C45 428H', 0, 11),
('2017-08-14 18:28:28', 'I', 1124, 117, 'KIT TWISTER CBX 250  P13-C37 CAD 428H', 0, 11),
('2017-08-14 18:30:10', 'I', 1125, 117, 'KIT YBR250 FAZER P15-C44  CAD 520H', 0, 11),
('2017-08-14 18:31:20', 'I', 1126, 117, 'CADENA 520H 120L NEGRA', 0, 11),
('2017-08-14 18:32:03', 'I', 1127, 117, 'UNION DE CADENA 520H DORADA', 0, 11),
('2017-08-14 18:32:03', 'I', 1128, 117, 'UNION DE CADENA 520H DORADA', 0, 11),
('2017-08-14 18:32:56', 'I', 1129, 117, 'UNION DE CADENA 428 NEGRA', 0, 11),
('2017-08-14 18:35:00', 'I', 1130, 117, 'CAMARA BUTYL 2.50/2.75  R17', 0, 11),
('2017-08-14 18:35:51', 'I', 1131, 117, 'CAMARA BUTYL 2.75-18 90/90-18', 0, 11),
('2017-08-14 18:37:01', 'I', 1132, 117, 'CAMARA BUTYL 2.75/3.00  R21', 0, 11),
('2017-08-14 18:55:48', 'I', 1133, 117, 'CAMARA BUTYL 3.00/3.25/3.50 R10 ', 0, 11),
('2017-08-14 19:09:00', 'I', 1134, 117, 'CAMARA BUTYL 3.25/3.50 90/90 R18', 0, 11),
('2017-08-14 19:30:31', 'I', 1135, 117, 'CAMARA BUTYL 4.10-18 90/90-18 100/90-18', 0, 11),
('2017-08-14 19:38:15', 'I', 1136, 117, 'KIT BASIC CG150 TITAN P15-C43 428H 118', 0, 11),
('2017-08-14 19:40:35', 'I', 1137, 117, 'KIT BASIC RX 150 P15-C38 428H 118', 0, 11),
('2017-08-14 19:44:26', 'I', 1138, 117, 'KIT BASIC SMASH 110 C14-P36 428H118', 0, 11),
('2017-08-14 19:46:06', 'I', 1139, 117, 'KIT BASIC YBR125 C14-P45 428H116', 0, 11),
('2017-08-14 20:02:26', 'I', 1140, 117, 'KIT EN125 P14-C45 428H', 0, 11),
('2017-08-14 20:03:50', 'I', 1141, 117, 'KIT GN125 P14-C42 428H', 0, 11),
('2017-08-14 20:32:48', 'I', 1142, 117, 'KIT FZ16/SZRR150 P14-40  428H', 0, 11),
('2017-08-14 20:34:59', 'I', 1143, 117, 'KIT FZ', 0, 11),
('2017-08-14 20:41:34', 'U', 1143, 117, 'KIT FZ', 0, 11),
('2017-08-14 20:43:12', 'U', 1143, 117, 'KIT FZ16', 0, 11),
('2017-08-14 20:51:56', 'I', 1144, 85, 'CANDADO DE DISCO END740 ', 0, 11),
('2017-08-14 20:52:21', 'I', 1145, 85, 'CANDADO DE DISCO END830', 0, 11),
('2017-08-14 20:57:11', 'I', 1146, 118, 'FILTRO ACEITE KTM990 ADVENTURE 06-06 HF158', 0, 11),
('2017-08-14 20:58:10', 'I', 1147, 118, 'FILTRO ACEITE YAMAHA 250 YBR 07-15 HF141', 0, 11),
('2017-08-14 21:02:27', 'I', 1148, 109, 'FILTRO ACEITE KTM990 ADVENTURE 06-06 HF158 ', 0, 11),
('2017-08-14 21:02:56', 'I', 1149, 109, 'FILTRO ACEITE YAMAHA 250 YBR 07-15 HF141 ', 0, 11),
('2017-08-14 21:04:02', 'I', 1150, 109, 'FILTRO ACEITE YAMAHA FZ6 98-03', 0, 11),
('2017-08-14 21:07:10', 'I', 1151, 85, 'CANDADO ARTICULADO END775', 0, 11),
('2017-08-14 21:10:18', 'I', 1152, 109, 'FILTRO ACEITE BMW 650GS BICILINDRICA ', 0, 11),
('2017-08-14 21:10:58', 'I', 1153, 109, 'FILTRO ACEITE BMW F650/G650 GS DAKAR/SERTAO', 0, 11),
('2017-08-14 21:18:17', 'I', 1154, 109, 'FILTRO ACEITE BMW F800 GS 07-15', 0, 11),
('2017-08-14 21:24:44', 'I', 1155, 110, 'PASTILLA YBR125 FULL/ NEW CRYPTON', 0, 11),
('2017-08-14 21:26:16', 'I', 1156, 110, 'PASITLLA FZ16/ ROUSER 135-150-220-200', 0, 11),
('2017-08-14 21:27:16', 'I', 1157, 110, 'PASTILLA CG 125/CG 150', 0, 11),
('2017-08-14 21:28:51', 'I', 1158, 0, 'PASTILLA ROUSER 220F/200 HONDA CB500/ VT600 T', 0, 11),
('2017-08-14 21:29:50', 'I', 1159, 110, 'PASTILLA ROUSER 220F/200 HONDA CB500/ VT600 T', 0, 11),
('2017-08-14 21:30:31', 'I', 1160, 110, 'PASTILLA MOTOMEL/ZANELLA 110/150', 0, 11),
('2017-08-14 21:33:08', 'I', 1161, 110, 'ZAPATA BIZ/XL125', 0, 11),
('2017-08-14 21:34:01', 'I', 1162, 110, 'ZAPATA TITAN 2000/TWISTER /TORNADO', 0, 11),
('2017-08-16 18:27:04', 'I', 1163, 119, 'CASCO INTEG. 952 NEGRO MATE TALLE L', 0, 11),
('2017-08-16 18:28:11', 'I', 1164, 119, 'CASCO INTEG. 952 NEGRO MATE TALLE M', 0, 11),
('2017-08-16 18:28:35', 'I', 1165, 119, 'CASCO INTEG. 952 NEGRO MATE TALLE S', 0, 11),
('2017-08-16 18:29:14', 'I', 1166, 119, 'CASCO INTEG. 952 NEGRO MATE TALLE XL', 0, 11),
('2017-08-16 18:30:07', 'I', 1167, 119, 'CASCO INTEG. 952 NEGRO TALLE L', 0, 11),
('2017-08-16 18:30:33', 'I', 1168, 119, 'CASCO INTEG. 952 NEGRO TALLE M', 0, 11),
('2017-08-16 18:31:02', 'I', 1169, 119, 'CASCO INTEG. 952 NEGRO TALLE S', 0, 11),
('2017-08-16 18:31:44', 'I', 1170, 119, 'CASCO INTEG. 952 NEGRO TALLE XL', 0, 11),
('2017-08-16 18:33:06', 'I', 1171, 119, 'CASCO INTEG. 952 ISLA DE MAN ROJO/NEG ', 0, 11),
('2017-08-16 18:34:45', 'I', 1172, 119, 'CASCO INTEG. 952 ISLA DE MAN ROJO/NEG TALLE L', 0, 11),
('2017-08-16 18:35:07', 'U', 1171, 119, 'CASCO INTEG. 952 ISLA DE MAN ROJO/NEG ', 0, 11),
('2017-08-16 18:36:37', 'I', 1173, 119, 'CASCO INTEG. 952 ISLA DE MAN ROJO/NEG TALLE XL', 0, 11),
('2017-08-16 18:44:32', 'I', 1174, 119, 'CASCO INTEG. B67 NEGRO MATE TALLE L', 0, 11),
('2017-08-16 18:45:36', 'I', 1175, 119, 'CASCO INTEG B67 NEGRO MATE TALLE M', 0, 11),
('2017-08-16 18:48:30', 'I', 1176, 119, 'CASCO INTEG B67 NEGRO MATE TALLE XL ', 0, 11),
('2017-08-16 18:55:46', 'I', 1177, 119, 'CASCO INTEG B67 STEEL BLANCO/PLATE/ROJO TALLE XL', 0, 11),
('2017-08-16 18:56:42', 'I', 1178, 119, 'CASCO INTEG B67 STEEL BLANCO/PLATE/ROJO TALLE M', 0, 11),
('2017-08-16 18:58:26', 'I', 1179, 119, 'CASCO INTEG B67 STEEL BLANCO/PLATE/ROJO TALLE L', 0, 11),
('2017-08-16 18:59:30', 'I', 1180, 119, 'CASCO MX B30 CHALLENGER BLAN/ROJ/NEG TALLE M', 0, 11),
('2017-08-16 19:01:58', 'I', 1181, 119, 'CASCO MX B30 CHALLENGER BLAN/ROJ/NEG TALLE L', 0, 11),
('2017-08-16 19:02:45', 'I', 1182, 119, 'CASCO MX B30 CHALLENGER BLAN/ROJ/NEG TALLE S ', 0, 11),
('2017-08-16 19:03:25', 'I', 1183, 119, 'CASCO MX B30 CHALLENGER BLAN/ROJ/NEG TALLE XL', 0, 11),
('2017-08-16 19:10:03', 'I', 1184, 119, 'CASCO MX B30 CHALLENGER NEGRO MATE TALLE L', 0, 11),
('2017-08-16 19:11:26', 'I', 1185, 119, 'CASCO MX B30 CHALLENGER NEGRO MATE TALLE M', 0, 11),
('2017-08-16 19:12:30', 'I', 1186, 119, 'CASCO MX B30 CHALLENGER NEGRO MATE TALLE S', 0, 11),
('2017-08-16 19:13:43', 'I', 1187, 119, 'CASCO MX B30 CHALLENGER NEGRO MATE TALLE XL', 0, 11),
('2017-08-16 19:14:46', 'I', 1188, 119, 'CASCO MX B30 CHALLENGER NEGRO/NER/GRIS TALLE L', 0, 11),
('2017-08-16 19:15:36', 'I', 1189, 119, 'CASCO MX B30 CHALLENGER NEGRO/NAR/GRIS TALLE M', 0, 11),
('2017-08-16 19:16:19', 'I', 1190, 119, 'CASCO MX B30 CHALLENGER NEGRO/NAR/GRIS TALLE XL', 0, 11),
('2017-08-16 19:17:59', 'I', 1191, 119, 'CASCO REBAT 953 GRAF BLANCO/ROJ/NEGRO TALLE L', 0, 11),
('2017-08-16 19:18:46', 'I', 1192, 119, 'CASCO REBAT 953 GRAF BLANCO/ROJ/NEGRO TALLE XL', 0, 11),
('2017-08-16 19:19:31', 'I', 1193, 119, 'CASCO REBAT 953 GRAF BLANCO/ROJ/NEGRO TALLE M', 0, 11),
('2017-08-16 19:20:38', 'I', 1194, 119, 'CASCO REBAT 953 NEGRO TALLE L', 0, 11),
('2017-08-16 19:21:12', 'I', 1195, 119, 'CASCO REBAT 953 NEGRO TALLE M', 0, 11),
('2017-08-16 19:21:47', 'I', 1196, 119, 'CASCO REBAT 953 NEGRO TALLE XL', 0, 11),
('2017-08-16 19:23:15', 'I', 1197, 119, 'CASCO REBAT 953 NEGRO MATE TALLE L', 0, 11),
('2017-08-16 19:23:54', 'I', 1198, 119, 'CASCO REBAT 953 NEGRO MATE TALLE M', 0, 11),
('2017-08-16 19:25:10', 'I', 1199, 119, 'CASCO REBAT 953 TOURER NEGRO/ROJ/GRIS TALLE L', 0, 11),
('2017-08-16 19:25:56', 'I', 1200, 119, 'CASCO REBAT TOURER NEGRO/ROJ/GRIS M', 0, 11),
('2017-08-16 19:27:52', 'I', 1201, 119, 'CASCO REBAT 953 TOURER NEGRO/ROJ/GRIS TALLE M', 0, 11),
('2017-08-16 19:28:46', 'I', 1202, 119, 'CASCO REBAT 953 TOURER NEGRO/ROJ/GRIS TALLE XL', 0, 11),
('2017-08-16 19:30:22', 'I', 1203, 120, 'CASCO SJ FREEWAY CLASSIC T56', 0, 11),
('2017-08-16 19:31:10', 'I', 1204, 120, 'CASCO SJ FREEWAY CLASSIC T58', 0, 11),
('2017-08-16 19:31:48', 'I', 1205, 120, 'CASCO SJ FREEWAY CLASSIC T60', 0, 11),
('2017-08-16 19:32:32', 'I', 1206, 119, 'VISOR CRISTAL  BIEFFE 952', 0, 11),
('2017-08-16 19:33:05', 'I', 1207, 119, 'VISOR CRISTAL BIEFFE 953', 0, 11),
('2017-08-16 19:33:58', 'I', 1208, 119, 'VISOR FUME BIEFFE 953', 0, 11),
('2017-08-16 19:45:11', 'I', 1209, 119, 'CASCO INTEG B67 STEEL BLANCO/PLATE/ROJO TALLE XL ', 0, 11),
('2017-08-16 19:49:23', 'U', 1189, 119, 'CASCO MX B30 CHALLENGER NEGRO/NAR/GRIS TALLE M', 0, 11),
('2017-08-16 19:50:00', 'U', 1190, 119, 'CASCO MX B30 CHALLENGER NEGRO/NAR/GRIS TALLE XL', 0, 11),
('2017-08-16 19:50:32', 'U', 1188, 119, 'CASCO MX B30 CHALLENGER NEGRO/NER/GRIS TALLE L', 0, 11),
('2017-08-16 20:02:08', 'I', 1210, 113, 'SCALA RIDER Q1', 0, 11),
('2017-08-16 20:02:32', 'I', 1211, 113, 'SCALA RIDER Q1 TEAM SET ', 0, 11),
('2017-08-16 20:03:08', 'I', 1212, 113, 'SCALA RIDER Q3', 0, 11),
('2017-08-16 20:05:18', 'I', 1213, 85, 'PROTECTOR DE CARENADO BN302 NEGRO', 0, 11),
('2017-08-16 21:24:13', 'I', 1214, 114, 'CUPULA RACING KTM RC125- RC250- RC390 2014 AHUMADO', 0, 11),
('2017-08-16 21:25:11', 'I', 1215, 114, 'PARABRISAS TOURING MT03 (2016) NEGRO', 0, 11),
('2017-08-16 21:26:08', 'I', 1216, 114, 'PROTECTOR DE CARENADO  R12 YZF- R3 (2015) NEGRO', 0, 11),
('2017-08-16 21:27:37', 'I', 1217, 114, 'PARABRISAS SPORTE DUKE 120/200/390 (2011/14) AHUMADO', 0, 11),
('2017-08-16 21:28:14', 'I', 1218, 114, 'PARABRISAS SPORTE DUKE 120/200/390 (2011/14) NARANJA ', 0, 11),
('2017-08-16 21:29:43', 'I', 1219, 114, 'PARABRISAS TOURING MT03 (2016) NEGRO NAKED', 0, 11),
('2017-08-16 21:31:41', 'I', 1220, 114, 'CUPULA TOURING CBR1000L -AFRICA TWIN (2016)', 0, 11),
('2017-08-16 21:36:23', 'I', 1221, 120, 'CASCO URBAN INFINITY NEGRO/ROJ DOB VISOR T60', 0, 11),
('2017-08-16 21:37:38', 'I', 1222, 120, 'CASCO URBAN INFINITY NEGRO/ROJ DOB VISOR T52', 0, 11),
('2017-08-16 21:38:44', 'I', 1223, 120, 'CASCO SPIKE CLASSIC NEGRO T56', 0, 11),
('2017-08-16 21:39:08', 'I', 1224, 120, 'CASCO SPIKE CLASSIC NEGRO T58', 0, 11),
('2017-08-16 21:41:52', 'I', 1225, 85, 'ESPEJO MINI TITAN (2014)ADAP ', 0, 11),
('2017-08-16 21:42:50', 'I', 1226, 85, 'ESPEJO XRE300 NEGRO CONVEX ROSCA INVERSA', 0, 11),
('2017-08-17 19:24:48', 'I', 1227, 122, 'TRAJE DE LLUVIA NYLON C/C TALLE M', 0, 11),
('2017-08-17 19:25:32', 'I', 1228, 122, 'TRAJE DE LLUVIA NYLON C/C TALLE G (L)', 0, 11),
('2017-08-17 19:26:05', 'I', 1229, 122, 'TRAJE DE LLUVIA NYLON C/C TALLE GG (XL)', 0, 11),
('2017-08-17 19:27:10', 'I', 1230, 122, 'TR', 0, 11),
('2017-08-17 19:27:36', 'I', 1231, 122, 'TRAJE DE LLUVIA NYLON C/C TALLE EX (XXL)', 0, 11),
('2017-08-17 19:28:00', 'B', 1230, 122, 'TR', 0, 11),
('2017-08-17 19:35:56', 'I', 1232, 114, 'JUEGO VALVULAS 90` 11.3 S/CAMARA NEGRO ', 0, 11),
('2017-08-17 19:37:59', 'I', 1233, 114, 'JUEGO VALVULAS 90` 11.3 S/CAMARA NEGRO PLATEADO', 0, 11),
('2017-08-17 19:39:00', 'I', 1234, 114, 'JUEGO VALVULAS 90` 11.3 S/CAMARA ROJO', 0, 11),
('2017-08-17 19:40:21', 'I', 1235, 114, 'JUEGO VALVULAS 90` 8.3 S/CAMARA NEGRO ', 0, 11),
('2017-08-17 19:41:09', 'I', 1236, 114, 'JUEGO VALVULAS 90` 8.3 S/CAMARA PLATEADO', 0, 11),
('2017-08-17 19:41:39', 'I', 1237, 114, 'JUEGO VALVULAS 90` 8.3 S/CAMARA ROJO', 0, 11),
('2017-08-17 19:43:54', 'I', 1238, 114, 'JUEGO CUBREMANOS MT03 NEGRO MATE (2016)', 0, 11),
('2017-08-17 19:47:42', 'I', 1239, 112, 'ALFORJAS LATERALES 22/25LTS SB44', 0, 11),
('2017-08-17 19:48:34', 'I', 1240, 112, 'BOLSO MUSLO AJUST. 0.5LTS SB04', 0, 11),
('2017-08-17 19:49:30', 'I', 1241, 112, 'MOCHILA SOFTBAG STANDAR SB85', 0, 11),
('2017-08-17 20:43:55', 'I', 1242, 112, 'BOLSO S/TANQUE TOUCH PEQ 20/27 LTS (4U)', 0, 11),
('2017-08-17 20:46:37', 'I', 1243, 109, 'FILTRO ACEITE HONDA XR250 TORNADO/TWISTER/FALCON', 0, 11),
('2017-08-17 20:47:23', 'I', 1244, 109, 'FILTRO ACEITE KTM DUKE 200 /BAJAJ RS 200', 0, 11),
('2017-08-17 20:57:07', 'I', 1245, 112, 'KIT LIGHT SH26/29/33/34/37/48/49/50', 0, 11),
('2017-08-17 20:58:08', 'I', 1246, 112, 'KIT LIGHT SH39/40/42/45/46', 0, 11),
('2017-08-18 18:22:21', 'I', 1247, 121, '320 MONO GLOSS BLACK TALLE L', 0, 11),
('2017-08-18 18:24:00', 'I', 1248, 121, '320 MONO GLOSS BLACK TALLE L ', 0, 11),
('2017-08-18 18:24:25', 'U', 1248, 121, '320 MONO GLOSS BLACK TALLE L ', 0, 11),
('2017-08-18 18:24:51', 'I', 1249, 121, '320 LUNAR WHITE BLACK TALLE L', 0, 11),
('2017-08-18 18:25:52', 'I', 1250, 121, '390 BREAKER SPLIT TITAN YE L', 0, 11),
('2017-08-18 18:26:48', 'I', 1251, 121, 'BREAKER SPLIT TITAN YE M', 0, 11),
('2017-08-18 18:27:55', 'U', 1251, 121, 'BREAKER SPLIT TITAN YE M', 0, 11),
('2017-08-18 18:29:17', 'U', 1251, 121, '390 BREAKER SPLIT TITAN YE M', 0, 11),
('2017-08-18 18:30:17', 'U', 1251, 121, '352 SINGLE MONO MATT BLACK L', 0, 11),
('2017-08-18 18:32:13', 'I', 1252, 121, '390 BREAKER SPLIT TITAN YE M ', 0, 11),
('2017-08-18 18:33:53', 'I', 1253, 121, '352 SINGLE MONO MATT BLACK M', 0, 11),
('2017-08-18 18:34:25', 'I', 1254, 121, '352 SINGLE MONO MATT BLACK S', 0, 11),
('2017-08-18 18:35:19', 'I', 1255, 121, '352 SINGLE MONO MATT BLACK XL', 0, 11),
('2017-08-18 18:37:05', 'I', 1256, 121, '352 ATMOS GLOSS WHITE RED L', 0, 11),
('2017-08-18 18:38:08', 'U', 1256, 121, '352 ATMOS GLOSS WHITE RED L', 0, 11),
('2017-08-18 18:38:29', 'U', 1256, 121, '352 ATMOS GLOSS WHITE RED TALLE L', 0, 11),
('2017-08-18 18:39:29', 'I', 1257, 121, '352 ATMOS GLOSS WHITE RED TALLE L ', 0, 11),
('2017-08-18 18:40:02', 'I', 1258, 121, '352 ATMOS GLOSS WHITE RED TALLE XL', 0, 11),
('2017-08-18 18:41:34', 'I', 1259, 121, '352 FLUO BLACK HIVIS YELLOW L', 0, 11),
('2017-08-18 18:42:10', 'I', 1260, 121, '352 FLUO BLACK HIVIS YELLOW M', 0, 11),
('2017-08-18 18:42:45', 'I', 1261, 121, '352 FLUO BLACK HIVIS YELLOW XL', 0, 11),
('2017-08-18 18:46:15', 'I', 1262, 121, '561 WAVE MONO MATT BLACK L', 0, 11),
('2017-08-18 18:47:10', 'I', 1263, 121, '561 WAVE MONO MATT BLACK TALLE M', 0, 11),
('2017-08-18 18:47:39', 'U', 1262, 121, '561 WAVE MONO MATT BLACK L', 0, 11),
('2017-08-18 18:48:52', 'I', 1264, 121, '370 KURT MATT MILIT GREEN TALLE L', 0, 11),
('2017-08-18 18:50:54', 'I', 1265, 121, '583 KURT MATT MILIT GREEN TALLE L', 0, 11),
('2017-08-18 18:51:31', 'U', 1264, 121, '370 KURT MATT MILIT GREEN TALLE L', 0, 11),
('2017-08-18 18:52:18', 'I', 1266, 121, '370 EASY GLOSS BLACK L', 0, 11),
('2017-08-18 18:52:49', 'I', 1267, 121, '370 EASY GLOSS BLACK M', 0, 11),
('2017-08-18 18:53:41', 'I', 1268, 121, 'GUANTE CORTO SPEED L', 0, 11),
('2017-08-18 18:54:26', 'I', 1269, 121, 'GUANTE CORTO SPEED TALLE M', 0, 11),
('2017-08-18 18:54:56', 'U', 1268, 121, 'GUANTE CORTO SPEED L', 0, 11),
('2017-08-18 18:57:11', 'I', 1270, 121, 'GUANTE CORTO SPEED TALLE S', 0, 11),
('2017-08-18 18:59:24', 'I', 1271, 121, 'CUBRE MOCHILA REFLECTIVE ', 0, 11),
('2017-08-18 19:00:32', 'I', 1272, 121, 'CHALECO REFLECTIVE ', 0, 11),
('2017-08-18 19:02:02', 'I', 1273, 121, 'CAMPERA PU STORM NEGRO TALLE L', 0, 11),
('2017-08-18 19:04:03', 'I', 1274, 121, 'IMPERMEABLE NADOR NEGRO TALLE XL ', 0, 11),
('2017-08-18 19:08:51', 'I', 1275, 121, 'VISOR FF369/ 384/ 350 NEW TRASL ', 0, 11),
('2017-08-18 19:09:41', 'I', 1276, 121, 'VISOR 369/ 384/ 350 NEW OSCURO', 0, 11),
('2017-08-18 19:10:33', 'I', 1277, 121, '570 VERSO SOLID MATT BLACK TALLE L', 0, 11),
('2017-08-18 19:11:58', 'I', 1278, 121, '570 VERSO SOLID MATT BLACK TALLE M', 0, 11),
('2017-08-18 19:14:20', 'I', 1279, 121, 'VISOR  FF386/ 325/ 370 CLEAR', 0, 11),
('2017-08-18 19:15:11', 'I', 1280, 121, 'VISOR  FF386/ 325/ 370 OSCURO', 0, 11),
('2017-08-18 19:16:17', 'I', 1281, 121, 'SUJECION FF369/ 84/ 52/ OF552', 0, 11),
('2017-08-18 19:17:19', 'I', 1282, 121, 'TRABA CIRCULAR VISOR FF386/358', 0, 11),
('2017-08-18 19:18:28', 'I', 1283, 121, 'BAUL MAC 28L REFLECT ROJO ', 0, 11),
('2017-08-18 19:19:14', 'I', 1284, 121, 'BAUL MAC 51L REFLECT BLANCO ', 0, 11),
('2017-09-10 15:09:40', 'I', 1295, 123, 'MOTION Z', 0, 11),
('2017-09-10 16:04:47', 'I', 1296, 125, 'GENERICA', 0, 11);

-- --------------------------------------------------------

--
-- Estructura de tabla para la tabla `hmovimientos_stock`
--

CREATE TABLE IF NOT EXISTS `hmovimientos_stock` (
  `hfecha` timestamp NOT NULL DEFAULT CURRENT_TIMESTAMP,
  `tipo` char(1) DEFAULT NULL,
  `mov_id` int(10) unsigned NOT NULL DEFAULT '0',
  `suc_id` int(10) unsigned NOT NULL DEFAULT '0',
  `pro_id` int(10) unsigned NOT NULL DEFAULT '0',
  `tim_id` int(10) unsigned NOT NULL DEFAULT '0',
  `fecha` date DEFAULT NULL,
  `cantidad` int(10) unsigned DEFAULT NULL,
  `estado` int(10) unsigned DEFAULT '0',
  `observaciones` varchar(255) DEFAULT NULL,
  `ote_id` int(10) DEFAULT NULL,
  `trans_id` int(10) DEFAULT NULL,
  `encabezado_id` int(10) DEFAULT NULL,
  `remito` varchar(50) DEFAULT NULL,
  `usu_id` int(10) DEFAULT NULL,
  PRIMARY KEY (`hfecha`,`mov_id`)
) ENGINE=MyISAM DEFAULT CHARSET=latin1;

--
-- Volcado de datos para la tabla `hmovimientos_stock`
--

INSERT INTO `hmovimientos_stock` (`hfecha`, `tipo`, `mov_id`, `suc_id`, `pro_id`, `tim_id`, `fecha`, `cantidad`, `estado`, `observaciones`, `ote_id`, `trans_id`, `encabezado_id`, `remito`, `usu_id`) VALUES
('2017-06-27 20:23:07', 'I', 109722, 5, 1, 1, '2017-06-27', 2, 0, '', 0, 0, 1, '', 11),
('2017-06-27 20:40:00', 'I', 109723, 5, 2, 1, '2017-06-27', 2, 0, '', 0, 0, 2, 'FC 5108', 11),
('2017-06-27 20:43:43', 'I', 109724, 5, 1, 1, '2017-06-27', 34, 0, '', 0, 0, 3, 'FC 5108', 11),
('2017-06-27 20:43:43', 'I', 109725, 5, 2, 1, '2017-06-27', 34, 0, '', 0, 0, 3, 'FC 5108', 11),
('2017-06-27 20:49:29', 'I', 109726, 5, 3, 1, '2017-06-27', 36, 0, '', 0, 0, 4, 'FC 5108', 11),
('2017-06-27 20:55:26', 'I', 109727, 5, 3, 1, '2017-06-27', 36, 0, '', 0, 0, 5, 'FC 5108', 11),
('2017-06-28 19:03:13', 'I', 109728, 5, 4, 1, '2017-06-28', 36, 0, '', 0, 0, 6, 'fc 5108', 11),
('2017-06-28 19:47:34', 'I', 8, 5, 5, 1, '2017-06-28', 36, 0, '', 0, 0, 7, 'FC 5108', 11),
('2017-06-29 16:50:11', 'I', 9, 5, 6, 1, '2017-06-29', 36, 0, '', 0, 0, 8, 'fc 5108', 11),
('2017-06-29 16:50:11', 'I', 10, 5, 7, 1, '2017-06-29', 36, 0, '', 0, 0, 8, 'fc 5108', 11),
('2017-06-29 16:50:11', 'I', 11, 5, 8, 1, '2017-06-29', 36, 0, '', 0, 0, 8, 'fc 5108', 11),
('2017-06-29 16:50:11', 'I', 12, 5, 9, 1, '2017-06-29', 36, 0, '', 0, 0, 8, 'fc 5108', 11),
('2017-06-29 16:50:11', 'I', 13, 5, 10, 1, '2017-06-29', 36, 0, '', 0, 0, 8, 'fc 5108', 11),
('2017-06-29 17:13:19', 'I', 14, 5, 11, 1, '2017-06-29', 3600, 0, '15, 160, 165, 190, 195, 160, 165, 170,190,195 MILIMETROS', 0, 0, 9, 'fc 5107', 11),
('2017-06-29 17:25:36', 'I', 15, 5, 12, 1, '2017-06-29', 5, 0, '', 0, 0, 10, 'fc 5107', 11),
('2017-06-29 17:25:36', 'I', 16, 5, 13, 1, '2017-06-29', 5, 0, '', 0, 0, 10, 'fc 5107', 11),
('2017-06-29 17:25:36', 'I', 17, 5, 14, 1, '2017-06-29', 5, 0, '', 0, 0, 10, 'fc 5107', 11),
('2017-06-29 17:25:36', 'I', 18, 5, 15, 1, '2017-06-29', 5, 0, '', 0, 0, 10, 'fc 5107', 11),
('2017-06-29 17:25:36', 'I', 19, 5, 16, 1, '2017-06-29', 5, 0, '', 0, 0, 10, 'fc 5107', 11),
('2017-06-29 17:25:36', 'I', 20, 5, 17, 1, '2017-06-29', 5, 0, '', 0, 0, 10, 'fc 5107', 11),
('2017-06-29 17:25:36', 'I', 21, 5, 18, 1, '2017-06-29', 5, 0, '', 0, 0, 10, 'fc 5107', 11),
('2017-06-29 17:25:36', 'I', 22, 5, 19, 1, '2017-06-29', 5, 0, '', 0, 0, 10, 'fc 5107', 11),
('2017-06-29 17:25:36', 'I', 23, 5, 20, 1, '2017-06-29', 5, 0, '', 0, 0, 10, 'fc 5107', 11),
('2017-06-29 17:25:36', 'I', 24, 5, 21, 1, '2017-06-29', 5, 0, '', 0, 0, 10, 'fc 5107', 11),
('2017-06-29 17:25:36', 'I', 25, 5, 22, 1, '2017-06-29', 5, 0, '', 0, 0, 10, 'fc 5107', 11),
('2017-06-29 17:25:36', 'I', 26, 5, 23, 1, '2017-06-29', 5, 0, '', 0, 0, 10, 'fc 5107', 11),
('2017-06-29 17:25:36', 'I', 27, 5, 24, 1, '2017-06-29', 5, 0, '', 0, 0, 10, 'fc 5107', 11),
('2017-06-29 17:25:36', 'I', 28, 5, 25, 1, '2017-06-29', 5, 0, '', 0, 0, 10, 'fc 5107', 11),
('2017-06-29 17:25:36', 'I', 29, 5, 26, 1, '2017-06-29', 5, 0, '', 0, 0, 10, 'fc 5107', 11),
('2017-06-29 18:20:48', 'I', 30, 5, 27, 1, '2017-06-29', 4, 0, '', 0, 0, 11, 'FC 0101-00173852', 11),
('2017-06-29 18:20:48', 'I', 31, 5, 28, 1, '2017-06-29', 4, 0, '', 0, 0, 11, 'FC 0101-00173852', 11),
('2017-06-29 18:20:48', 'I', 32, 5, 29, 1, '2017-06-29', 4, 0, '', 0, 0, 11, 'FC 0101-00173852', 11),
('2017-06-29 18:20:48', 'I', 33, 5, 30, 1, '2017-06-29', 4, 0, '', 0, 0, 11, 'FC 0101-00173852', 11),
('2017-06-29 18:20:48', 'I', 34, 5, 31, 1, '2017-06-29', 4, 0, '', 0, 0, 11, 'FC 0101-00173852', 11),
('2017-06-29 18:20:48', 'I', 35, 5, 32, 1, '2017-06-29', 4, 0, '', 0, 0, 11, 'FC 0101-00173852', 11),
('2017-06-29 18:20:48', 'I', 36, 5, 33, 1, '2017-06-29', 4, 0, '', 0, 0, 11, 'FC 0101-00173852', 11),
('2017-06-29 18:20:48', 'I', 37, 5, 34, 1, '2017-06-29', 4, 0, '', 0, 0, 11, 'FC 0101-00173852', 11),
('2017-06-29 18:20:48', 'I', 38, 5, 35, 1, '2017-06-29', 4, 0, '', 0, 0, 11, 'FC 0101-00173852', 11),
('2017-06-29 18:20:48', 'I', 39, 5, 36, 1, '2017-06-29', 4, 0, '', 0, 0, 11, 'FC 0101-00173852', 11),
('2017-06-29 18:20:49', 'I', 40, 5, 37, 1, '2017-06-29', 4, 0, '', 0, 0, 11, 'FC 0101-00173852', 11),
('2017-06-29 18:20:49', 'I', 41, 5, 38, 1, '2017-06-29', 4, 0, '', 0, 0, 11, 'FC 0101-00173852', 11),
('2017-06-29 18:20:49', 'I', 42, 5, 39, 1, '2017-06-29', 10, 0, '', 0, 0, 11, 'FC 0101-00173852', 11),
('2017-06-29 18:29:17', 'I', 43, 5, 40, 1, '2017-06-29', 4, 0, '', 0, 0, 12, 'FC 0101-00173853', 11),
('2017-06-29 19:39:01', 'I', 44, 5, 41, 1, '2017-06-29', 1, 0, '', 0, 0, 13, 'fc 0101-00173853', 11),
('2017-06-29 19:39:01', 'I', 45, 5, 42, 1, '2017-06-29', 1, 0, '', 0, 0, 13, 'fc 0101-00173853', 11),
('2017-06-29 19:39:01', 'I', 46, 5, 43, 1, '2017-06-29', 1, 0, '', 0, 0, 13, 'fc 0101-00173853', 11),
('2017-06-29 19:39:01', 'I', 47, 5, 44, 1, '2017-06-29', 2, 0, '', 0, 0, 13, 'fc 0101-00173853', 11),
('2017-06-29 19:39:01', 'I', 48, 5, 45, 1, '2017-06-29', 2, 0, '', 0, 0, 13, 'fc 0101-00173853', 11),
('2017-06-29 19:39:01', 'I', 49, 5, 46, 1, '2017-06-29', 2, 0, '', 0, 0, 13, 'fc 0101-00173853', 11),
('2017-06-29 19:39:01', 'I', 50, 5, 47, 1, '2017-06-29', 2, 0, '', 0, 0, 13, 'fc 0101-00173853', 11),
('2017-06-29 19:39:01', 'I', 51, 5, 48, 1, '2017-06-29', 2, 0, '', 0, 0, 13, 'fc 0101-00173853', 11),
('2017-06-29 19:39:01', 'I', 52, 5, 49, 1, '2017-06-29', 1, 0, '', 0, 0, 13, 'fc 0101-00173853', 11),
('2017-06-29 19:39:01', 'I', 53, 5, 50, 1, '2017-06-29', 1, 0, '', 0, 0, 13, 'fc 0101-00173853', 11),
('2017-06-29 19:39:01', 'I', 54, 5, 51, 1, '2017-06-29', 2, 0, '', 0, 0, 13, 'fc 0101-00173853', 11),
('2017-06-29 19:39:01', 'I', 55, 5, 52, 1, '2017-06-29', 1, 0, '', 0, 0, 13, 'fc 0101-00173853', 11),
('2017-06-29 19:39:01', 'I', 56, 5, 53, 1, '2017-06-29', 6, 0, '', 0, 0, 13, 'fc 0101-00173853', 11),
('2017-06-29 19:39:01', 'I', 57, 5, 54, 1, '2017-06-29', 6, 0, '', 0, 0, 13, 'fc 0101-00173853', 11),
('2017-06-29 19:39:01', 'I', 58, 5, 55, 1, '2017-06-29', 4, 0, '', 0, 0, 13, 'fc 0101-00173853', 11),
('2017-06-29 19:39:01', 'I', 59, 5, 56, 1, '2017-06-29', 2, 0, '', 0, 0, 13, 'fc 0101-00173853', 11),
('2017-06-29 19:39:01', 'I', 60, 5, 57, 1, '2017-06-29', 2, 0, '', 0, 0, 13, 'fc 0101-00173853', 11),
('2017-06-30 16:26:11', 'I', 61, 5, 58, 1, '2017-06-30', 60, 0, '', 0, 0, 14, 'fc 0003-00001149', 11),
('2017-06-30 16:26:11', 'I', 62, 5, 59, 1, '2017-06-30', 10, 0, '', 0, 0, 14, 'fc 0003-00001149', 11),
('2017-06-30 16:26:11', 'I', 63, 5, 60, 1, '2017-06-30', 10, 0, '', 0, 0, 14, 'fc 0003-00001149', 11),
('2017-06-30 16:26:11', 'I', 64, 5, 61, 1, '2017-06-30', 20, 0, '', 0, 0, 14, 'fc 0003-00001149', 11),
('2017-07-08 14:21:28', 'I', 65, 5, 62, 1, '2017-07-08', 1, 0, '', 0, 0, 15, 'fc 0101-00173854', 11),
('2017-07-08 14:21:28', 'I', 66, 5, 63, 1, '2017-07-08', 2, 0, '', 0, 0, 15, 'fc 0101-00173854', 11),
('2017-07-08 14:21:28', 'I', 67, 5, 64, 1, '2017-07-08', 2, 0, '', 0, 0, 15, 'fc 0101-00173854', 11),
('2017-07-08 14:21:28', 'I', 68, 5, 65, 1, '2017-07-08', 1, 0, '', 0, 0, 15, 'fc 0101-00173854', 11),
('2017-07-08 14:21:28', 'I', 69, 5, 66, 1, '2017-07-08', 1, 0, '', 0, 0, 15, 'fc 0101-00173854', 11),
('2017-07-08 14:21:28', 'I', 70, 5, 67, 1, '2017-07-08', 1, 0, '', 0, 0, 15, 'fc 0101-00173854', 11),
('2017-07-08 14:21:28', 'I', 71, 5, 68, 1, '2017-07-08', 1, 0, '', 0, 0, 15, 'fc 0101-00173854', 11),
('2017-07-08 14:21:28', 'I', 72, 5, 69, 1, '2017-07-08', 1, 0, '', 0, 0, 15, 'fc 0101-00173854', 11),
('2017-07-08 14:21:28', 'I', 73, 5, 70, 1, '2017-07-08', 1, 0, '', 0, 0, 15, 'fc 0101-00173854', 11),
('2017-07-08 14:21:28', 'I', 74, 5, 71, 1, '2017-07-08', 1, 0, '', 0, 0, 15, 'fc 0101-00173854', 11),
('2017-07-08 14:21:28', 'I', 75, 5, 72, 1, '2017-07-08', 1, 0, '', 0, 0, 15, 'fc 0101-00173854', 11),
('2017-07-08 14:21:28', 'I', 76, 5, 73, 1, '2017-07-08', 1, 0, '', 0, 0, 15, 'fc 0101-00173854', 11),
('2017-07-08 14:21:28', 'I', 77, 5, 74, 1, '2017-07-08', 2, 0, '', 0, 0, 15, 'fc 0101-00173854', 11),
('2017-07-08 14:21:28', 'I', 78, 5, 75, 1, '2017-07-08', 1, 0, '', 0, 0, 15, 'fc 0101-00173854', 11),
('2017-07-08 14:21:28', 'I', 79, 5, 76, 1, '2017-07-08', 2, 0, '', 0, 0, 15, 'fc 0101-00173854', 11),
('2017-07-08 14:21:28', 'I', 80, 5, 77, 1, '2017-07-08', 1, 0, '', 0, 0, 15, 'fc 0101-00173854', 11),
('2017-07-08 14:21:28', 'I', 81, 5, 78, 1, '2017-07-08', 1, 0, '', 0, 0, 15, 'fc 0101-00173854', 11),
('2017-07-08 14:21:28', 'I', 82, 5, 79, 1, '2017-07-08', 2, 0, '', 0, 0, 15, 'fc 0101-00173854', 11),
('2017-07-08 14:21:28', 'I', 83, 5, 80, 1, '2017-07-08', 1, 0, '', 0, 0, 15, 'fc 0101-00173854', 11),
('2017-07-08 14:21:28', 'I', 84, 5, 81, 1, '2017-07-08', 1, 0, '', 0, 0, 15, 'fc 0101-00173854', 11),
('2017-07-08 14:21:28', 'I', 85, 5, 82, 1, '2017-07-08', 2, 0, '', 0, 0, 15, 'fc 0101-00173854', 11),
('2017-07-08 14:21:28', 'I', 86, 5, 83, 1, '2017-07-08', 2, 0, '', 0, 0, 15, 'fc 0101-00173854', 11),
('2017-07-08 14:21:28', 'I', 87, 5, 84, 1, '2017-07-08', 2, 0, '', 0, 0, 15, 'fc 0101-00173854', 11),
('2017-07-08 14:21:28', 'I', 88, 5, 85, 1, '2017-07-08', 10, 0, '', 0, 0, 15, 'fc 0101-00173854', 11),
('2017-07-08 14:21:28', 'I', 89, 5, 86, 1, '2017-07-08', 30, 0, '', 0, 0, 15, 'fc 0101-00173854', 11),
('2017-07-08 15:03:36', 'I', 90, 5, 62, 1, '2017-07-08', 1, 0, '', 0, 0, 16, 'fc 0101-00173855', 11),
('2017-07-08 15:03:36', 'I', 91, 5, 87, 1, '2017-07-08', 2, 0, '', 0, 0, 16, 'fc 0101-00173855', 11),
('2017-07-08 15:03:36', 'I', 92, 5, 88, 1, '2017-07-08', 1, 0, '', 0, 0, 16, 'fc 0101-00173855', 11),
('2017-07-08 15:03:36', 'I', 93, 5, 65, 1, '2017-07-08', 1, 0, '', 0, 0, 16, 'fc 0101-00173855', 11),
('2017-07-08 15:03:36', 'I', 94, 5, 66, 1, '2017-07-08', 1, 0, '', 0, 0, 16, 'fc 0101-00173855', 11),
('2017-07-08 15:03:36', 'I', 95, 5, 67, 1, '2017-07-08', 1, 0, '', 0, 0, 16, 'fc 0101-00173855', 11),
('2017-07-08 15:03:36', 'I', 96, 5, 68, 1, '2017-07-08', 1, 0, '', 0, 0, 16, 'fc 0101-00173855', 11),
('2017-07-08 15:03:36', 'I', 97, 5, 69, 1, '2017-07-08', 1, 0, '', 0, 0, 16, 'fc 0101-00173855', 11),
('2017-07-08 15:03:36', 'I', 98, 5, 89, 1, '2017-07-08', 1, 0, '', 0, 0, 16, 'fc 0101-00173855', 11),
('2017-07-08 15:03:36', 'I', 99, 5, 72, 1, '2017-07-08', 3, 0, '', 0, 0, 16, 'fc 0101-00173855', 11),
('2017-07-08 15:03:36', 'I', 100, 5, 90, 1, '2017-07-08', 2, 0, '', 0, 0, 16, 'fc 0101-00173855', 11),
('2017-07-08 15:03:36', 'I', 101, 5, 91, 1, '2017-07-08', 1, 0, '', 0, 0, 16, 'fc 0101-00173855', 11),
('2017-07-08 15:03:36', 'I', 102, 5, 75, 1, '2017-07-08', 1, 0, '', 0, 0, 16, 'fc 0101-00173855', 11),
('2017-07-08 15:03:36', 'I', 103, 5, 92, 1, '2017-07-08', 4, 0, '', 0, 0, 16, 'fc 0101-00173855', 11),
('2017-07-08 15:03:36', 'I', 104, 5, 93, 1, '2017-07-08', 4, 0, '', 0, 0, 16, 'fc 0101-00173855', 11),
('2017-07-08 15:03:36', 'I', 105, 5, 80, 1, '2017-07-08', 5, 0, '', 0, 0, 16, 'fc 0101-00173855', 11),
('2017-07-08 15:03:36', 'I', 106, 5, 94, 1, '2017-07-08', 2, 0, '', 0, 0, 16, 'fc 0101-00173855', 11),
('2017-07-08 15:03:36', 'I', 107, 5, 95, 1, '2017-07-08', 4, 0, '', 0, 0, 16, 'fc 0101-00173855', 11),
('2017-07-08 15:03:36', 'I', 108, 5, 81, 1, '2017-07-08', 3, 0, '', 0, 0, 16, 'fc 0101-00173855', 11),
('2017-07-08 15:03:36', 'I', 109, 5, 96, 1, '2017-07-08', 4, 0, '', 0, 0, 16, 'fc 0101-00173855', 11),
('2017-07-08 15:03:36', 'I', 110, 5, 97, 1, '2017-07-08', 2, 0, '', 0, 0, 16, 'fc 0101-00173855', 11),
('2017-07-08 15:03:36', 'I', 111, 5, 98, 1, '2017-07-08', 2, 0, '', 0, 0, 16, 'fc 0101-00173855', 11),
('2017-07-08 15:03:36', 'I', 112, 5, 99, 1, '2017-07-08', 2, 0, '', 0, 0, 16, 'fc 0101-00173855', 11),
('2017-07-08 15:03:36', 'I', 113, 5, 100, 1, '2017-07-08', 2, 0, '', 0, 0, 16, 'fc 0101-00173855', 11),
('2017-07-08 15:03:36', 'I', 114, 5, 101, 1, '2017-07-08', 50, 0, '', 0, 0, 16, 'fc 0101-00173855', 11),
('2017-07-08 15:03:36', 'I', 115, 5, 102, 1, '2017-07-08', 30, 0, '', 0, 0, 16, 'fc 0101-00173855', 11),
('2017-07-08 15:03:36', 'I', 116, 5, 103, 1, '2017-07-08', 30, 0, '', 0, 0, 16, 'fc 0101-00173855', 11),
('2017-07-08 15:03:36', 'I', 117, 5, 104, 1, '2017-07-08', 50, 0, '', 0, 0, 16, 'fc 0101-00173855', 11),
('2017-07-08 15:13:09', 'I', 118, 5, 44, 1, '2017-07-08', 3, 0, '', 0, 0, 17, 'fc 0101-00174511', 11),
('2017-07-08 15:13:09', 'I', 119, 5, 105, 1, '2017-07-08', 1, 0, '', 0, 0, 17, 'fc 0101-00174511', 11),
('2017-07-08 15:13:10', 'I', 120, 5, 106, 1, '2017-07-08', 1, 0, '', 0, 0, 17, 'fc 0101-00174511', 11),
('2017-07-08 15:21:42', 'I', 121, 5, 107, 1, '2017-07-08', 1, 0, '', 0, 0, 18, 'fc 0101-00174510', 11),
('2017-07-08 15:21:42', 'I', 122, 5, 108, 1, '2017-07-08', 2, 0, '', 0, 0, 18, 'fc 0101-00174510', 11),
('2017-07-08 15:21:42', 'I', 123, 5, 109, 1, '2017-07-08', 2, 0, '', 0, 0, 18, 'fc 0101-00174510', 11),
('2017-07-08 15:21:42', 'I', 124, 5, 110, 1, '2017-07-08', 2, 0, '', 0, 0, 18, 'fc 0101-00174510', 11),
('2017-07-08 15:21:42', 'I', 125, 5, 111, 1, '2017-07-08', 2, 0, '', 0, 0, 18, 'fc 0101-00174510', 11),
('2017-07-08 18:40:16', 'I', 126, 7, 112, 1, '2017-07-08', 3, 0, '', 0, 0, 19, 'ingreso x inicio', 11),
('2017-07-08 18:40:16', 'I', 127, 7, 114, 1, '2017-07-08', 1, 0, '', 0, 0, 19, 'ingreso x inicio', 11),
('2017-07-08 18:40:16', 'I', 128, 7, 116, 1, '2017-07-08', 3, 0, '', 0, 0, 19, 'ingreso x inicio', 11),
('2017-07-08 18:40:16', 'I', 129, 7, 119, 1, '2017-07-08', 2, 0, '', 0, 0, 19, 'ingreso x inicio', 11),
('2017-07-08 18:40:16', 'I', 130, 7, 140, 1, '2017-07-08', 1, 0, '', 0, 0, 19, 'ingreso x inicio', 11),
('2017-07-08 18:40:16', 'I', 131, 7, 142, 1, '2017-07-08', 1, 0, '', 0, 0, 19, 'ingreso x inicio', 11),
('2017-07-08 18:40:16', 'I', 132, 7, 143, 1, '2017-07-08', 1, 0, '', 0, 0, 19, 'ingreso x inicio', 11),
('2017-07-08 18:40:16', 'I', 133, 7, 146, 1, '2017-07-08', 1, 0, '', 0, 0, 19, 'ingreso x inicio', 11),
('2017-07-08 18:40:16', 'I', 134, 7, 147, 1, '2017-07-08', 1, 0, '', 0, 0, 19, 'ingreso x inicio', 11),
('2017-07-08 18:40:16', 'I', 135, 7, 150, 1, '2017-07-08', 1, 0, '', 0, 0, 19, 'ingreso x inicio', 11),
('2017-07-08 18:40:16', 'I', 136, 7, 151, 1, '2017-07-08', 1, 0, '', 0, 0, 19, 'ingreso x inicio', 11),
('2017-07-08 18:40:16', 'I', 137, 7, 154, 1, '2017-07-08', 2, 0, '', 0, 0, 19, 'ingreso x inicio', 11),
('2017-07-08 18:40:16', 'I', 138, 7, 155, 1, '2017-07-08', 1, 0, '', 0, 0, 19, 'ingreso x inicio', 11),
('2017-07-08 18:40:16', 'I', 139, 7, 156, 1, '2017-07-08', 1, 0, '', 0, 0, 19, 'ingreso x inicio', 11),
('2017-07-08 18:40:16', 'I', 140, 7, 157, 1, '2017-07-08', 2, 0, '', 0, 0, 19, 'ingreso x inicio', 11),
('2017-07-08 18:40:16', 'I', 141, 7, 160, 1, '2017-07-08', 2, 0, '', 0, 0, 19, 'ingreso x inicio', 11),
('2017-07-08 18:40:16', 'I', 142, 7, 164, 1, '2017-07-08', 2, 0, '', 0, 0, 19, 'ingreso x inicio', 11),
('2017-07-08 18:40:16', 'I', 143, 7, 165, 1, '2017-07-08', 1, 0, '', 0, 0, 19, 'ingreso x inicio', 11),
('2017-07-08 18:40:16', 'I', 144, 7, 167, 1, '2017-07-08', 1, 0, '', 0, 0, 19, 'ingreso x inicio', 11),
('2017-07-08 18:40:16', 'I', 145, 7, 168, 1, '2017-07-08', 1, 0, '', 0, 0, 19, 'ingreso x inicio', 11),
('2017-07-08 18:40:16', 'I', 146, 7, 171, 1, '2017-07-08', 1, 0, '', 0, 0, 19, 'ingreso x inicio', 11),
('2017-07-08 18:40:16', 'I', 147, 7, 172, 1, '2017-07-08', 1, 0, '', 0, 0, 19, 'ingreso x inicio', 11),
('2017-07-08 18:40:16', 'I', 148, 7, 175, 1, '2017-07-08', 1, 0, '', 0, 0, 19, 'ingreso x inicio', 11),
('2017-07-08 18:40:16', 'I', 149, 7, 176, 1, '2017-07-08', 1, 0, '', 0, 0, 19, 'ingreso x inicio', 11),
('2017-07-08 18:56:02', 'I', 150, 5, 112, 1, '2017-07-08', 1, 0, '', 0, 0, 20, 'inicio de actividad', 11),
('2017-07-08 18:56:02', 'I', 151, 5, 113, 1, '2017-07-08', 1, 0, '', 0, 0, 20, 'inicio de actividad', 11),
('2017-07-08 18:56:02', 'I', 152, 5, 114, 1, '2017-07-08', 1, 0, '', 0, 0, 20, 'inicio de actividad', 11),
('2017-07-08 18:56:02', 'I', 153, 5, 115, 1, '2017-07-08', 1, 0, '', 0, 0, 20, 'inicio de actividad', 11),
('2017-07-08 18:56:02', 'I', 154, 5, 116, 1, '2017-07-08', 1, 0, '', 0, 0, 20, 'inicio de actividad', 11),
('2017-07-08 18:56:02', 'I', 155, 5, 117, 1, '2017-07-08', 1, 0, '', 0, 0, 20, 'inicio de actividad', 11),
('2017-07-08 18:56:02', 'I', 156, 5, 118, 1, '2017-07-08', 2, 0, '', 0, 0, 20, 'inicio de actividad', 11),
('2017-07-08 18:56:02', 'I', 157, 5, 119, 1, '2017-07-08', 1, 0, '', 0, 0, 20, 'inicio de actividad', 11),
('2017-07-08 18:56:02', 'I', 158, 5, 120, 1, '2017-07-08', 1, 0, '', 0, 0, 20, 'inicio de actividad', 11),
('2017-07-08 18:56:02', 'I', 159, 5, 121, 1, '2017-07-08', 1, 0, '', 0, 0, 20, 'inicio de actividad', 11),
('2017-07-08 18:56:02', 'I', 160, 5, 122, 1, '2017-07-08', 1, 0, '', 0, 0, 20, 'inicio de actividad', 11),
('2017-07-08 18:56:02', 'I', 161, 5, 123, 1, '2017-07-08', 1, 0, '', 0, 0, 20, 'inicio de actividad', 11),
('2017-07-08 18:56:02', 'I', 162, 5, 124, 1, '2017-07-08', 1, 0, '', 0, 0, 20, 'inicio de actividad', 11),
('2017-07-08 18:56:02', 'I', 163, 5, 125, 1, '2017-07-08', 1, 0, '', 0, 0, 20, 'inicio de actividad', 11),
('2017-07-08 18:56:02', 'I', 164, 5, 126, 1, '2017-07-08', 1, 0, '', 0, 0, 20, 'inicio de actividad', 11),
('2017-07-08 18:56:02', 'I', 165, 5, 127, 1, '2017-07-08', 1, 0, '', 0, 0, 20, 'inicio de actividad', 11),
('2017-07-08 18:56:02', 'I', 166, 5, 128, 1, '2017-07-08', 1, 0, '', 0, 0, 20, 'inicio de actividad', 11),
('2017-07-08 18:56:02', 'I', 167, 5, 129, 1, '2017-07-08', 1, 0, '', 0, 0, 20, 'inicio de actividad', 11),
('2017-07-08 18:56:02', 'I', 168, 5, 130, 1, '2017-07-08', 1, 0, '', 0, 0, 20, 'inicio de actividad', 11),
('2017-07-08 18:56:02', 'I', 169, 5, 131, 1, '2017-07-08', 1, 0, '', 0, 0, 20, 'inicio de actividad', 11),
('2017-07-08 18:56:02', 'I', 170, 5, 132, 1, '2017-07-08', 1, 0, '', 0, 0, 20, 'inicio de actividad', 11),
('2017-07-08 18:56:02', 'I', 171, 5, 133, 1, '2017-07-08', 1, 0, '', 0, 0, 20, 'inicio de actividad', 11),
('2017-07-08 18:56:02', 'I', 172, 5, 134, 1, '2017-07-08', 1, 0, '', 0, 0, 20, 'inicio de actividad', 11),
('2017-07-08 18:56:02', 'I', 173, 5, 135, 1, '2017-07-08', 1, 0, '', 0, 0, 20, 'inicio de actividad', 11),
('2017-07-08 18:56:02', 'I', 174, 5, 136, 1, '2017-07-08', 1, 0, '', 0, 0, 20, 'inicio de actividad', 11),
('2017-07-08 18:56:02', 'I', 175, 5, 137, 1, '2017-07-08', 1, 0, '', 0, 0, 20, 'inicio de actividad', 11),
('2017-07-08 18:56:02', 'I', 176, 5, 138, 1, '2017-07-08', 1, 0, '', 0, 0, 20, 'inicio de actividad', 11),
('2017-07-08 18:56:02', 'I', 177, 5, 139, 1, '2017-07-08', 1, 0, '', 0, 0, 20, 'inicio de actividad', 11),
('2017-07-08 18:56:02', 'I', 178, 5, 140, 1, '2017-07-08', 1, 0, '', 0, 0, 20, 'inicio de actividad', 11),
('2017-07-08 18:56:02', 'I', 179, 5, 141, 1, '2017-07-08', 1, 0, '', 0, 0, 20, 'inicio de actividad', 11),
('2017-07-08 18:56:02', 'I', 180, 5, 142, 1, '2017-07-08', 1, 0, '', 0, 0, 20, 'inicio de actividad', 11),
('2017-07-08 18:56:02', 'I', 181, 5, 143, 1, '2017-07-08', 1, 0, '', 0, 0, 20, 'inicio de actividad', 11),
('2017-07-08 18:56:02', 'I', 182, 5, 144, 1, '2017-07-08', 1, 0, '', 0, 0, 20, 'inicio de actividad', 11),
('2017-07-08 18:56:02', 'I', 183, 5, 145, 1, '2017-07-08', 1, 0, '', 0, 0, 20, 'inicio de actividad', 11),
('2017-07-08 18:56:02', 'I', 184, 5, 146, 1, '2017-07-08', 1, 0, '', 0, 0, 20, 'inicio de actividad', 11),
('2017-07-08 18:56:02', 'I', 185, 5, 147, 1, '2017-07-08', 1, 0, '', 0, 0, 20, 'inicio de actividad', 11),
('2017-07-08 18:56:02', 'I', 186, 5, 148, 1, '2017-07-08', 1, 0, '', 0, 0, 20, 'inicio de actividad', 11),
('2017-07-08 18:56:02', 'I', 187, 5, 149, 1, '2017-07-08', 1, 0, '', 0, 0, 20, 'inicio de actividad', 11),
('2017-07-08 18:56:02', 'I', 188, 5, 150, 1, '2017-07-08', 1, 0, '', 0, 0, 20, 'inicio de actividad', 11),
('2017-07-08 18:56:02', 'I', 189, 5, 151, 1, '2017-07-08', 1, 0, '', 0, 0, 20, 'inicio de actividad', 11),
('2017-07-08 18:56:02', 'I', 190, 5, 152, 1, '2017-07-08', 1, 0, '', 0, 0, 20, 'inicio de actividad', 11),
('2017-07-08 18:56:02', 'I', 191, 5, 153, 1, '2017-07-08', 1, 0, '', 0, 0, 20, 'inicio de actividad', 11),
('2017-07-08 18:56:02', 'I', 192, 5, 154, 1, '2017-07-08', 1, 0, '', 0, 0, 20, 'inicio de actividad', 11),
('2017-07-08 18:56:02', 'I', 193, 5, 155, 1, '2017-07-08', 1, 0, '', 0, 0, 20, 'inicio de actividad', 11),
('2017-07-08 18:56:02', 'I', 194, 5, 156, 1, '2017-07-08', 1, 0, '', 0, 0, 20, 'inicio de actividad', 11),
('2017-07-08 18:56:02', 'I', 195, 5, 157, 1, '2017-07-08', 1, 0, '', 0, 0, 20, 'inicio de actividad', 11),
('2017-07-08 18:56:02', 'I', 196, 5, 158, 1, '2017-07-08', 1, 0, '', 0, 0, 20, 'inicio de actividad', 11),
('2017-07-08 18:56:02', 'I', 197, 5, 159, 1, '2017-07-08', 1, 0, '', 0, 0, 20, 'inicio de actividad', 11),
('2017-07-08 18:56:02', 'I', 198, 5, 160, 1, '2017-07-08', 1, 0, '', 0, 0, 20, 'inicio de actividad', 11),
('2017-07-08 18:56:02', 'I', 199, 5, 161, 1, '2017-07-08', 1, 0, '', 0, 0, 20, 'inicio de actividad', 11),
('2017-07-08 18:56:02', 'I', 200, 5, 162, 1, '2017-07-08', 1, 0, '', 0, 0, 20, 'inicio de actividad', 11),
('2017-07-08 18:56:02', 'I', 201, 5, 163, 1, '2017-07-08', 1, 0, '', 0, 0, 20, 'inicio de actividad', 11),
('2017-07-08 18:56:02', 'I', 202, 5, 164, 1, '2017-07-08', 1, 0, '', 0, 0, 20, 'inicio de actividad', 11),
('2017-07-08 18:56:02', 'I', 203, 5, 165, 1, '2017-07-08', 1, 0, '', 0, 0, 20, 'inicio de actividad', 11),
('2017-07-08 18:56:02', 'I', 204, 5, 166, 1, '2017-07-08', 1, 0, '', 0, 0, 20, 'inicio de actividad', 11),
('2017-07-08 18:56:02', 'I', 205, 5, 167, 1, '2017-07-08', 1, 0, '', 0, 0, 20, 'inicio de actividad', 11),
('2017-07-08 18:56:02', 'I', 206, 5, 168, 1, '2017-07-08', 1, 0, '', 0, 0, 20, 'inicio de actividad', 11),
('2017-07-08 18:56:02', 'I', 207, 5, 169, 1, '2017-07-08', 1, 0, '', 0, 0, 20, 'inicio de actividad', 11),
('2017-07-08 18:56:02', 'I', 208, 5, 170, 1, '2017-07-08', 1, 0, '', 0, 0, 20, 'inicio de actividad', 11),
('2017-07-08 18:56:02', 'I', 209, 5, 171, 1, '2017-07-08', 1, 0, '', 0, 0, 20, 'inicio de actividad', 11),
('2017-07-08 18:56:02', 'I', 210, 5, 172, 1, '2017-07-08', 1, 0, '', 0, 0, 20, 'inicio de actividad', 11),
('2017-07-08 18:56:02', 'I', 211, 5, 173, 1, '2017-07-08', 1, 0, '', 0, 0, 20, 'inicio de actividad', 11),
('2017-07-08 18:56:02', 'I', 212, 5, 174, 1, '2017-07-08', 1, 0, '', 0, 0, 20, 'inicio de actividad', 11),
('2017-07-08 18:56:02', 'I', 213, 5, 175, 1, '2017-07-08', 1, 0, '', 0, 0, 20, 'inicio de actividad', 11),
('2017-07-08 18:56:02', 'I', 214, 5, 176, 1, '2017-07-08', 1, 0, '', 0, 0, 20, 'inicio de actividad', 11),
('2017-07-08 18:56:02', 'I', 215, 5, 177, 1, '2017-07-08', 1, 0, '', 0, 0, 20, 'inicio de actividad', 11),
('2017-07-10 14:42:14', 'I', 216, 5, 58, 2, '2017-07-10', 60, 0, 'SE CARGARON CON OTRO CODIGO', 0, 0, 21, 'fc 1149', 11),
('2017-07-10 14:42:14', 'I', 217, 5, 59, 2, '2017-07-10', 10, 0, 'SE CARGARON CON OTRO CODIGO', 0, 0, 21, 'fc 1149', 11),
('2017-07-10 14:42:14', 'I', 218, 5, 60, 2, '2017-07-10', 10, 0, 'SE CARGARON CON OTRO CODIGO', 0, 0, 21, 'fc 1149', 11),
('2017-07-10 14:42:14', 'I', 219, 5, 61, 2, '2017-07-10', 20, 0, 'SE CARGARON CON OTRO CODIGO', 0, 0, 21, 'fc 1149', 11),
('2017-08-08 18:48:37', 'I', 220, 5, 178, 1, '2017-08-08', 6, 0, '', 0, 0, 22, '0010-00077419', 11),
('2017-09-10 15:58:53', 'I', 221, 5, 478, 1, '2017-09-10', 2, 0, '', 0, 0, 23, 'TRASLADO DE LOCAL', 11),
('2017-09-10 15:58:53', 'I', 222, 5, 483, 1, '2017-09-10', 2, 0, '', 0, 0, 23, 'TRASLADO DE LOCAL', 11),
('2017-09-10 15:58:53', 'I', 223, 5, 479, 1, '2017-09-10', 2, 0, '', 0, 0, 23, 'TRASLADO DE LOCAL', 11),
('2017-09-10 15:58:53', 'I', 224, 5, 484, 1, '2017-09-10', 2, 0, '', 0, 0, 23, 'TRASLADO DE LOCAL', 11),
('2017-09-10 15:58:53', 'I', 225, 5, 482, 1, '2017-09-10', 2, 0, '', 0, 0, 23, 'TRASLADO DE LOCAL', 11),
('2017-09-10 15:58:53', 'I', 226, 5, 476, 1, '2017-09-10', 2, 0, '', 0, 0, 23, 'TRASLADO DE LOCAL', 11),
('2017-09-10 15:58:53', 'I', 227, 5, 481, 1, '2017-09-10', 2, 0, '', 0, 0, 23, 'TRASLADO DE LOCAL', 11),
('2017-09-10 15:58:53', 'I', 228, 5, 480, 1, '2017-09-10', 2, 0, '', 0, 0, 23, 'TRASLADO DE LOCAL', 11),
('2017-09-10 15:58:53', 'I', 229, 5, 485, 1, '2017-09-10', 2, 0, '', 0, 0, 23, 'TRASLADO DE LOCAL', 11),
('2017-09-10 15:58:53', 'I', 230, 5, 477, 1, '2017-09-10', 2, 0, '', 0, 0, 23, 'TRASLADO DE LOCAL', 11),
('2017-09-10 16:06:08', 'I', 231, 5, 484, 2, '2017-09-10', 1, 0, 'O.T. Nro.:1', 1, 0, 24, '', 11),
('2017-09-10 19:34:20', 'I', 232, 5, 460, 1, '2017-09-10', 2, 0, '', 0, 0, 25, 'TRASLADO DE LOCAL', 11),
('2017-09-10 19:34:20', 'I', 233, 5, 463, 1, '2017-09-10', 2, 0, '', 0, 0, 25, 'TRASLADO DE LOCAL', 11),
('2017-09-10 19:34:20', 'I', 234, 5, 465, 1, '2017-09-10', 1, 0, '', 0, 0, 25, 'TRASLADO DE LOCAL', 11),
('2017-09-10 19:34:20', 'I', 235, 5, 467, 1, '2017-09-10', 2, 0, '', 0, 0, 25, 'TRASLADO DE LOCAL', 11),
('2017-09-10 19:34:20', 'I', 236, 5, 469, 1, '2017-09-10', 2, 0, '', 0, 0, 25, 'TRASLADO DE LOCAL', 11),
('2017-09-10 19:34:20', 'I', 237, 5, 471, 1, '2017-09-10', 2, 0, '', 0, 0, 25, 'TRASLADO DE LOCAL', 11),
('2017-09-10 19:43:46', 'I', 238, 5, 456, 1, '2017-09-10', 2, 0, '', 0, 0, 26, 'TRASLADO DE LOCAL', 11),
('2017-09-10 19:43:46', 'I', 239, 5, 452, 1, '2017-09-10', 3, 0, '', 0, 0, 26, 'TRASLADO DE LOCAL', 11),
('2017-09-10 19:43:46', 'I', 240, 5, 474, 1, '2017-09-10', 2, 0, '', 0, 0, 26, 'TRASLADO DE LOCAL', 11),
('2017-09-10 19:43:46', 'I', 241, 5, 458, 1, '2017-09-10', 2, 0, '', 0, 0, 26, 'TRASLADO DE LOCAL', 11),
('2017-09-10 19:43:46', 'I', 242, 5, 464, 1, '2017-09-10', 2, 0, '', 0, 0, 26, 'TRASLADO DE LOCAL', 11),
('2017-09-10 19:43:46', 'I', 243, 5, 466, 1, '2017-09-10', 1, 0, '', 0, 0, 26, 'TRASLADO DE LOCAL', 11),
('2017-09-10 19:43:46', 'I', 244, 5, 468, 1, '2017-09-10', 2, 0, '', 0, 0, 26, 'TRASLADO DE LOCAL', 11),
('2017-09-10 19:43:46', 'I', 245, 5, 470, 1, '2017-09-10', 2, 0, '', 0, 0, 26, 'TRASLADO DE LOCAL', 11),
('2017-09-10 19:43:46', 'I', 246, 5, 461, 1, '2017-09-10', 1, 0, '', 0, 0, 26, 'TRASLADO DE LOCAL', 11),
('2017-09-10 19:43:46', 'I', 247, 5, 462, 1, '2017-09-10', 1, 0, '', 0, 0, 26, 'TRASLADO DE LOCAL', 11),
('2017-09-10 19:43:46', 'I', 248, 5, 475, 1, '2017-09-10', 2, 0, '', 0, 0, 26, 'TRASLADO DE LOCAL', 11),
('2017-09-10 19:43:46', 'I', 249, 5, 459, 1, '2017-09-10', 2, 0, '', 0, 0, 26, 'TRASLADO DE LOCAL', 11),
('2017-09-10 19:43:46', 'I', 250, 5, 472, 1, '2017-09-10', 2, 0, '', 0, 0, 26, 'TRASLADO DE LOCAL', 11),
('2017-09-10 19:43:46', 'I', 251, 5, 473, 1, '2017-09-10', 1, 0, '', 0, 0, 26, 'TRASLADO DE LOCAL', 11),
('2017-09-10 19:43:46', 'I', 252, 5, 453, 1, '2017-09-10', 1, 0, '', 0, 0, 26, 'TRASLADO DE LOCAL', 11),
('2017-09-10 19:43:46', 'I', 253, 5, 457, 1, '2017-09-10', 1, 0, '', 0, 0, 26, 'TRASLADO DE LOCAL', 11),
('2017-09-10 19:43:46', 'I', 254, 5, 454, 1, '2017-09-10', 1, 0, '', 0, 0, 26, 'TRASLADO DE LOCAL', 11),
('2017-09-10 19:43:46', 'I', 255, 5, 455, 1, '2017-09-10', 1, 0, '', 0, 0, 26, 'TRASLADO DE LOCAL', 11),
('2017-09-12 18:49:49', 'I', 256, 5, 479, 2, '2017-09-10', 1, 0, 'O.T. Nro.:1', 1, 0, 27, '', 11),
('2017-09-12 19:03:52', 'I', 257, 5, 486, 2, '2017-09-12', 1, 0, 'O.T. Nro.:2', 2, 0, 28, '', 11),
('2017-09-12 19:03:52', 'I', 258, 5, 487, 2, '2017-09-12', 1, 0, 'O.T. Nro.:2', 2, 0, 28, '', 11),
('2017-09-12 19:03:52', 'I', 259, 5, 485, 2, '2017-09-12', 1, 0, 'O.T. Nro.:2', 2, 0, 28, '', 11),
('2017-09-16 13:26:00', 'I', 260, 5, 182, 1, '2017-09-16', 90, 0, '', 0, 0, 29, 'INGRESO DE STOCK', 11),
('2017-09-16 13:26:00', 'I', 261, 5, 489, 1, '2017-09-16', 20, 0, '', 0, 0, 29, 'INGRESO DE STOCK', 11);

-- --------------------------------------------------------

--
-- Estructura de tabla para la tabla `horden_trabajo_det`
--

CREATE TABLE IF NOT EXISTS `horden_trabajo_det` (
  `fecha` timestamp NOT NULL DEFAULT CURRENT_TIMESTAMP,
  `tipo` char(1) DEFAULT NULL,
  `otd_id` int(10) unsigned NOT NULL DEFAULT '0',
  `pro_id` int(10) unsigned NOT NULL DEFAULT '0',
  `ote_id` int(10) unsigned NOT NULL DEFAULT '0',
  `cantidad` int(10) unsigned DEFAULT NULL,
  `precio` double DEFAULT NULL,
  `descuento` double DEFAULT NULL,
  `observaciones` text,
  `usu_id` int(10) DEFAULT NULL,
  PRIMARY KEY (`fecha`,`otd_id`)
) ENGINE=MyISAM DEFAULT CHARSET=latin1;

--
-- Volcado de datos para la tabla `horden_trabajo_det`
--

INSERT INTO `horden_trabajo_det` (`fecha`, `tipo`, `otd_id`, `pro_id`, `ote_id`, `cantidad`, `precio`, `descuento`, `observaciones`, `usu_id`) VALUES
('2017-09-10 16:06:08', 'I', 1, 484, 1, 1, 0, 0, '', 11),
('2017-09-12 18:49:49', 'I', 2, 479, 1, 1, 0, 0, '', 11),
('2017-09-12 19:03:52', 'I', 3, 486, 2, 1, 250, 0, '', 11),
('2017-09-12 19:03:52', 'I', 4, 487, 2, 1, 420, 0, 'CAMARA 275/18 MICHE', 11),
('2017-09-12 19:03:52', 'I', 5, 485, 2, 1, 711, 0, '', 11);

-- --------------------------------------------------------

--
-- Estructura de tabla para la tabla `horden_trabajo_enc`
--

CREATE TABLE IF NOT EXISTS `horden_trabajo_enc` (
  `hfecha` timestamp NOT NULL DEFAULT CURRENT_TIMESTAMP,
  `tipo` char(1) DEFAULT NULL,
  `ote_id` int(10) unsigned NOT NULL DEFAULT '0',
  `usuarios_usu_id` int(10) unsigned NOT NULL DEFAULT '0',
  `veh_id` int(10) unsigned DEFAULT '0',
  `cli_id` int(10) unsigned NOT NULL DEFAULT '0',
  `fecha` date DEFAULT NULL,
  `numero` int(10) DEFAULT NULL,
  `suc_id` int(10) DEFAULT NULL,
  `observaciones` text,
  `estado` int(10) DEFAULT '0',
  `realizo` text,
  `pmo_id` int(11) DEFAULT NULL,
  `usu_id` int(10) DEFAULT NULL,
  PRIMARY KEY (`hfecha`,`ote_id`)
) ENGINE=MyISAM DEFAULT CHARSET=latin1;

--
-- Volcado de datos para la tabla `horden_trabajo_enc`
--

INSERT INTO `horden_trabajo_enc` (`hfecha`, `tipo`, `ote_id`, `usuarios_usu_id`, `veh_id`, `cli_id`, `fecha`, `numero`, `suc_id`, `observaciones`, `estado`, `realizo`, `pmo_id`, `usu_id`) VALUES
('2017-09-10 16:06:08', 'I', 1, 0, 1, 5703, '2017-09-10', 1, 5, 'VENTA MAURO', 0, '', -1, 11),
('2017-09-12 18:49:49', 'U', 1, 0, 1, 5703, '2017-09-10', 1, 5, 'VENTA MAURO', 2, '', -1, 11),
('2017-09-12 19:03:52', 'I', 2, 0, 2, 5704, '2017-09-12', 2, 5, '', 0, '', -1, 11);

-- --------------------------------------------------------

--
-- Estructura de tabla para la tabla `hproductos`
--

CREATE TABLE IF NOT EXISTS `hproductos` (
  `fecha` timestamp NOT NULL DEFAULT CURRENT_TIMESTAMP,
  `tipo` char(1) DEFAULT NULL,
  `pro_id` int(10) unsigned NOT NULL DEFAULT '0',
  `mod_id` int(10) unsigned NOT NULL DEFAULT '0',
  `mar_id` int(10) unsigned NOT NULL DEFAULT '0',
  `dis_id` int(10) unsigned NOT NULL DEFAULT '0',
  `prv_id` int(10) unsigned NOT NULL DEFAULT '0',
  `tip_id` int(10) unsigned NOT NULL DEFAULT '0',
  `pro_med_diametro` int(10) unsigned DEFAULT NULL,
  `pro_med_ancho` int(10) unsigned DEFAULT NULL,
  `pro_med_alto` int(10) unsigned DEFAULT NULL,
  `pro_nueva` int(10) unsigned DEFAULT NULL,
  `pro_distribucion` varchar(255) DEFAULT NULL,
  `pro_stock_min` int(10) unsigned DEFAULT NULL,
  `pro_precio_costo` double DEFAULT NULL,
  `pro_estado` int(10) NOT NULL DEFAULT '0',
  `pro_descripcion` varchar(255) DEFAULT NULL,
  `pro_tipo_llanta` varchar(10) DEFAULT NULL,
  `pro_material` varchar(10) DEFAULT NULL,
  `pro_terminaciones` varchar(255) DEFAULT NULL,
  `pro_controla_stock` char(1) DEFAULT NULL,
  `pro_anio` varchar(10) DEFAULT NULL,
  `tr_id` int(11) DEFAULT NULL,
  `pro_foto` text,
  `pro_terminacion` text,
  `pro_clasificacion` char(1) DEFAULT NULL,
  `usu_id` int(10) DEFAULT NULL,
  PRIMARY KEY (`fecha`,`pro_id`)
) ENGINE=MyISAM DEFAULT CHARSET=latin1;

--
-- Volcado de datos para la tabla `hproductos`
--

INSERT INTO `hproductos` (`fecha`, `tipo`, `pro_id`, `mod_id`, `mar_id`, `dis_id`, `prv_id`, `tip_id`, `pro_med_diametro`, `pro_med_ancho`, `pro_med_alto`, `pro_nueva`, `pro_distribucion`, `pro_stock_min`, `pro_precio_costo`, `pro_estado`, `pro_descripcion`, `pro_tipo_llanta`, `pro_material`, `pro_terminaciones`, `pro_controla_stock`, `pro_anio`, `tr_id`, `pro_foto`, `pro_terminacion`, `pro_clasificacion`, `usu_id`) VALUES
('2017-06-27 19:22:20', 'I', 2851, 901, 82, 0, 0, 8, NULL, NULL, NULL, 1, '', NULL, 230, 0, 'CODIGO 0364AX-100D', '', '', '', 'S', '', 0, 'images/', '', '', 11),
('2017-06-27 19:26:52', 'I', 2852, 901, 82, 0, 0, 8, NULL, NULL, NULL, 1, '', NULL, 230, 0, '0364AX-100D', '', '', '', 'S', '', 0, 'images/', '', '', 11),
('2017-06-27 19:34:07', 'I', 1, 901, 82, 0, 0, 8, NULL, NULL, NULL, 1, '', NULL, 230, 0, '0364AX-100D', '', '', '', 'S', '', 0, 'images/', '', '', 11),
('2017-06-27 20:39:34', 'I', 2, 902, 82, 0, 0, 8, NULL, NULL, NULL, 1, '', NULL, 230, 0, '0364AX100T', '', '', '', 'S', '', 0, 'images/', '', '', 11),
('2017-06-27 20:44:18', 'U', 1, 901, 82, 0, 0, 8, NULL, NULL, NULL, 1, '', NULL, 230, 0, '0364AX-100D', '', '', '', 'S', '', 0, 'images/', '', '', 11),
('2017-06-27 20:44:31', 'U', 2, 902, 82, 0, 0, 8, NULL, NULL, NULL, 1, '', NULL, 230, 0, '0364AX100T', '', '', '', 'S', '', 0, 'images/', '', '', 11),
('2017-06-27 20:48:54', 'I', 3, 903, 83, 0, 0, 8, NULL, NULL, NULL, 1, '', NULL, 334, 0, '(0361CGT125D1) RAYOS Y NIPLES', '', '', '', 'S', '', 0, 'images/', '', '', 11),
('2017-06-27 20:54:54', 'U', 3, 903, 83, 0, 0, 8, NULL, NULL, NULL, 1, '', NULL, 334, 0, '(0361CGT125D1) RAYOS Y NIPLES', '', '', '', 'S', '', 0, 'images/', '', '', 11),
('2017-06-28 19:02:39', 'I', 4, 904, 83, 0, 0, 8, NULL, NULL, NULL, 1, '', NULL, 334, 0, '(0361CGT125T) RAYOS Y NIPLES', '', '', '', 'S', '', 0, 'images/', '', '', 11),
('2017-06-28 19:46:41', 'I', 5, 905, 83, 0, 0, 8, NULL, NULL, NULL, 1, '', NULL, 334, 0, '(0361NX400FAD) RALLOS Y NIPLES', '', '', '', 'S', '', 0, 'images/', '', '', 11),
('2017-06-29 16:46:24', 'I', 6, 906, 83, 0, 0, 8, NULL, NULL, NULL, 1, '', NULL, NULL, 0, '(0361NX400FT1) RAYOS Y NIPLES', '', '', '', 'S', '', 0, 'images/', '', '', 11),
('2017-06-29 16:47:04', 'I', 7, 907, 83, 0, 0, 8, NULL, NULL, NULL, 1, '', NULL, NULL, 0, '(0361NX400FT2) RAYOS Y NIPLES', '', '', '', 'S', '', 0, 'images/', '', '', 11),
('2017-06-29 16:47:36', 'I', 8, 908, 83, 0, 0, 8, NULL, NULL, NULL, 1, '', NULL, NULL, 0, '(0361XR-250D) RAYOS Y NIPLES', '', '', '', 'S', '', 0, 'images/', '', '', 11),
('2017-06-29 16:48:06', 'I', 9, 909, 83, 0, 0, 8, NULL, NULL, NULL, 1, '', NULL, NULL, 0, '(0361XR250DTO) RAYOS Y NIPLES', '', '', '', 'S', '', 0, 'images/', '', '', 11),
('2017-06-29 16:48:32', 'I', 10, 910, 84, 0, 0, 8, NULL, NULL, NULL, 1, '', NULL, NULL, 0, '(0363YBR125T) RAYOS Y NIPLES', '', '', '', 'S', '', 0, 'images/', '', '', 11),
('2017-06-29 17:11:31', 'I', 11, 911, 85, 0, 0, 8, NULL, NULL, NULL, 1, '', NULL, NULL, 0, 'REPO KIT100 - RAYOS Y NIPLES', '', '', '', 'S', '', 0, 'images/', '', '', 11),
('2017-06-29 17:17:39', 'I', 12, 911, 85, 0, 0, 8, NULL, NULL, NULL, 1, '', NULL, NULL, 0, 'ARO DE LLANTA AC CR  140X14X36', '', '', '', 'S', '', 0, 'images/', '', '', 11),
('2017-06-29 17:18:05', 'I', 13, 911, 85, 0, 0, 8, NULL, NULL, NULL, 1, '', NULL, NULL, 0, 'ARO DE LLANTA AC CR  140X17X36', '', '', '', 'S', '', 0, 'images/', '', '', 11),
('2017-06-29 17:18:31', 'I', 14, 911, 85, 0, 0, 8, NULL, NULL, NULL, 1, '', NULL, NULL, 0, 'ARO DE LLANTA AC CR  140X18X36', '', '', '', 'S', '', 0, 'images/', '', '', 11),
('2017-06-29 17:18:51', 'I', 15, 911, 85, 0, 0, 8, NULL, NULL, NULL, 1, '', NULL, NULL, 0, 'ARO DE LLANTA AC CR  140X19X36', '', '', '', 'S', '', 0, 'images/', '', '', 11),
('2017-06-29 17:19:09', 'I', 16, 911, 85, 0, 0, 8, NULL, NULL, NULL, 1, '', NULL, NULL, 0, 'ARO DE LLANTA AC CR  140X21X36', '', '', '', 'S', '', 0, 'images/', '', '', 11),
('2017-06-29 17:19:29', 'I', 17, 911, 85, 0, 0, 8, NULL, NULL, NULL, 1, '', NULL, NULL, 0, 'ARO DE LLANTA AC CR  160X14X36', '', '', '', 'S', '', 0, 'images/', '', '', 11),
('2017-06-29 17:19:46', 'I', 18, 911, 85, 0, 0, 8, NULL, NULL, NULL, 1, '', NULL, NULL, 0, 'ARO DE LLANTA AC CR  160X17X36', '', '', '', 'S', '', 0, 'images/', '', '', 11),
('2017-06-29 17:20:07', 'I', 19, 911, 85, 0, 0, 8, NULL, NULL, NULL, 1, '', NULL, NULL, 0, 'ARO DE LLANTA AC CR  160X18X36', '', '', '', 'S', '', 0, 'images/', '', '', 11),
('2017-06-29 17:20:30', 'I', 20, 911, 85, 0, 0, 8, NULL, NULL, NULL, 1, '', NULL, NULL, 0, 'ARO DE LLANTA AC CR  160X19X36', '', '', '', 'S', '', 0, 'images/', '', '', 11),
('2017-06-29 17:20:52', 'I', 21, 911, 85, 0, 0, 8, NULL, NULL, NULL, 1, '', NULL, NULL, 0, 'ARO DE LLANTA AC CR  160X21X36', '', '', '', 'S', '', 0, 'images/', '', '', 11),
('2017-06-29 17:21:12', 'I', 22, 911, 85, 0, 0, 8, NULL, NULL, NULL, 1, '', NULL, NULL, 0, 'ARO DE LLANTA AC CR  185X14X36', '', '', '', 'S', '', 0, 'images/', '', '', 11),
('2017-06-29 17:21:29', 'I', 23, 911, 85, 0, 0, 8, NULL, NULL, NULL, 1, '', NULL, NULL, 0, 'ARO DE LLANTA AC CR  185X17X36', '', '', '', 'S', '', 0, 'images/', '', '', 11),
('2017-06-29 17:21:48', 'I', 24, 911, 85, 0, 0, 8, NULL, NULL, NULL, 1, '', NULL, NULL, 0, 'ARO DE LLANTA AC CR  185X18X36', '', '', '', 'S', '', 0, 'images/', '', '', 11),
('2017-06-29 17:22:10', 'I', 25, 911, 85, 0, 0, 8, NULL, NULL, NULL, 1, '', NULL, NULL, 0, 'ARO DE LLANTA AC CR  185X19X36', '', '', '', 'S', '', 0, 'images/', '', '', 11),
('2017-06-29 17:22:29', 'I', 26, 911, 85, 0, 0, 8, NULL, NULL, NULL, 1, '', NULL, NULL, 0, 'ARO DE LLANTA AC CR  185X21X36', '', '', '', 'S', '', 0, 'images/', '', '', 11),
('2017-06-29 17:48:31', 'I', 27, 912, 86, 0, 56, 4, 14, 100, 80, 1, '', NULL, NULL, 0, 'CALLE', '', '', '', 'S', '', 9, 'images/', '', '', 11),
('2017-06-29 17:49:03', 'U', 27, 912, 86, 0, 56, 4, 14, 100, 80, 1, '', NULL, NULL, 0, 'CALLE', '', '', '', 'S', '', 9, 'images/', '', '', 11),
('2017-06-29 17:49:44', 'U', 27, 912, 86, 0, 57, 4, 14, 100, 80, 1, '', NULL, NULL, 0, 'CALLE', '', '', '', 'S', '', 9, 'images/', '', '', 11),
('2017-06-29 17:51:12', 'I', 28, 913, 86, 0, 57, 4, 13, 110, 90, 1, '', NULL, 750, 0, 'CALLE', '', '', '', 'S', '', 9, 'images/', '', '', 11),
('2017-06-29 17:52:44', 'I', 29, 916, 87, 0, 57, 4, 14, 110, 80, 1, '', NULL, 695, 0, 'CALLE', '', '', '', 'S', '', 9, 'images/', '', '', 11),
('2017-06-29 18:05:04', 'I', 30, 917, 87, 0, 57, 4, 17, 275, NULL, 1, '', NULL, 430, 0, 'CALLE', '', '', '', 'S', '', 9, 'images/', '', '', 11),
('2017-06-29 18:06:31', 'I', 31, 918, 88, 0, 57, 4, 18, 90, 90, 1, '', NULL, 732, 0, 'CALLE', '', '', '', 'S', '', 9, 'images/', '', '', 11),
('2017-06-29 18:07:29', 'I', 32, 919, 88, 0, 57, 4, 18, 90, 90, 1, '', NULL, 720, 0, 'CALLE', '', '', '', 'S', '', 9, 'images/', '', '', 11),
('2017-06-29 18:08:33', 'I', 33, 920, 88, 0, 57, 4, 16, 110, 90, 1, '', NULL, 840, 0, 'CALLE', '', '', '', 'S', '', 9, 'images/', '', '', 11),
('2017-06-29 18:09:42', 'I', 34, 921, 88, 0, 57, 4, 17, 90, 90, 1, '', NULL, 800, 0, 'CALLE', '', '', '', 'S', '', 9, 'images/', '', '', 11),
('2017-06-29 18:11:16', 'I', 35, 922, 88, 0, 57, 4, 17, 100, 80, 1, '', NULL, 860, 0, 'PISTA', '', '', '', 'S', '', 9, 'images/', '', '', 11),
('2017-06-29 18:11:55', 'I', 36, 922, 88, 0, 57, 4, 17, 110, 80, 1, '', NULL, NULL, 0, 'PISTA', '', '', '', 'S', '', 9, 'images/', '', '', 11),
('2017-06-29 18:12:47', 'I', 37, 922, 88, 0, 57, 4, 17, 130, 70, 1, '', NULL, 940, 0, 'PISTA', '', '', '', 'S', '', 9, 'images/', '', '', 11),
('2017-06-29 18:13:41', 'I', 38, 922, 88, 0, 57, 4, 17, 110, 90, 1, '', NULL, 1012, 0, 'PISTA', '', '', '', 'S', '', 9, 'images/', '', '', 11),
('2017-06-29 18:14:29', 'I', 39, 914, 86, 0, 57, 4, 17, 130, 80, 1, '', NULL, 1190, 0, '', '', '', '', 'S', '', 9, 'images/', '', '', 11),
('2017-06-29 18:15:36', 'I', 40, 915, 86, 0, 57, 4, 14, 100, 80, 1, '', NULL, 450, 0, 'CALLE', '', '', '', 'S', '', 9, 'images/', '', '', 11),
('2017-06-29 18:31:38', 'I', 41, 911, 85, 0, 0, 8, NULL, NULL, NULL, 1, '', NULL, 180, 0, 'ZUNCHOS CINTA 25/GANCHO DE 8 L/2 M-600', '', '', '', 'S', '', 0, 'images/', '', '', 11),
('2017-06-29 18:36:20', 'I', 42, 923, 89, 0, 0, 3, NULL, NULL, NULL, NULL, '', NULL, 1160, 0, 'TRAJE DE LLUVIA', '', '', '', 'S', '', 0, 'images/', '', '', 11),
('2017-06-29 18:36:47', 'I', 43, 924, 89, 0, 0, 3, NULL, NULL, NULL, NULL, '', NULL, 1160, 0, 'TRAJE DE LLUVIA', '', '', '', 'S', '', 0, 'images/', '', '', 11),
('2017-06-29 18:43:05', 'I', 44, 911, 85, 0, 0, 8, NULL, NULL, NULL, 1, '', NULL, 100, 0, 'PROTECTOR TANQUE DE NAFTA NEGRO', '', '', '', 'S', '', 0, 'images/', '', '', 11),
('2017-06-29 18:43:37', 'I', 45, 911, 85, 0, 0, 8, NULL, NULL, NULL, 1, '', NULL, 100, 0, 'PROTECTOR TANQUE DE NAFTA ROJO DJ002', '', '', '', 'S', '', 0, 'images/', '', '', 11),
('2017-06-29 18:44:00', 'U', 44, 911, 85, 0, 0, 8, NULL, NULL, NULL, 1, '', NULL, 100, 0, 'PROTECTOR TANQUE DE NAFTA NEGRO', '', '', '', 'S', '', 0, 'images/', '', '', 11),
('2017-06-29 18:44:47', 'I', 46, 911, 85, 0, 0, 8, NULL, NULL, NULL, 1, '', NULL, 240, 0, 'CANDADO JQ 8508 22X120 ARTICULADO HUMO', '', '', '', 'S', '', 0, 'images/', '', '', 11),
('2017-06-29 19:02:05', 'I', 47, 928, 83, 0, 0, 8, NULL, NULL, NULL, 1, '', NULL, 50, 0, 'FILTRO DE ACEITE', '', '', '', 'S', '', 0, 'images/', '', '', 11),
('2017-06-29 19:02:41', 'I', 48, 929, 83, 0, 0, 8, NULL, NULL, NULL, 1, '', NULL, 50, 0, 'FILTRO DE ACEITE', '', '', '', 'S', '', 0, 'images/', '', '', 11),
('2017-06-29 19:03:09', 'I', 49, 930, 82, 0, 0, 8, NULL, NULL, NULL, 1, '', NULL, 60, 0, 'FILTRO DE ACEITE', '', '', '', 'S', '', 0, 'images/', '', '', 11),
('2017-06-29 19:03:34', 'I', 50, 931, 82, 0, 0, 8, NULL, NULL, NULL, 1, '', NULL, 60, 0, 'FILTRO DE ACEITE', '', '', '', 'S', '', 0, 'images/', '', '', 11),
('2017-06-29 19:03:56', 'I', 51, 932, 84, 0, 0, 8, NULL, NULL, NULL, 1, '', NULL, 50, 0, 'FILTRO DE ACEITE', '', '', '', 'S', '', 0, 'images/', '', '', 11),
('2017-06-29 19:04:54', 'I', 52, 933, 83, 0, 0, 8, NULL, NULL, NULL, 1, '', NULL, 130, 0, 'FILTRO DE ACEITE CELULOSA', '', '', '', 'S', '', 0, 'images/', '', '', 11),
('2017-06-29 19:22:15', 'I', 53, 934, 83, 0, 0, 8, NULL, NULL, NULL, 1, '', NULL, 130, 0, 'FILTRO DE ACEITE CELULOSA', '', '', '', 'S', '', 0, 'images/', '', '', 11),
('2017-06-29 19:23:20', 'I', 54, 935, 83, 0, 0, 8, NULL, NULL, NULL, 1, '', NULL, 30, 0, 'FILTRO DE ACEITE ESPUMA', '', '', '', 'S', '', 0, 'images/', '', '', 11),
('2017-06-29 19:23:54', 'I', 55, 936, 83, 0, 0, 8, NULL, NULL, NULL, 1, '', NULL, 120, 0, 'FILTRO DE ACEITE CELULOSA', '', '', '', 'S', '', 0, 'images/', '', '', 11),
('2017-06-29 19:24:21', 'I', 56, 937, 91, 0, 0, 8, NULL, NULL, NULL, 1, '', NULL, 120, 0, 'FILTRO DE ACEITE CELULOSA', '', '', '', 'S', '', 0, 'images/', '', '', 11),
('2017-06-29 19:25:02', 'I', 57, 938, 84, 0, 0, 8, NULL, NULL, NULL, 1, '', NULL, 140, 0, 'FILTRO DE AIRE', '', '', '', 'S', '', 0, 'images/', '', '', 11),
('2017-06-29 19:25:59', 'U', 52, 933, 83, 0, 0, 8, NULL, NULL, NULL, 1, '', NULL, 130, 0, 'FILTRO DE ACEITE CELULOSA', '', '', '', 'S', '', 0, 'images/', '', '', 11),
('2017-06-29 19:26:16', 'U', 53, 934, 83, 0, 0, 8, NULL, NULL, NULL, 1, '', NULL, 130, 0, 'FILTRO DE ACEITE CELULOSA', '', '', '', 'S', '', 0, 'images/', '', '', 11),
('2017-06-29 19:26:40', 'U', 54, 935, 83, 0, 0, 8, NULL, NULL, NULL, 1, '', NULL, 30, 0, 'FILTRO DE ACEITE ESPUMA', '', '', '', 'S', '', 0, 'images/', '', '', 11),
('2017-06-29 19:26:53', 'U', 55, 936, 83, 0, 0, 8, NULL, NULL, NULL, 1, '', NULL, 120, 0, 'FILTRO DE ACEITE CELULOSA', '', '', '', 'S', '', 0, 'images/', '', '', 11),
('2017-06-29 19:27:11', 'U', 56, 937, 91, 0, 0, 8, NULL, NULL, NULL, 1, '', NULL, 120, 0, 'FILTRO DE ACEITE CELULOSA', '', '', '', 'S', '', 0, 'images/', '', '', 11),
('2017-06-30 16:20:08', 'I', 58, 939, 92, 0, 0, 8, NULL, NULL, NULL, 1, '', NULL, NULL, 0, 'CASCO', '', '', '', 'S', '', 0, 'images/', '', '', 11),
('2017-06-30 16:20:27', 'I', 59, 940, 93, 0, 0, 8, NULL, NULL, NULL, 1, '', NULL, NULL, 0, 'CASCO V/CRISTAL', '', '', '', 'S', '', 0, 'images/', '', '', 11),
('2017-06-30 16:20:39', 'I', 60, 941, 94, 0, 0, 8, NULL, NULL, NULL, 1, '', NULL, NULL, 0, 'CASCO', '', '', '', 'S', '', 0, 'images/', '', '', 11),
('2017-06-30 16:20:51', 'I', 61, 942, 95, 0, 0, 8, NULL, NULL, NULL, 1, '', NULL, NULL, 0, 'CASCO', '', '', '', 'S', '', 0, 'images/', '', '', 11),
('2017-07-08 12:38:48', 'I', 62, 943, 96, 0, 0, 8, NULL, NULL, NULL, 1, '', NULL, NULL, 0, 'CUPULINA DELANTERA', '', '', '', 'S', '', 0, 'images/', '', '', 11),
('2017-07-08 12:40:07', 'I', 63, 911, 85, 0, 0, 8, NULL, NULL, NULL, 1, '', NULL, NULL, 0, 'GUANTES DE NEOPRENE/CUERO FAER TALLE L X PAR ', '', '', '', 'S', '', 0, 'images/', '', '', 11),
('2017-07-08 12:40:36', 'I', 64, 911, 85, 0, 0, 8, NULL, NULL, NULL, 1, '', NULL, NULL, 0, 'RED PULPO ELASTICA  38 X 38', '', '', '', 'S', '', 0, 'images/', '', '', 11),
('2017-07-08 12:41:11', 'I', 65, 911, 85, 0, 0, 8, NULL, NULL, NULL, 1, '', NULL, NULL, 0, 'PUÑOS SREET X JUEGO NEGROS', '', '', '', 'S', '', 0, 'images/', '', '', 11),
('2017-07-08 12:41:47', 'I', 66, 911, 85, 0, 0, 8, NULL, NULL, NULL, 1, '', NULL, NULL, 0, 'PUÑOS GRIPS NEGRO X JUEGO', '', '', '', 'S', '', 0, 'images/', '', '', 11),
('2017-07-08 12:46:29', 'I', 67, 911, 85, 0, 0, 8, NULL, NULL, NULL, 1, '', NULL, NULL, 0, 'PUÑOS SUPERBIKE NEGRO X JUEGO', '', '', '', 'S', '', 0, 'images/', '', '', 11),
('2017-07-08 12:48:35', 'I', 68, 911, 85, 0, 0, 8, NULL, NULL, NULL, 1, '', NULL, NULL, 0, 'PUÑOS SUPERBIKE CUATRICICLO NEGRO X JUEGO', '', '', '', 'S', '', 0, 'images/', '', '', 11),
('2017-07-08 12:50:32', 'I', 69, 944, 97, 0, 0, 8, NULL, NULL, NULL, 1, '', NULL, NULL, 0, 'PUÑOS MOTO LARGO NEGRO X JUEGO', '', '', '', 'S', '', 0, 'images/', '', '', 11),
('2017-07-08 12:51:08', 'I', 70, 911, 85, 0, 0, 8, NULL, NULL, NULL, 1, '', NULL, NULL, 0, 'PUÑOS BARREL 130 MM MARRON X JUEGO', '', '', '', 'S', '', 0, 'images/', '', '', 11),
('2017-07-08 12:51:44', 'I', 71, 911, 85, 0, 0, 8, NULL, NULL, NULL, 1, '', NULL, NULL, 0, 'PUÑO BARREL 130 MM CARAMELO X JUEGO ', '', '', '', 'S', '', 0, 'images/', '', '', 11),
('2017-07-08 12:57:44', 'I', 72, 945, 98, 0, 0, 8, NULL, NULL, NULL, 1, '', NULL, NULL, 0, 'FILTRO DE ACEITE ', '', '', '', 'S', '', 0, 'images/', '', '', 11),
('2017-07-08 13:13:51', 'I', 73, 947, 83, 0, 0, 8, NULL, NULL, NULL, 1, '', NULL, NULL, 0, 'FILTRO DE ACEITE', '', '', '', 'S', '', 0, 'images/', '', '', 11),
('2017-07-08 13:17:08', 'I', 74, 948, 84, 0, 0, 8, NULL, NULL, NULL, 1, '', NULL, NULL, 0, 'FILTRO DE ACEITE', '', '', '', 'S', '', 0, 'images/', '', '', 11),
('2017-07-08 13:18:40', 'I', 75, 949, 84, 0, 0, 8, NULL, NULL, NULL, 1, '', NULL, NULL, 0, 'FILTRO DE ACEITE', '', '', '', 'S', '', 0, 'images/', '', '', 11),
('2017-07-08 13:20:43', 'I', 76, 932, 84, 0, 0, 8, NULL, NULL, NULL, 1, '', NULL, NULL, 0, 'FILTRO DE ACEITE', '', '', '', 'S', '', 0, 'images/', '', '', 11),
('2017-07-08 13:25:06', 'I', 77, 951, 84, 0, 0, 8, NULL, NULL, NULL, 1, '', NULL, NULL, 0, 'FILTRO DE ACEITE', '', '', '', 'S', '', 0, 'images/', '', '', 11),
('2017-07-08 13:28:08', 'I', 78, 952, 85, 0, 0, 8, NULL, NULL, NULL, 1, '', NULL, NULL, 0, 'FILTRO DE ACEITE', '', '', '', 'S', '', 0, 'images/', '', '', 11),
('2017-07-08 13:30:25', 'I', 79, 953, 100, 0, 0, 8, NULL, NULL, NULL, 1, '', NULL, NULL, 0, 'FILTRO DE AIRE', '', '', '', 'S', '', 0, 'images/', '', '', 11),
('2017-07-08 13:31:18', 'I', 80, 936, 83, 0, 0, 8, NULL, NULL, NULL, 1, '', NULL, NULL, 0, 'FILTRO DE AIRE CELULOSA', '', '', '', 'S', '', 0, 'images/', '', '', 11),
('2017-07-08 13:32:55', 'I', 81, 954, 101, 0, 0, 8, NULL, NULL, NULL, 1, '', NULL, NULL, 0, 'FILTRO DE AIRE ESPUMA', '', '', '', 'S', '', 0, 'images/', '', '', 11),
('2017-07-08 13:35:11', 'I', 82, 955, 83, 0, 0, 8, NULL, NULL, NULL, 1, '', NULL, NULL, 0, 'FILTRO DE AIRE ESPUMA', '', '', '', 'S', '', 0, 'images/', '', '', 11),
('2017-07-08 13:37:17', 'I', 83, 956, 83, 0, 0, 8, NULL, NULL, NULL, 1, '', NULL, NULL, 0, 'FILTRO DE AIRE ESPUMA', '', '', '', 'S', '', 0, 'images/', '', '', 11),
('2017-07-08 13:39:21', 'I', 84, 957, 82, 0, 0, 8, NULL, NULL, NULL, 1, '', NULL, NULL, 0, 'FILTRO DE AIRE ESPUMA', '', '', '', 'S', '', 0, 'images/', '', '', 11),
('2017-07-08 13:40:25', 'I', 85, 911, 85, 0, 0, 8, NULL, NULL, NULL, 1, '', NULL, NULL, 0, 'ARANDELA TAPON CARTER ACEITE', '', '', '', 'S', '', 0, 'images/', '', '', 11),
('2017-07-08 13:41:00', 'I', 86, 911, 85, 0, 0, 8, NULL, NULL, NULL, 1, '', NULL, NULL, 0, 'TORNILLO 5X15 CROMADO', '', '', '', 'S', '', 0, 'images/', '', '', 11),
('2017-07-08 14:28:30', 'I', 87, 911, 85, 0, 0, 8, NULL, NULL, NULL, 1, '', NULL, NULL, 0, 'GUANTE NEOPRENE/CUERO (FAER) TALLE M', '', '', '', 'S', '', 0, 'images/', '', '', 11),
('2017-07-08 14:29:07', 'U', 87, 911, 85, 0, 0, 8, NULL, NULL, NULL, 1, '', NULL, NULL, 0, 'GUANTE NEOPRENE/CUERO (FAER) TALLE M', '', '', '', 'S', '', 0, 'images/', '', '', 11),
('2017-07-08 14:29:50', 'I', 88, 911, 85, 0, 0, 8, NULL, NULL, NULL, 1, '', NULL, NULL, 0, 'TENSOR ELASTICO 8MM X 1 MT', '', '', '', 'S', '', 0, 'images/', '', '', 11),
('2017-07-08 14:30:59', 'I', 89, 911, 85, 0, 0, 8, NULL, NULL, NULL, 1, '', NULL, NULL, 0, 'PUÑOS BARREL 130 MM NEGRO X JUEGO', '', '', '', 'S', '', 0, 'images/', '', '', 11),
('2017-07-08 14:32:33', 'I', 90, 958, 83, 0, 0, 8, NULL, NULL, NULL, 1, '', NULL, NULL, 0, 'FILTRO DE ACEITE', '', '', '', 'S', '', 0, 'images/', '', '', 11),
('2017-07-08 14:35:34', 'I', 91, 959, 82, 0, 0, 8, NULL, NULL, NULL, 1, '', NULL, NULL, 0, 'FILTRO DE ACEITE', '', '', '', 'S', '', 0, 'images/', '', '', 11),
('2017-07-08 14:36:51', 'I', 92, 960, 84, 0, 0, 8, NULL, NULL, NULL, 1, '', NULL, NULL, 0, 'FILTRO DE ACEITE', '', '', '', 'S', '', 0, 'images/', '', '', 11),
('2017-07-08 14:38:48', 'I', 93, 945, 98, 0, 0, 8, NULL, NULL, NULL, 1, '', NULL, NULL, 0, 'FILTRO DE AIRE', '', '', '', 'S', '', 0, 'images/', '', '', 11),
('2017-07-08 14:40:37', 'I', 94, 961, 98, 0, 0, 8, NULL, NULL, NULL, 1, '', NULL, NULL, 0, 'FILTRO DE AIRE ESPUMA', '', '', '', 'S', '', 0, 'images/', '', '', 11),
('2017-07-08 14:41:58', 'I', 95, 962, 98, 0, 0, 8, NULL, NULL, NULL, 1, '', NULL, NULL, 0, 'FILTRO DE AIRE ESPUMA', '', '', '', 'S', '', 0, 'images/', '', '', 11),
('2017-07-08 14:43:29', 'I', 96, 963, 83, 0, 0, 8, NULL, NULL, NULL, 1, '', NULL, NULL, 0, '', '', '', '', 'S', '', 0, 'images/', '', '', 11),
('2017-07-08 14:44:22', 'I', 97, 955, 83, 0, 0, 8, NULL, NULL, NULL, 1, '', NULL, NULL, 0, 'FILTRO DE AIRE ESPUMA', '', '', '', 'S', '', 0, 'images/', '', '', 11),
('2017-07-08 14:45:51', 'I', 98, 964, 83, 0, 0, 8, NULL, NULL, NULL, 1, '', NULL, NULL, 0, 'FILTRO DE AIRE', '', '', '', 'S', '', 0, 'images/', '', '', 11),
('2017-07-08 14:50:34', 'I', 99, 965, 83, 0, 0, 8, NULL, NULL, NULL, 1, '', NULL, NULL, 0, 'FILTRO DE AIRE ESPUMA', '', '', '', 'S', '', 0, 'images/', '', '', 11),
('2017-07-08 14:53:21', 'I', 100, 966, 84, 0, 0, 8, NULL, NULL, NULL, 1, '', NULL, NULL, 0, '', '', '', '', 'S', '', 0, 'images/', '', '', 11),
('2017-07-08 14:53:51', 'I', 101, 911, 85, 0, 0, 8, NULL, NULL, NULL, 1, '', NULL, NULL, 0, 'TORNILLOS PARKER 5X20', '', '', '', 'S', '', 0, 'images/', '', '', 11),
('2017-07-08 14:54:39', 'I', 102, 911, 85, 0, 0, 8, NULL, NULL, NULL, 1, '', NULL, NULL, 0, 'TORNILLO PARA PLASTICOS NEGRO 6X15', '', '', '', 'S', '', 0, 'images/', '', '', 11),
('2017-07-08 14:55:11', 'I', 103, 911, 85, 0, 0, 8, NULL, NULL, NULL, 1, '', NULL, NULL, 0, 'TORNILLO PARA PLASTICOS NEGRO 6X25', '', '', '', 'S', '', 0, 'images/', '', '', 11),
('2017-07-08 14:55:36', 'I', 104, 911, 85, 0, 0, 8, NULL, NULL, NULL, 1, '', NULL, NULL, 0, 'TUERCA RAPIDA 5MM GRANDE', '', '', '', 'S', '', 0, 'images/', '', '', 11),
('2017-07-08 15:00:44', 'U', 96, 963, 83, 0, 0, 8, NULL, NULL, NULL, 1, '', NULL, NULL, 0, '', '', '', '', 'S', '', 0, 'images/', '', '', 11),
('2017-07-08 15:02:21', 'U', 100, 966, 84, 0, 0, 8, NULL, NULL, NULL, 1, '', NULL, NULL, 0, '', '', '', '', 'S', '', 0, 'images/', '', '', 11),
('2017-07-08 15:11:17', 'I', 105, 911, 85, 0, 0, 8, NULL, NULL, NULL, 1, '', NULL, NULL, 0, 'PROTECTOR DE MANOS VERDE', '', '', '', 'S', '', 0, 'images/', '', '', 11),
('2017-07-08 15:11:34', 'I', 106, 911, 85, 0, 0, 8, NULL, NULL, NULL, 1, '', NULL, NULL, 0, 'PROTECTOR DE MANOS BLANCO', '', '', '', 'S', '', 0, 'images/', '', '', 11),
('2017-07-08 15:15:23', 'I', 107, 967, 98, 0, 0, 8, NULL, NULL, NULL, 1, '', NULL, NULL, 0, 'PEDALIN', '', '', '', 'S', '', 0, 'images/', '', '', 11),
('2017-07-08 15:15:51', 'U', 107, 967, 98, 0, 0, 8, NULL, NULL, NULL, 1, '', NULL, NULL, 0, 'PEDALIN', '', '', '', 'S', '', 0, 'images/', '', '', 11),
('2017-07-08 15:17:18', 'I', 108, 936, 83, 0, 0, 8, NULL, NULL, NULL, 1, '', NULL, NULL, 0, 'GOMA PEDALIN X JUEGO', '', '', '', 'S', '', 0, 'images/', '', '', 11),
('2017-07-08 15:17:57', 'I', 109, 901, 82, 0, 0, 8, NULL, NULL, NULL, 1, '', NULL, NULL, 0, 'GOMA PEDALIN X JUEGO', '', '', '', 'S', '', 0, 'images/', '', '', 11),
('2017-07-08 15:18:58', 'I', 110, 938, 84, 0, 0, 8, NULL, NULL, NULL, 1, '', NULL, NULL, 0, 'GOMA PEDALIN DELANTERO', '', '', '', 'S', '', 0, 'images/', '', '', 11),
('2017-07-08 15:19:39', 'I', 111, 964, 83, 0, 0, 8, NULL, NULL, NULL, 1, '', NULL, NULL, 0, 'PEDALIN TRASERO X JUEGO', '', '', '', 'S', '', 0, 'images/', '', '', 11),
('2017-08-08 18:47:13', 'I', 178, 968, 84, 0, 0, 7, NULL, NULL, NULL, 1, '', NULL, NULL, 0, 'YAMALUBE 10W40 SEMI SINTETICO 1 LITRO MOTORES 4T', '', '', '', 'S', '', 0, 'images/', '', '', 11),
('2017-08-08 18:58:29', 'I', 179, 969, 102, 0, 0, 7, NULL, NULL, NULL, 1, '', NULL, NULL, 0, 'CAMARA RIFFEL 2.75-17, 3.00-17, 80/90-17, 70/90-17 TR4 \r\n', '', '', '', 'S', '', 0, 'images/', '', '', 11),
('2017-08-08 18:59:42', 'I', 180, 969, 102, 0, 0, 7, NULL, NULL, NULL, 1, '', NULL, NULL, 0, 'CAMARA 4.10-18 TR4 CAUCHO NATURAL REFORZADO', '', '', '', 'S', '', 0, 'images/', '', '', 11),
('2017-08-08 19:00:56', 'I', 181, 969, 102, 0, 0, 7, NULL, NULL, NULL, 1, '', NULL, NULL, 0, 'CAMARA 3.00-18 TR4 CAUCHO NATURAL REFORZADO', '', '', '', 'S', '', 0, 'images/', '', '', 11),
('2017-08-08 19:00:56', 'I', 182, 0, 0, 0, 0, 7, NULL, NULL, NULL, 1, '', NULL, NULL, 0, '', '', '', '', 'S', '', 0, 'images/', '', '', 11),
('2017-08-08 19:01:42', 'I', 183, 969, 102, 0, 0, 7, NULL, NULL, NULL, 1, '', NULL, NULL, 0, 'CAMARA 3.00-17 CAUCHO NATURAL REFORZADO', '', '', '', 'S', '', 0, 'images/', '', '', 11),
('2017-08-08 19:35:48', 'I', 184, 970, 103, 0, 0, 7, NULL, NULL, NULL, 1, '', NULL, NULL, 0, 'BUJIA NGK BRASIL ', '', '', '', 'S', '', 0, 'images/', '', '', 11),
('2017-08-08 19:47:54', 'U', 178, 968, 84, 0, 0, 7, NULL, NULL, NULL, 1, '', NULL, NULL, 0, 'YAMALUBE 10W40 SEMI SINTETICO 1 LITRO MOTORES 4T', '', '', '', 'S', '', 0, 'images/', '', '', 11),
('2017-08-09 20:47:47', 'I', 185, 972, 103, 0, 0, 7, NULL, NULL, NULL, 1, '', NULL, NULL, 0, 'BUJIA NEW CRYPTON,  ROUSER 135, YBR125, XTZ 125, ZANELLA ZB 110, ', '', '', '', 'S', '', 0, 'images/', '', '', 11),
('2017-08-09 20:52:07', 'I', 186, 1006, 98, 0, 0, 10, NULL, NULL, NULL, NULL, '', NULL, NULL, 0, 'FILTRO DE AIRE ORIGINAL', '', '', '', 'S', '', 0, 'images/', '', '', 11),
('2017-08-09 20:52:27', 'I', 187, 1007, 98, 0, 0, 10, NULL, NULL, NULL, NULL, '', NULL, NULL, 0, 'FILTRO DE AIRE ORIGINAL', '', '', '', 'S', '', 0, 'images/', '', '', 11),
('2017-08-09 20:52:50', 'I', 188, 1005, 98, 0, 0, 10, NULL, NULL, NULL, NULL, '', NULL, NULL, 0, 'FILTRO DE AIRE ORIGINAL', '', '', '', 'S', '', 0, 'images/', '', '', 11),
('2017-08-09 20:53:33', 'I', 189, 1004, 98, 0, 0, 10, NULL, NULL, NULL, NULL, '', NULL, NULL, 0, 'FILTRO DE AIRE ORIGINAL ', '', '', '', 'S', '', 0, 'images/', '', '', 11),
('2017-08-09 20:54:27', 'I', 190, 1003, 98, 0, 0, 10, NULL, NULL, NULL, NULL, '', NULL, NULL, 0, 'FILTRO DE AIRE ORIGINAL', '', '', '', 'S', '', 0, 'images/', '', '', 11),
('2017-08-09 20:55:18', 'U', 188, 1005, 98, 0, 0, 10, NULL, NULL, NULL, NULL, '', NULL, NULL, 0, 'FILTRO DE AIRE ORIGINAL', '', '', '', 'S', '', 0, 'images/', '', '', 11),
('2017-08-09 20:56:50', 'I', 191, 980, 104, 0, 0, 7, NULL, NULL, NULL, 1, '', NULL, NULL, 0, '', '', '', '', 'S', '', 0, 'images/', '', '', 11),
('2017-08-09 20:57:16', 'I', 192, 977, 104, 0, 0, 7, NULL, NULL, NULL, 1, '', NULL, NULL, 0, 'FILTRO DE AIRE CARTON', '', '', '', 'S', '', 0, 'images/', '', '', 11),
('2017-08-09 20:58:10', 'I', 193, 981, 104, 0, 0, 7, NULL, NULL, NULL, 1, '', NULL, NULL, 0, 'FILTRO DE ACEITE CARTON, COMPATIBLE CON ROUSER 135 Y FZ16', '', '', '', 'S', '', 0, 'images/', '', '', 11),
('2017-08-09 20:58:34', 'I', 194, 978, 104, 0, 0, 7, NULL, NULL, NULL, 1, '', NULL, NULL, 0, 'FILTRO DE AIRE CARTON ', '', '', '', 'S', '', 0, 'images/', '', '', 11),
('2017-08-09 21:30:31', 'I', 195, 1025, 85, 0, 0, 8, NULL, NULL, NULL, 1, '', NULL, NULL, 0, 'BIDON 10 LITROS COLOR AMARILLO ANTIESTATICO', '', '', '', 'S', '', 0, 'images/', '', '', 11),
('2017-08-09 21:32:01', 'I', 196, 1024, 85, 0, 0, 8, NULL, NULL, NULL, 1, '', NULL, NULL, 0, 'BIDON DE 10 LITROS COLOR ROJO APILABLE', '', '', '', 'S', '', 0, 'images/', '', '', 11),
('2017-08-09 21:34:12', 'I', 197, 1027, 85, 0, 0, 8, NULL, NULL, NULL, 1, '', NULL, NULL, 0, 'BIDON COMBUSTIBLE DE 20 LITROS ANTIESTATICO ANTIVENTEO COLOR ROJO', '', '', '', 'S', '', 0, 'images/', '', '', 11),
('2017-08-09 21:34:59', 'I', 198, 1026, 85, 0, 0, 8, NULL, NULL, NULL, 1, '', NULL, NULL, 0, 'PALANCA CORTA PARA DESMONTAR CUBIERTAS', '', '', '', 'S', '', 0, 'images/', '', '', 11),
('2017-08-09 21:35:01', 'I', 199, 0, 0, 0, 0, 8, NULL, NULL, NULL, 1, '', NULL, NULL, 0, '', '', '', '', 'S', '', 0, 'images/', '', '', 11),
('2017-08-09 21:35:05', 'I', 200, 0, 0, 0, 0, 8, NULL, NULL, NULL, 1, '', NULL, NULL, 0, '', '', '', '', 'S', '', 0, 'images/', '', '', 11),
('2017-08-10 21:27:19', 'I', 201, 1038, 112, 0, 0, 8, NULL, NULL, NULL, 1, '', NULL, NULL, 0, '', '', '', '', 'S', '', 0, 'images/', '', '', 11),
('2017-08-10 21:27:41', 'I', 202, 1028, 112, 0, 0, 8, NULL, NULL, NULL, 1, '', NULL, NULL, 0, '', '', '', '', 'S', '', 0, 'images/', '', '', 11),
('2017-08-10 21:27:56', 'I', 203, 1029, 112, 0, 0, 8, NULL, NULL, NULL, 1, '', NULL, NULL, 0, '', '', '', '', 'S', '', 0, 'images/', '', '', 11),
('2017-08-10 21:28:09', 'I', 204, 1030, 112, 0, 0, 8, NULL, NULL, NULL, 1, '', NULL, NULL, 0, '', '', '', '', 'S', '', 0, 'images/', '', '', 11),
('2017-08-10 21:28:33', 'I', 205, 1031, 112, 0, 0, 8, NULL, NULL, NULL, 1, '', NULL, NULL, 0, '', '', '', '', 'S', '', 0, 'images/', '', '', 11),
('2017-08-10 21:28:46', 'I', 206, 1032, 112, 0, 0, 8, NULL, NULL, NULL, 1, '', NULL, NULL, 0, '', '', '', '', 'S', '', 0, 'images/', '', '', 11),
('2017-08-10 21:29:00', 'I', 207, 1033, 112, 0, 0, 8, NULL, NULL, NULL, 1, '', NULL, NULL, 0, '', '', '', '', 'S', '', 0, 'images/', '', '', 11),
('2017-08-10 21:29:40', 'I', 208, 1034, 112, 0, 0, 8, NULL, NULL, NULL, 1, '', NULL, NULL, 0, 'CON REJILLA DE CARGA INCLUIDA, SE COLOCA EN LA PARTE SUPERIOR DE LA TAPA', '', '', '', 'S', '', 0, 'images/', '', '', 11),
('2017-08-10 21:30:40', 'I', 209, 1035, 112, 0, 0, 8, NULL, NULL, NULL, 1, '', NULL, NULL, 0, '', '', '', '', 'S', '', 0, 'images/', '', '', 11),
('2017-08-10 21:31:03', 'I', 210, 1036, 112, 0, 0, 8, NULL, NULL, NULL, 1, '', NULL, NULL, 0, 'COLOR TITANIO TAPA DE CARBONO', '', '', '', 'S', '', 0, 'images/', '', '', 11),
('2017-08-10 21:31:44', 'I', 211, 1037, 112, 0, 0, 8, NULL, NULL, NULL, 1, '', NULL, NULL, 0, '', '', '', '', 'S', '', 0, 'images/', '', '', 11),
('2017-08-10 21:32:53', 'I', 212, 1045, 112, 0, 0, 8, NULL, NULL, NULL, 1, '', NULL, NULL, 0, '', '', '', '', 'S', '', 0, 'images/', '', '', 11),
('2017-08-10 21:33:17', 'I', 213, 1047, 112, 0, 0, 8, NULL, NULL, NULL, 1, '', NULL, NULL, 0, 'PARA AÑO 2015', '', '', '', 'S', '', 0, 'images/', '', '', 11),
('2017-08-10 21:33:52', 'I', 214, 1046, 112, 0, 0, 8, NULL, NULL, NULL, 1, '', NULL, NULL, 0, '12V ESTANCO A PRUEBA DE AGUA', '', '', '', 'S', '', 0, 'images/', '', '', 11),
('2017-08-10 21:34:23', 'I', 215, 1052, 112, 0, 0, 8, NULL, NULL, NULL, 1, '', NULL, NULL, 0, '', '', '', '', 'S', '', 0, 'images/', '', '', 11),
('2017-08-10 21:34:47', 'I', 216, 1055, 112, 0, 0, 8, NULL, NULL, NULL, 1, '', NULL, NULL, 0, '', '', '', '', 'S', '', 0, 'images/', '', '', 11),
('2017-08-10 21:34:57', 'I', 217, 1049, 112, 0, 0, 8, NULL, NULL, NULL, 1, '', NULL, NULL, 0, '', '', '', '', 'S', '', 0, 'images/', '', '', 11),
('2017-08-10 21:35:07', 'I', 218, 1050, 112, 0, 0, 8, NULL, NULL, NULL, 1, '', NULL, NULL, 0, '', '', '', '', 'S', '', 0, 'images/', '', '', 11),
('2017-08-10 21:35:21', 'I', 219, 1051, 112, 0, 0, 8, NULL, NULL, NULL, 1, '', NULL, NULL, 0, '', '', '', '', 'S', '', 0, 'images/', '', '', 11),
('2017-08-10 21:35:37', 'I', 220, 1067, 112, 0, 0, 8, NULL, NULL, NULL, 1, '', NULL, NULL, 0, '', '', '', '', 'S', '', 0, 'images/', '', '', 11),
('2017-08-10 21:35:51', 'I', 221, 1048, 112, 0, 0, 8, NULL, NULL, NULL, 1, '', NULL, NULL, 0, '', '', '', '', 'S', '', 0, 'images/', '', '', 11),
('2017-08-10 21:36:05', 'I', 222, 1053, 112, 0, 0, 8, NULL, NULL, NULL, 1, '', NULL, NULL, 0, '', '', '', '', 'S', '', 0, 'images/', '', '', 11),
('2017-08-10 21:36:19', 'I', 223, 1054, 112, 0, 0, 8, NULL, NULL, NULL, 1, '', NULL, NULL, 0, '', '', '', '', 'S', '', 0, 'images/', '', '', 11),
('2017-08-10 21:36:31', 'I', 224, 1056, 112, 0, 0, 8, NULL, NULL, NULL, 1, '', NULL, NULL, 0, '', '', '', '', 'S', '', 0, 'images/', '', '', 11),
('2017-08-10 21:36:41', 'I', 225, 1057, 112, 0, 0, 8, NULL, NULL, NULL, 1, '', NULL, NULL, 0, '', '', '', '', 'S', '', 0, 'images/', '', '', 11),
('2017-08-10 21:37:05', 'I', 226, 1058, 112, 0, 0, 8, NULL, NULL, NULL, 1, '', NULL, NULL, 0, '', '', '', '', 'S', '', 0, 'images/', '', '', 11),
('2017-08-10 21:37:21', 'I', 227, 1060, 112, 0, 0, 8, NULL, NULL, NULL, 1, '', NULL, NULL, 0, '', '', '', '', 'S', '', 0, 'images/', '', '', 11),
('2017-08-10 21:37:31', 'I', 228, 1059, 112, 0, 0, 8, NULL, NULL, NULL, 1, '', NULL, NULL, 0, '', '', '', '', 'S', '', 0, 'images/', '', '', 11),
('2017-08-10 21:37:41', 'I', 229, 1061, 112, 0, 0, 8, NULL, NULL, NULL, 1, '', NULL, NULL, 0, '', '', '', '', 'S', '', 0, 'images/', '', '', 11),
('2017-08-10 21:37:57', 'I', 230, 1068, 112, 0, 0, 8, NULL, NULL, NULL, 1, '', NULL, NULL, 0, '', '', '', '', 'S', '', 0, 'images/', '', '', 11),
('2017-08-10 21:38:10', 'I', 231, 1039, 112, 0, 0, 8, NULL, NULL, NULL, 1, '', NULL, NULL, 0, '', '', '', '', 'S', '', 0, 'images/', '', '', 11),
('2017-08-10 21:38:21', 'I', 232, 1041, 112, 0, 0, 8, NULL, NULL, NULL, 1, '', NULL, NULL, 0, '', '', '', '', 'S', '', 0, 'images/', '', '', 11),
('2017-08-10 21:38:36', 'I', 233, 1042, 112, 0, 0, 8, NULL, NULL, NULL, 1, '', NULL, NULL, 0, '', '', '', '', 'S', '', 0, 'images/', '', '', 11),
('2017-08-10 21:38:45', 'I', 234, 1043, 112, 0, 0, 8, NULL, NULL, NULL, 1, '', NULL, NULL, 0, '', '', '', '', 'S', '', 0, 'images/', '', '', 11),
('2017-08-10 21:38:57', 'I', 235, 1063, 112, 0, 0, 8, NULL, NULL, NULL, 1, '', NULL, NULL, 0, '', '', '', '', 'S', '', 0, 'images/', '', '', 11),
('2017-08-10 21:39:09', 'I', 236, 1064, 112, 0, 0, 8, NULL, NULL, NULL, 1, '', NULL, NULL, 0, '', '', '', '', 'S', '', 0, 'images/', '', '', 11),
('2017-08-10 21:40:48', 'I', 237, 1065, 112, 0, 0, 8, NULL, NULL, NULL, 1, '', NULL, NULL, 0, '', '', '', '', 'S', '', 0, 'images/', '', '', 11),
('2017-08-10 21:40:59', 'I', 238, 1066, 112, 0, 0, 8, NULL, NULL, NULL, 1, '', NULL, NULL, 0, '', '', '', '', 'S', '', 0, 'images/', '', '', 11),
('2017-08-11 19:28:19', 'I', 239, 1085, 116, 0, 0, 8, NULL, NULL, NULL, 1, '', NULL, NULL, 0, '', '', '', '', 'S', '', 0, 'images/', '', '', 11),
('2017-08-11 19:28:36', 'I', 240, 1069, 116, 0, 0, 8, NULL, NULL, NULL, 1, '', NULL, NULL, 0, '', '', '', '', 'S', '', 0, 'images/', '', '', 11),
('2017-08-11 19:28:46', 'I', 241, 1070, 116, 0, 0, 8, NULL, NULL, NULL, 1, '', NULL, NULL, 0, '', '', '', '', 'S', '', 0, 'images/', '', '', 11),
('2017-08-11 19:29:01', 'I', 242, 1071, 116, 0, 0, 8, NULL, NULL, NULL, 1, '', NULL, NULL, 0, '', '', '', '', 'S', '', 0, 'images/', '', '', 11),
('2017-08-11 19:29:20', 'I', 243, 1072, 116, 0, 0, 8, NULL, NULL, NULL, 1, '', NULL, NULL, 0, '', '', '', '', 'S', '', 0, 'images/', '', '', 11),
('2017-08-11 19:29:37', 'I', 244, 1073, 116, 0, 0, 8, NULL, NULL, NULL, 1, '', NULL, NULL, 0, '', '', '', '', 'S', '', 0, 'images/', '', '', 11),
('2017-08-11 19:29:52', 'I', 245, 1074, 116, 0, 0, 8, NULL, NULL, NULL, 1, '', NULL, NULL, 0, '', '', '', '', 'S', '', 0, 'images/', '', '', 11),
('2017-08-11 19:30:13', 'I', 246, 1075, 116, 0, 0, 8, NULL, NULL, NULL, 1, '', NULL, NULL, 0, '', '', '', '', 'S', '', 0, 'images/', '', '', 11),
('2017-08-11 19:30:33', 'I', 247, 1076, 116, 0, 0, 8, NULL, NULL, NULL, 1, '', NULL, NULL, 0, '', '', '', '', 'S', '', 0, 'images/', '', '', 11),
('2017-08-11 19:30:49', 'I', 248, 1077, 116, 0, 0, 8, NULL, NULL, NULL, 1, '', NULL, NULL, 0, '', '', '', '', 'S', '', 0, 'images/', '', '', 11),
('2017-08-11 19:31:11', 'I', 249, 1078, 116, 0, 0, 8, NULL, NULL, NULL, 1, '', NULL, NULL, 0, '', '', '', '', 'S', '', 0, 'images/', '', '', 11),
('2017-08-11 19:31:29', 'I', 250, 1079, 116, 0, 0, 8, NULL, NULL, NULL, 1, '', NULL, NULL, 0, '', '', '', '', 'S', '', 0, 'images/', '', '', 11),
('2017-08-11 19:31:47', 'I', 251, 1080, 116, 0, 0, 8, NULL, NULL, NULL, 1, '', NULL, NULL, 0, '', '', '', '', 'S', '', 0, 'images/', '', '', 11),
('2017-08-11 19:32:03', 'I', 252, 1081, 116, 0, 0, 8, NULL, NULL, NULL, 1, '', NULL, NULL, 0, '', '', '', '', 'S', '', 0, 'images/', '', '', 11),
('2017-08-11 19:32:18', 'I', 253, 1082, 116, 0, 0, 8, NULL, NULL, NULL, 1, '', NULL, NULL, 0, '', '', '', '', 'S', '', 0, 'images/', '', '', 11),
('2017-08-11 19:32:58', 'I', 254, 1083, 116, 0, 0, 8, NULL, NULL, NULL, 1, '', NULL, NULL, 0, '', '', '', '', 'S', '', 0, 'images/', '', '', 11),
('2017-08-11 19:33:18', 'I', 255, 1084, 116, 0, 0, 8, NULL, NULL, NULL, 1, '', NULL, NULL, 0, '', '', '', '', 'S', '', 0, 'images/', '', '', 11),
('2017-08-11 19:33:45', 'I', 256, 1086, 116, 0, 0, 8, NULL, NULL, NULL, 1, '', NULL, NULL, 0, '', '', '', '', 'S', '', 0, 'images/', '', '', 11),
('2017-08-11 19:33:55', 'I', 257, 1087, 116, 0, 0, 8, NULL, NULL, NULL, 1, '', NULL, NULL, 0, '', '', '', '', 'S', '', 0, 'images/', '', '', 11),
('2017-08-11 19:34:13', 'I', 258, 1088, 116, 0, 0, 8, NULL, NULL, NULL, 1, '', NULL, NULL, 0, '', '', '', '', 'S', '', 0, 'images/', '', '', 11),
('2017-08-11 20:45:53', 'I', 259, 1089, 111, 0, 0, 10, NULL, NULL, NULL, NULL, '', NULL, NULL, 0, '', '', '', '', 'S', '', 0, 'images/', '', '', 11),
('2017-08-11 20:46:04', 'I', 260, 1090, 111, 0, 0, 10, NULL, NULL, NULL, NULL, '', NULL, NULL, 0, '', '', '', '', 'S', '', 0, 'images/', '', '', 11),
('2017-08-11 21:10:04', 'I', 261, 1091, 111, 0, 56, 4, 17, 120, 70, 1, '', NULL, NULL, 0, '', '', '', '', 'S', '', 28, 'images/', '', '', 11),
('2017-08-11 21:43:07', 'I', 262, 1091, 111, 0, 58, 4, 17, 120, 70, 1, '', NULL, NULL, 0, 'F  TL', '', '', '', 'S', '', 28, 'images/', '', '', 11),
('2017-08-14 20:09:13', 'I', 263, 1117, 117, 0, 0, 10, NULL, NULL, NULL, NULL, '', NULL, NULL, 0, '', '', '', '', 'S', '', 0, 'images/', '', '', 11),
('2017-08-14 20:09:27', 'I', 264, 1118, 117, 0, 0, 10, NULL, NULL, NULL, NULL, '', NULL, NULL, 0, '', '', '', '', 'S', '', 0, 'images/', '', '', 11),
('2017-08-14 20:10:00', 'I', 265, 1119, 117, 0, 0, 10, NULL, NULL, NULL, NULL, '', NULL, NULL, 0, 'DORADA', '', '', '', 'S', '', 0, 'images/', '', '', 11),
('2017-08-14 20:10:25', 'I', 266, 1120, 117, 0, 0, 10, NULL, NULL, NULL, NULL, '', NULL, NULL, 0, '', '', '', '', 'S', '', 0, 'images/', '', '', 11),
('2017-08-14 20:11:15', 'I', 267, 1116, 117, 0, 0, 10, NULL, NULL, NULL, NULL, '', NULL, NULL, 0, '', '', '', '', 'S', '', 0, 'images/', '', '', 11),
('2017-08-14 20:11:40', 'I', 268, 1126, 117, 0, 0, 10, NULL, NULL, NULL, NULL, '', NULL, NULL, 0, '', '', '', '', 'S', '', 0, 'images/', '', '', 11),
('2017-08-14 20:12:03', 'I', 269, 1116, 117, 0, 0, 10, NULL, NULL, NULL, NULL, '', NULL, NULL, 0, '', '', '', '', 'S', '', 0, 'images/', '', '', 11),
('2017-08-14 20:12:46', 'B', 269, 1116, 117, 0, 0, 10, NULL, NULL, NULL, NULL, '', NULL, NULL, 0, '', '', '', '', 'S', '', 0, 'images/', '', '', 11),
('2017-08-14 20:15:12', 'I', 270, 1121, 117, 0, 0, 10, NULL, NULL, NULL, NULL, '', NULL, NULL, 0, '', '', '', '', 'S', '', 0, 'images/', '', '', 11),
('2017-08-14 20:15:36', 'I', 271, 1122, 117, 0, 0, 10, NULL, NULL, NULL, NULL, '', NULL, NULL, 0, '', '', '', '', 'S', '', 0, 'images/', '', '', 11),
('2017-08-14 20:16:08', 'I', 272, 1123, 117, 0, 0, 10, NULL, NULL, NULL, NULL, '', NULL, NULL, 0, '', '', '', '', 'S', '', 0, 'images/', '', '', 11),
('2017-08-14 20:16:25', 'I', 273, 1124, 117, 0, 0, 10, NULL, NULL, NULL, NULL, '', NULL, NULL, 0, '', '', '', '', 'S', '', 0, 'images/', '', '', 11),
('2017-08-14 20:16:47', 'I', 274, 1125, 117, 0, 0, 10, NULL, NULL, NULL, NULL, '', NULL, NULL, 0, '', '', '', '', 'S', '', 0, 'images/', '', '', 11),
('2017-08-14 20:18:09', 'I', 275, 1129, 117, 0, 0, 10, NULL, NULL, NULL, NULL, '', NULL, NULL, 0, '', '', '', '', 'S', '', 0, 'images/', '', '', 11),
('2017-08-14 20:18:45', 'I', 276, 1128, 117, 0, 0, 10, NULL, NULL, NULL, NULL, '', NULL, NULL, 0, '', '', '', '', 'S', '', 0, 'images/', '', '', 11),
('2017-08-14 20:19:26', 'I', 277, 1130, 117, 0, 0, 10, NULL, NULL, NULL, NULL, '', NULL, NULL, 0, '', '', '', '', 'S', '', 0, 'images/', '', '', 11),
('2017-08-14 20:19:36', 'I', 278, 1131, 117, 0, 0, 10, NULL, NULL, NULL, NULL, '', NULL, NULL, 0, '', '', '', '', 'S', '', 0, 'images/', '', '', 11),
('2017-08-14 20:19:47', 'I', 279, 1132, 117, 0, 0, 10, NULL, NULL, NULL, NULL, '', NULL, NULL, 0, '', '', '', '', 'S', '', 0, 'images/', '', '', 11),
('2017-08-14 20:19:55', 'I', 280, 1133, 117, 0, 0, 10, NULL, NULL, NULL, NULL, '', NULL, NULL, 0, '', '', '', '', 'S', '', 0, 'images/', '', '', 11),
('2017-08-14 20:20:07', 'I', 281, 1134, 117, 0, 0, 10, NULL, NULL, NULL, NULL, '', NULL, NULL, 0, '', '', '', '', 'S', '', 0, 'images/', '', '', 11),
('2017-08-14 20:20:21', 'I', 282, 1135, 117, 0, 0, 10, NULL, NULL, NULL, NULL, '', NULL, NULL, 0, '', '', '', '', 'S', '', 0, 'images/', '', '', 11),
('2017-08-14 20:25:31', 'I', 283, 1136, 117, 0, 0, 10, NULL, NULL, NULL, NULL, '', NULL, NULL, 0, '', '', '', '', 'S', '', 0, 'images/', '', '', 11),
('2017-08-14 20:25:40', 'I', 284, 1137, 117, 0, 0, 10, NULL, NULL, NULL, NULL, '', NULL, NULL, 0, '', '', '', '', 'S', '', 0, 'images/', '', '', 11),
('2017-08-14 20:25:49', 'I', 285, 1138, 117, 0, 0, 10, NULL, NULL, NULL, NULL, '', NULL, NULL, 0, '', '', '', '', 'S', '', 0, 'images/', '', '', 11),
('2017-08-14 20:26:01', 'I', 286, 1139, 117, 0, 0, 10, NULL, NULL, NULL, NULL, '', NULL, NULL, 0, '', '', '', '', 'S', '', 0, 'images/', '', '', 11),
('2017-08-14 20:26:17', 'I', 287, 1140, 117, 0, 0, 10, NULL, NULL, NULL, NULL, '', NULL, NULL, 0, '', '', '', '', 'S', '', 0, 'images/', '', '', 11),
('2017-08-14 20:26:31', 'I', 288, 1141, 117, 0, 0, 10, NULL, NULL, NULL, NULL, '', NULL, NULL, 0, '', '', '', '', 'S', '', 0, 'images/', '', '', 11),
('2017-08-14 20:26:49', 'I', 289, 1140, 117, 0, 0, 10, NULL, NULL, NULL, NULL, '', NULL, NULL, 0, '', '', '', '', 'S', '', 0, 'images/', '', '', 11),
('2017-08-14 20:26:59', 'I', 290, 1141, 117, 0, 0, 10, NULL, NULL, NULL, NULL, '', NULL, NULL, 0, '', '', '', '', 'S', '', 0, 'images/', '', '', 11),
('2017-08-14 20:28:46', 'B', 290, 1141, 117, 0, 0, 10, NULL, NULL, NULL, NULL, '', NULL, NULL, 0, '', '', '', '', 'S', '', 0, 'images/', '', '', 11),
('2017-08-14 20:31:38', 'B', 287, 1140, 117, 0, 0, 10, NULL, NULL, NULL, NULL, '', NULL, NULL, 0, '', '', '', '', 'S', '', 0, 'images/', '', '', 11),
('2017-08-14 20:43:59', 'I', 291, 1143, 117, 0, 0, 10, NULL, NULL, NULL, NULL, '', NULL, NULL, 0, '', '', '', '', 'S', '', 0, 'images/', '', '', 11),
('2017-08-14 20:53:39', 'I', 292, 1144, 85, 0, 0, 8, NULL, NULL, NULL, 1, '', NULL, NULL, 0, '5 MM', '', '', '', 'S', '', 0, 'images/', '', '', 11),
('2017-08-14 20:53:54', 'I', 293, 1145, 85, 0, 0, 8, NULL, NULL, NULL, 1, '', NULL, NULL, 0, 'PERNO 5MM', '', '', '', 'S', '', 0, 'images/', '', '', 11),
('2017-08-14 21:04:49', 'I', 294, 1148, 109, 0, 0, 7, NULL, NULL, NULL, 1, '', NULL, NULL, 0, '', '', '', '', 'S', '', 0, 'images/', '', '', 11),
('2017-08-14 21:04:55', 'I', 295, 1149, 109, 0, 0, 7, NULL, NULL, NULL, 1, '', NULL, NULL, 0, '', '', '', '', 'S', '', 0, 'images/', '', '', 11),
('2017-08-14 21:05:02', 'I', 296, 1150, 109, 0, 0, 7, NULL, NULL, NULL, 1, '', NULL, NULL, 0, '', '', '', '', 'S', '', 0, 'images/', '', '', 11),
('2017-08-14 21:08:12', 'I', 297, 1151, 85, 0, 0, 8, NULL, NULL, NULL, 1, '', NULL, NULL, 0, '150CM LARGO\r\n25MM DIAMETRO', '', '', '', 'S', '', 0, 'images/', '', '', 11),
('2017-08-14 21:18:55', 'I', 298, 1152, 109, 0, 0, 7, NULL, NULL, NULL, 1, '', NULL, NULL, 0, '', '', '', '', 'S', '', 0, 'images/', '', '', 11),
('2017-08-14 21:19:05', 'I', 299, 1153, 109, 0, 0, 7, NULL, NULL, NULL, 1, '', NULL, NULL, 0, '', '', '', '', 'S', '', 0, 'images/', '', '', 11),
('2017-08-14 21:19:16', 'I', 300, 1154, 109, 0, 0, 7, NULL, NULL, NULL, 1, '', NULL, NULL, 0, '', '', '', '', 'S', '', 0, 'images/', '', '', 11),
('2017-08-14 21:34:42', 'I', 301, 1156, 110, 0, 0, 7, NULL, NULL, NULL, 1, '', NULL, NULL, 0, '', '', '', '', 'S', '', 0, 'images/', '', '', 11),
('2017-08-14 21:35:37', 'I', 302, 1157, 110, 0, 0, 7, NULL, NULL, NULL, 1, '', NULL, NULL, 0, 'PD/850 CUADRADA', '', '', '', 'S', '', 0, 'images/', '', '', 11),
('2017-08-14 21:36:35', 'I', 303, 1160, 110, 0, 0, 7, NULL, NULL, NULL, 1, '', NULL, NULL, 0, 'PD/866', '', '', '', 'S', '', 0, 'images/', '', '', 11),
('2017-08-14 21:37:05', 'I', 304, 1155, 110, 0, 0, 7, NULL, NULL, NULL, 1, '', NULL, NULL, 0, 'PD/891', '', '', '', 'S', '', 0, 'images/', '', '', 11),
('2017-08-14 21:37:25', 'I', 305, 1159, 110, 0, 0, 7, NULL, NULL, NULL, 1, '', NULL, NULL, 0, '', '', '', '', 'S', '', 0, 'images/', '', '', 11),
('2017-08-14 21:38:17', 'I', 306, 1161, 110, 0, 0, 7, NULL, NULL, NULL, 1, '', NULL, NULL, 0, 'LH/806 \r\nRESORTE CRUZADO', '', '', '', 'S', '', 0, 'images/', '', '', 11),
('2017-08-14 21:39:50', 'I', 307, 1162, 110, 0, 0, 7, NULL, NULL, NULL, 1, '', NULL, NULL, 0, 'LH/806', '', '', '', 'S', '', 0, 'images/', '', '', 11),
('2017-08-14 21:40:33', 'U', 306, 1161, 110, 0, 0, 7, NULL, NULL, NULL, 1, '', NULL, NULL, 0, 'LH/806 \r\nRESORTE CRUZADO', '', '', '', 'S', '', 0, 'images/', '', '', 11),
('2017-08-16 19:35:25', 'I', 308, 1175, 119, 0, 0, 8, NULL, NULL, NULL, 1, '', NULL, NULL, 0, '', '', '', '', 'S', '', 0, 'images/', '', '', 11),
('2017-08-16 19:35:34', 'I', 309, 1176, 119, 0, 0, 8, NULL, NULL, NULL, 1, '', NULL, NULL, 0, '', '', '', '', 'S', '', 0, 'images/', '', '', 11),
('2017-08-16 19:36:13', 'I', 310, 1179, 119, 0, 0, 8, NULL, NULL, NULL, 1, '', NULL, NULL, 0, '', '', '', '', 'S', '', 0, 'images/', '', '', 11),
('2017-08-16 19:36:21', 'I', 311, 1178, 119, 0, 0, 8, NULL, NULL, NULL, 1, '', NULL, NULL, 0, '', '', '', '', 'S', '', 0, 'images/', '', '', 11),
('2017-08-16 19:36:49', 'I', 312, 1172, 119, 0, 0, 8, NULL, NULL, NULL, 1, '', NULL, NULL, 0, '', '', '', '', 'S', '', 0, 'images/', '', '', 11),
('2017-08-16 19:36:59', 'I', 313, 1171, 119, 0, 0, 8, NULL, NULL, NULL, 1, '', NULL, NULL, 0, '', '', '', '', 'S', '', 0, 'images/', '', '', 11),
('2017-08-16 19:37:07', 'I', 314, 1173, 119, 0, 0, 8, NULL, NULL, NULL, 1, '', NULL, NULL, 0, '', '', '', '', 'S', '', 0, 'images/', '', '', 11),
('2017-08-16 19:37:42', 'I', 315, 1163, 119, 0, 0, 8, NULL, NULL, NULL, 1, '', NULL, NULL, 0, '', '', '', '', 'S', '', 0, 'images/', '', '', 11),
('2017-08-16 19:37:51', 'I', 316, 1164, 119, 0, 0, 8, NULL, NULL, NULL, 1, '', NULL, NULL, 0, '', '', '', '', 'S', '', 0, 'images/', '', '', 11),
('2017-08-16 19:38:01', 'I', 317, 1165, 119, 0, 0, 8, NULL, NULL, NULL, 1, '', NULL, NULL, 0, '', '', '', '', 'S', '', 0, 'images/', '', '', 11),
('2017-08-16 19:38:09', 'I', 318, 1166, 119, 0, 0, 8, NULL, NULL, NULL, 1, '', NULL, NULL, 0, '', '', '', '', 'S', '', 0, 'images/', '', '', 11),
('2017-08-16 19:40:17', 'I', 319, 1174, 119, 0, 0, 8, NULL, NULL, NULL, 1, '', NULL, NULL, 0, '', '', '', '', 'S', '', 0, 'images/', '', '', 11),
('2017-08-16 19:43:12', 'I', 320, 1181, 119, 0, 0, 8, NULL, NULL, NULL, 1, '', NULL, NULL, 0, '', '', '', '', 'S', '', 0, 'images/', '', '', 11),
('2017-08-16 19:43:21', 'I', 321, 1180, 119, 0, 0, 8, NULL, NULL, NULL, 1, '', NULL, NULL, 0, '', '', '', '', 'S', '', 0, 'images/', '', '', 11),
('2017-08-16 19:43:34', 'I', 322, 1180, 119, 0, 0, 8, NULL, NULL, NULL, 1, '', NULL, NULL, 0, '', '', '', '', 'S', '', 0, 'images/', '', '', 11),
('2017-08-16 19:43:47', 'I', 323, 1182, 119, 0, 0, 8, NULL, NULL, NULL, 1, '', NULL, NULL, 0, '', '', '', '', 'S', '', 0, 'images/', '', '', 11),
('2017-08-16 19:43:58', 'I', 324, 1183, 119, 0, 0, 8, NULL, NULL, NULL, 1, '', NULL, NULL, 0, '', '', '', '', 'S', '', 0, 'images/', '', '', 11),
('2017-08-16 19:45:39', 'I', 325, 1209, 119, 0, 0, 8, NULL, NULL, NULL, 1, '', NULL, NULL, 0, '', '', '', '', 'S', '', 0, 'images/', '', '', 11),
('2017-08-16 19:46:09', 'I', 326, 1184, 119, 0, 0, 8, NULL, NULL, NULL, 1, '', NULL, NULL, 0, '', '', '', '', 'S', '', 0, 'images/', '', '', 11),
('2017-08-16 19:46:23', 'I', 327, 1185, 119, 0, 0, 8, NULL, NULL, NULL, 1, '', NULL, NULL, 0, '', '', '', '', 'S', '', 0, 'images/', '', '', 11),
('2017-08-16 19:46:46', 'I', 328, 1186, 119, 0, 0, 8, NULL, NULL, NULL, 1, '', NULL, NULL, 0, '', '', '', '', 'S', '', 0, 'images/', '', '', 11),
('2017-08-16 19:46:54', 'I', 329, 1187, 119, 0, 0, 8, NULL, NULL, NULL, 1, '', NULL, NULL, 0, '', '', '', '', 'S', '', 0, 'images/', '', '', 11),
('2017-08-16 19:50:59', 'I', 330, 1189, 119, 0, 0, 8, NULL, NULL, NULL, 1, '', NULL, NULL, 0, '', '', '', '', 'S', '', 0, 'images/', '', '', 11),
('2017-08-16 19:51:11', 'I', 331, 1190, 119, 0, 0, 8, NULL, NULL, NULL, 1, '', NULL, NULL, 0, '', '', '', '', 'S', '', 0, 'images/', '', '', 11),
('2017-08-16 19:51:22', 'I', 332, 1188, 119, 0, 0, 8, NULL, NULL, NULL, 1, '', NULL, NULL, 0, '', '', '', '', 'S', '', 0, 'images/', '', '', 11),
('2017-08-16 19:51:52', 'I', 333, 1191, 119, 0, 0, 8, NULL, NULL, NULL, 1, '', NULL, NULL, 0, '', '', '', '', 'S', '', 0, 'images/', '', '', 11),
('2017-08-16 19:52:22', 'I', 334, 1193, 119, 0, 0, 8, NULL, NULL, NULL, 1, '', NULL, NULL, 0, '', '', '', '', 'S', '', 0, 'images/', '', '', 11),
('2017-08-16 19:52:48', 'I', 335, 1192, 119, 0, 0, 8, NULL, NULL, NULL, 1, '', NULL, NULL, 0, '', '', '', '', 'S', '', 0, 'images/', '', '', 11),
('2017-08-16 19:55:02', 'I', 336, 1194, 119, 0, 0, 8, NULL, NULL, NULL, 1, '', NULL, NULL, 0, '', '', '', '', 'S', '', 0, 'images/', '', '', 11),
('2017-08-16 19:55:28', 'I', 337, 1195, 119, 0, 0, 8, NULL, NULL, NULL, 1, '', NULL, NULL, 0, '', '', '', '', 'S', '', 0, 'images/', '', '', 11),
('2017-08-16 19:55:49', 'I', 338, 1196, 119, 0, 0, 8, NULL, NULL, NULL, 1, '', NULL, NULL, 0, '', '', '', '', 'S', '', 0, 'images/', '', '', 11),
('2017-08-16 19:56:35', 'I', 339, 1197, 119, 0, 0, 8, NULL, NULL, NULL, 1, '', NULL, NULL, 0, '', '', '', '', 'S', '', 0, 'images/', '', '', 11),
('2017-08-16 19:56:49', 'I', 340, 1198, 119, 0, 0, 8, NULL, NULL, NULL, 1, '', NULL, NULL, 0, '', '', '', '', 'S', '', 0, 'images/', '', '', 11),
('2017-08-16 19:57:18', 'I', 341, 1199, 119, 0, 0, 8, NULL, NULL, NULL, 1, '', NULL, NULL, 0, '', '', '', '', 'S', '', 0, 'images/', '', '', 11),
('2017-08-16 19:57:33', 'I', 342, 1201, 119, 0, 0, 8, NULL, NULL, NULL, 1, '', NULL, NULL, 0, '', '', '', '', 'S', '', 0, 'images/', '', '', 11),
('2017-08-16 19:57:41', 'I', 343, 1202, 119, 0, 0, 8, NULL, NULL, NULL, 1, '', NULL, NULL, 0, '', '', '', '', 'S', '', 0, 'images/', '', '', 11),
('2017-08-16 19:58:03', 'I', 344, 1203, 120, 0, 0, 8, NULL, NULL, NULL, 1, '', NULL, NULL, 0, '', '', '', '', 'S', '', 0, 'images/', '', '', 11),
('2017-08-16 19:58:10', 'I', 345, 1204, 120, 0, 0, 8, NULL, NULL, NULL, 1, '', NULL, NULL, 0, '', '', '', '', 'S', '', 0, 'images/', '', '', 11),
('2017-08-16 19:58:17', 'I', 346, 1205, 120, 0, 0, 8, NULL, NULL, NULL, 1, '', NULL, NULL, 0, '', '', '', '', 'S', '', 0, 'images/', '', '', 11),
('2017-08-16 19:58:34', 'I', 347, 1206, 119, 0, 0, 8, NULL, NULL, NULL, 1, '', NULL, NULL, 0, '', '', '', '', 'S', '', 0, 'images/', '', '', 11),
('2017-08-16 19:58:47', 'I', 348, 1207, 119, 0, 0, 8, NULL, NULL, NULL, 1, '', NULL, NULL, 0, '', '', '', '', 'S', '', 0, 'images/', '', '', 11),
('2017-08-16 19:59:10', 'I', 349, 1207, 119, 0, 0, 8, NULL, NULL, NULL, 1, '', NULL, NULL, 0, '', '', '', '', 'S', '', 0, 'images/', '', '', 11),
('2017-08-16 19:59:20', 'I', 350, 1208, 119, 0, 0, 8, NULL, NULL, NULL, 1, '', NULL, NULL, 0, '', '', '', '', 'S', '', 0, 'images/', '', '', 11),
('2017-08-16 20:03:33', 'I', 351, 1210, 113, 0, 0, 8, NULL, NULL, NULL, 1, '', NULL, NULL, 0, '', '', '', '', 'S', '', 0, 'images/', '', '', 11),
('2017-08-16 20:03:42', 'I', 352, 1211, 113, 0, 0, 8, NULL, NULL, NULL, 1, '', NULL, NULL, 0, '', '', '', '', 'S', '', 0, 'images/', '', '', 11),
('2017-08-16 20:03:50', 'I', 353, 1212, 113, 0, 0, 8, NULL, NULL, NULL, 1, '', NULL, NULL, 0, '', '', '', '', 'S', '', 0, 'images/', '', '', 11),
('2017-08-16 20:05:49', 'I', 354, 1213, 85, 0, 0, 8, NULL, NULL, NULL, 1, '', NULL, NULL, 0, '', '', '', '', 'S', '', 0, 'images/', '', '', 11),
('2017-08-16 20:45:33', 'I', 355, 1108, 111, 0, 58, 4, 18, 100, 90, 1, '', NULL, NULL, 0, 'R 56P CON Y SIN CAMARA', '', '', '', 'S', '', 20, 'images/', '', '', 11),
('2017-08-16 20:46:43', 'I', 356, 1100, 111, 0, 58, 4, 17, 100, 70, 1, '', NULL, NULL, 0, 'R 54H CON Y SIN CAMARA', '', '', '', 'S', '', 26, 'images/', '', '', 11),
('2017-08-16 20:47:50', 'I', 357, 1108, 111, 0, 58, 4, 17, 110, 70, 1, '', NULL, NULL, 0, 'R 54S CON Y SIN CAMARA', '', '', '', 'S', '', 23, 'images/', '', '', 11),
('2017-08-16 20:49:47', 'I', 358, 1102, 111, 0, 58, 4, 18, 110, 80, 1, '', NULL, NULL, 0, '58R  CON CAMARA', '', '', '', 'S', '', 22, 'images/', '', '', 11),
('2017-08-16 20:50:55', 'I', 359, 1110, 111, 0, 58, 4, 19, 110, 80, 1, '', NULL, NULL, 0, '59V M/C CON Y SIN CAMARA', '', '', '', 'S', '', 27, 'images/', '', '', 11),
('2017-08-16 20:53:03', 'I', 360, 1102, 111, 0, 58, 4, 17, 110, 90, 1, '', NULL, NULL, 0, ' RTT MCTT', '', '', '', 'S', '', 0, 'images/', '', '', 11),
('2017-08-16 20:54:17', 'I', 361, 1102, 111, 0, 56, 4, 18, 120, 80, 1, '', NULL, NULL, 0, '62T ', '', '', '', 'S', '', 24, 'images/', '', '', 11),
('2017-08-16 20:55:29', 'I', 362, 1108, 111, 0, 58, 4, 17, 130, 70, 1, '', NULL, NULL, 0, 'R 62S CON Y SIN CAMARA', '', '', '', 'S', '', 23, 'images/', '', '', 11),
('2017-08-16 20:57:01', 'I', 363, 1102, 111, 0, 58, 4, 17, 130, 80, 1, '', NULL, NULL, 0, 'R 65T M/C CON Y SIN CAMARA', '', '', '', 'S', '', 24, 'images/', '', '', 11);
INSERT INTO `hproductos` (`fecha`, `tipo`, `pro_id`, `mod_id`, `mar_id`, `dis_id`, `prv_id`, `tip_id`, `pro_med_diametro`, `pro_med_ancho`, `pro_med_alto`, `pro_nueva`, `pro_distribucion`, `pro_stock_min`, `pro_precio_costo`, `pro_estado`, `pro_descripcion`, `pro_tipo_llanta`, `pro_material`, `pro_terminaciones`, `pro_controla_stock`, `pro_anio`, `tr_id`, `pro_foto`, `pro_terminacion`, `pro_clasificacion`, `usu_id`) VALUES
('2017-08-16 20:58:05', 'I', 364, 1108, 111, 0, 56, 4, 17, 140, 70, 1, '', NULL, NULL, 0, 'R 66S CON Y SIN CAMARA', '', '', '', 'S', '', 0, 'images/', '', '', 11),
('2017-08-16 20:59:26', 'I', 365, 1100, 111, 0, 58, 4, 17, 140, 70, 1, '', NULL, NULL, 0, 'R 65H CON Y SIN CAMARA', '', '', '', 'S', '', 26, 'images/', '', '', 11),
('2017-08-16 21:00:37', 'I', 366, 1110, 111, 0, 58, 4, 17, 150, 70, 1, '', NULL, NULL, 0, 'R 69V CON Y SIN CAMARA', '', '', '', 'S', '', 27, 'images/', '', '', 11),
('2017-08-16 21:01:37', 'I', 367, 1111, 111, 0, 58, 4, 18, 3, NULL, 1, '', NULL, NULL, 0, 'REINF., CON CAMARA', '', '', '', 'S', '', 23, 'images/', '', '', 11),
('2017-08-16 21:02:36', 'I', 368, 1112, 111, 0, 58, 4, 10, 4, NULL, 1, '', NULL, NULL, 0, 'REINF. CON Y SIN CAMARA', '', '', '', 'S', '', 15, 'images/', '', '', 11),
('2017-08-16 21:03:59', 'I', 369, 1108, 111, 0, 58, 4, 14, 80, 100, 1, '', NULL, NULL, 0, 'R 49L REINF. CON CAMARA', '', '', '', 'S', '', 17, 'images/', '', '', 11),
('2017-08-16 21:04:38', 'I', 370, 1102, 111, 0, 58, 4, 21, 90, 90, 1, '', NULL, NULL, 0, '54T', '', '', '', 'S', '', 24, 'images/', '', '', 11),
('2017-08-16 21:07:38', 'I', 371, 1091, 111, 0, 58, 4, 17, 120, 70, 1, '', NULL, NULL, 0, 'R 58W   F SIN CAMARA', '', '', '', 'S', '', 30, 'images/', '', '', 11),
('2017-08-16 21:08:58', 'I', 372, 1100, 111, 0, 58, 4, 17, 120, 70, 1, '', NULL, NULL, 0, 'F 58W CON Y SIN CAMARA', '', '', '', 'S', '', 30, 'images/', '', '', 11),
('2017-08-16 21:12:26', 'I', 373, 1100, 111, 0, 58, 4, 17, 150, 60, 1, '', NULL, NULL, 0, 'R 66H CON Y SIN CAMARA', '', '', '', 'S', '', 26, 'images/', '', '', 11),
('2017-08-16 21:14:45', 'I', 374, 1091, 111, 0, 58, 4, 17, 180, 55, 1, '', NULL, NULL, 0, 'R 73W SIN CAMARA', '', '', '', 'S', '', 30, 'images/', '', '', 11),
('2017-08-16 21:15:32', 'I', 375, 1091, 111, 0, 58, 4, 17, 190, 50, 1, '', NULL, NULL, 0, 'R 73W SIN CAMARA', '', '', '', 'S', '', 30, 'images/', '', '', 11),
('2017-08-16 21:17:05', 'I', 376, 1096, 111, 0, 58, 4, 17, 190, 55, 1, '', NULL, NULL, 0, 'R 75W SIN CAMARA', '', '', '', 'S', '', 30, 'images/', '', '', 11),
('2017-08-16 21:19:01', 'I', 377, 1091, 111, 0, 58, 4, 17, 190, 55, 1, '', NULL, NULL, 0, 'R 75W SIN CAMARA', '', '', '', 'S', '', 30, 'images/', '', '', 11),
('2017-08-16 21:20:41', 'I', 378, 1108, 111, 0, 58, 4, 17, 3, NULL, 1, '', NULL, NULL, 0, '43P ', '', '', '', 'S', '', 20, 'images/', '', '', 11),
('2017-08-16 21:32:58', 'I', 379, 1214, 114, 0, 0, 8, NULL, NULL, NULL, 1, '', NULL, NULL, 0, '', '', '', '', 'S', '', 0, 'images/', '', '', 11),
('2017-08-16 21:33:07', 'I', 380, 1220, 114, 0, 0, 8, NULL, NULL, NULL, 1, '', NULL, NULL, 0, '', '', '', '', 'S', '', 0, 'images/', '', '', 11),
('2017-08-16 21:33:19', 'I', 381, 1217, 114, 0, 0, 8, NULL, NULL, NULL, 1, '', NULL, NULL, 0, '', '', '', '', 'S', '', 0, 'images/', '', '', 11),
('2017-08-16 21:33:29', 'I', 382, 1218, 114, 0, 0, 8, NULL, NULL, NULL, 1, '', NULL, NULL, 0, '', '', '', '', 'S', '', 0, 'images/', '', '', 11),
('2017-08-16 21:33:40', 'I', 383, 1215, 114, 0, 0, 8, NULL, NULL, NULL, 1, '', NULL, NULL, 0, '', '', '', '', 'S', '', 0, 'images/', '', '', 11),
('2017-08-16 21:33:53', 'I', 384, 1219, 114, 0, 0, 8, NULL, NULL, NULL, 1, '', NULL, NULL, 0, '', '', '', '', 'S', '', 0, 'images/', '', '', 11),
('2017-08-16 21:34:00', 'I', 385, 1216, 114, 0, 0, 8, NULL, NULL, NULL, 1, '', NULL, NULL, 0, '', '', '', '', 'S', '', 0, 'images/', '', '', 11),
('2017-08-16 21:34:33', 'U', 379, 1214, 114, 0, 0, 8, NULL, NULL, NULL, 1, '', NULL, NULL, 0, '', '', '', '', 'S', '', 0, 'images/', '', '', 11),
('2017-08-16 21:39:37', 'I', 386, 1223, 120, 0, 0, 8, NULL, NULL, NULL, 1, '', NULL, NULL, 0, '', '', '', '', 'S', '', 0, 'images/', '', '', 11),
('2017-08-16 21:39:45', 'I', 387, 1224, 120, 0, 0, 8, NULL, NULL, NULL, 1, '', NULL, NULL, 0, '', '', '', '', 'S', '', 0, 'images/', '', '', 11),
('2017-08-16 21:39:56', 'I', 388, 1222, 120, 0, 0, 8, NULL, NULL, NULL, 1, '', NULL, NULL, 0, '', '', '', '', 'S', '', 0, 'images/', '', '', 11),
('2017-08-16 21:40:03', 'I', 389, 1221, 120, 0, 0, 8, NULL, NULL, NULL, 1, '', NULL, NULL, 0, '', '', '', '', 'S', '', 0, 'images/', '', '', 11),
('2017-08-16 21:43:27', 'I', 390, 1225, 85, 0, 0, 8, NULL, NULL, NULL, 1, '', NULL, NULL, 0, '', '', '', '', 'S', '', 0, 'images/', '', '', 11),
('2017-08-16 21:43:37', 'I', 391, 1225, 85, 0, 0, 8, NULL, NULL, NULL, 1, '', NULL, NULL, 0, '', '', '', '', 'S', '', 0, 'images/', '', '', 11),
('2017-08-16 21:43:51', 'B', 391, 1225, 85, 0, 0, 8, NULL, NULL, NULL, 1, '', NULL, NULL, 0, '', '', '', '', 'S', '', 0, 'images/', '', '', 11),
('2017-08-16 21:44:07', 'I', 392, 1226, 85, 0, 0, 8, NULL, NULL, NULL, 1, '', NULL, NULL, 0, '', '', '', '', 'S', '', 0, 'images/', '', '', 11),
('2017-08-17 19:28:35', 'I', 393, 1231, 122, 0, 0, 3, NULL, NULL, NULL, NULL, '', NULL, NULL, 0, '', '', '', '', 'S', '', 0, 'images/', '', '', 11),
('2017-08-17 19:28:44', 'I', 394, 1228, 122, 0, 0, 3, NULL, NULL, NULL, NULL, '', NULL, NULL, 0, '', '', '', '', 'S', '', 0, 'images/', '', '', 11),
('2017-08-17 19:28:50', 'I', 395, 1229, 122, 0, 0, 3, NULL, NULL, NULL, NULL, '', NULL, NULL, 0, '', '', '', '', 'S', '', 0, 'images/', '', '', 11),
('2017-08-17 19:29:18', 'I', 396, 1227, 122, 0, 0, 3, NULL, NULL, NULL, NULL, '', NULL, NULL, 0, '', '', '', '', 'S', '', 0, 'images/', '', '', 11),
('2017-08-17 19:42:25', 'I', 397, 1232, 114, 0, 0, 8, NULL, NULL, NULL, 1, '', NULL, NULL, 0, '', '', '', '', 'S', '', 0, 'images/', '', '', 11),
('2017-08-17 19:42:33', 'I', 398, 1233, 114, 0, 0, 8, NULL, NULL, NULL, 1, '', NULL, NULL, 0, '', '', '', '', 'S', '', 0, 'images/', '', '', 11),
('2017-08-17 19:42:47', 'I', 399, 1234, 114, 0, 0, 8, NULL, NULL, NULL, 1, '', NULL, NULL, 0, '', '', '', '', 'S', '', 0, 'images/', '', '', 11),
('2017-08-17 19:42:55', 'I', 400, 1235, 114, 0, 0, 8, NULL, NULL, NULL, 1, '', NULL, NULL, 0, '', '', '', '', 'S', '', 0, 'images/', '', '', 11),
('2017-08-17 19:43:02', 'I', 401, 1236, 114, 0, 0, 8, NULL, NULL, NULL, 1, '', NULL, NULL, 0, '', '', '', '', 'S', '', 0, 'images/', '', '', 11),
('2017-08-17 19:43:11', 'I', 402, 1237, 114, 0, 0, 8, NULL, NULL, NULL, 1, '', NULL, NULL, 0, '', '', '', '', 'S', '', 0, 'images/', '', '', 11),
('2017-08-17 19:44:17', 'I', 403, 1238, 114, 0, 0, 8, NULL, NULL, NULL, 1, '', NULL, NULL, 0, '', '', '', '', 'S', '', 0, 'images/', '', '', 11),
('2017-08-17 20:35:25', 'I', 404, 1239, 112, 0, 0, 8, NULL, NULL, NULL, 1, '', NULL, NULL, 0, '', '', '', '', 'S', '', 0, 'images/', '', '', 11),
('2017-08-17 20:39:55', 'I', 405, 1240, 112, 0, 0, 8, NULL, NULL, NULL, 1, '', NULL, NULL, 0, '', '', '', '', 'S', '', 0, 'images/', '', '', 11),
('2017-08-17 20:40:41', 'I', 406, 1241, 112, 0, 0, 8, NULL, NULL, NULL, 1, '', NULL, NULL, 0, '', '', '', '', 'S', '', 0, 'images/', '', '', 11),
('2017-08-17 20:44:31', 'I', 407, 1242, 112, 0, 0, 8, NULL, NULL, NULL, 1, '', NULL, NULL, 0, '', '', '', '', 'S', '', 0, 'images/', '', '', 11),
('2017-08-17 20:47:58', 'I', 408, 1244, 109, 0, 0, 7, NULL, NULL, NULL, 1, '', NULL, NULL, 0, '', '', '', '', 'S', '', 0, 'images/', '', '', 11),
('2017-08-17 20:48:07', 'I', 409, 1243, 109, 0, 0, 7, NULL, NULL, NULL, 1, '', NULL, NULL, 0, '', '', '', '', 'S', '', 0, 'images/', '', '', 11),
('2017-08-17 21:55:22', 'I', 410, 1245, 112, 0, 0, 8, NULL, NULL, NULL, 1, '', NULL, NULL, 0, '', '', '', '', 'S', '', 0, 'images/', '', '', 11),
('2017-08-17 21:55:35', 'I', 411, 1246, 112, 0, 0, 8, NULL, NULL, NULL, 1, '', NULL, NULL, 0, '', '', '', '', 'S', '', 0, 'images/', '', '', 11),
('2017-08-18 19:20:17', 'I', 412, 1249, 121, 0, 0, 8, NULL, NULL, NULL, 1, '', NULL, NULL, 0, '', '', '', '', 'S', '', 0, 'images/', '', '', 11),
('2017-08-18 19:20:31', 'I', 413, 1247, 121, 0, 0, 8, NULL, NULL, NULL, 1, '', NULL, NULL, 0, '', '', '', '', 'S', '', 0, 'images/', '', '', 11),
('2017-08-18 19:20:41', 'I', 414, 1248, 121, 0, 0, 8, NULL, NULL, NULL, 1, '', NULL, NULL, 0, '', '', '', '', 'S', '', 0, 'images/', '', '', 11),
('2017-08-18 19:20:57', 'I', 415, 1257, 121, 0, 0, 8, NULL, NULL, NULL, 1, '', NULL, NULL, 0, '', '', '', '', 'S', '', 0, 'images/', '', '', 11),
('2017-08-18 19:21:11', 'I', 416, 1256, 121, 0, 0, 8, NULL, NULL, NULL, 1, '', NULL, NULL, 0, '', '', '', '', 'S', '', 0, 'images/', '', '', 11),
('2017-08-18 19:21:20', 'I', 417, 1258, 121, 0, 0, 8, NULL, NULL, NULL, 1, '', NULL, NULL, 0, '', '', '', '', 'S', '', 0, 'images/', '', '', 11),
('2017-08-18 19:21:34', 'I', 418, 1259, 121, 0, 0, 8, NULL, NULL, NULL, 1, '', NULL, NULL, 0, '', '', '', '', 'S', '', 0, 'images/', '', '', 11),
('2017-08-18 19:21:47', 'I', 419, 1260, 121, 0, 0, 8, NULL, NULL, NULL, 1, '', NULL, NULL, 0, '', '', '', '', 'S', '', 0, 'images/', '', '', 11),
('2017-08-18 19:22:03', 'I', 420, 1261, 121, 0, 0, 8, NULL, NULL, NULL, 1, '', NULL, NULL, 0, '', '', '', '', 'S', '', 0, 'images/', '', '', 11),
('2017-08-18 19:22:26', 'I', 421, 1251, 121, 0, 0, 8, NULL, NULL, NULL, 1, '', NULL, NULL, 0, '', '', '', '', 'S', '', 0, 'images/', '', '', 11),
('2017-08-18 19:22:40', 'I', 422, 1253, 121, 0, 0, 8, NULL, NULL, NULL, 1, '', NULL, NULL, 0, '', '', '', '', 'S', '', 0, 'images/', '', '', 11),
('2017-08-18 19:22:41', 'I', 423, 1253, 121, 0, 0, 8, NULL, NULL, NULL, 1, '', NULL, NULL, 0, '', '', '', '', 'S', '', 0, 'images/', '', '', 11),
('2017-08-18 19:23:00', 'I', 424, 1254, 121, 0, 0, 8, NULL, NULL, NULL, 1, '', NULL, NULL, 0, '', '', '', '', 'S', '', 0, 'images/', '', '', 11),
('2017-08-18 19:23:15', 'I', 425, 1255, 121, 0, 0, 8, NULL, NULL, NULL, 1, '', NULL, NULL, 0, '', '', '', '', 'S', '', 0, 'images/', '', '', 11),
('2017-08-18 19:23:16', 'I', 426, 0, 0, 0, 0, 8, NULL, NULL, NULL, 1, '', NULL, NULL, 0, '', '', '', '', 'S', '', 0, 'images/', '', '', 11),
('2017-08-18 19:23:37', 'I', 427, 1266, 121, 0, 0, 8, NULL, NULL, NULL, 1, '', NULL, NULL, 0, '', '', '', '', 'S', '', 0, 'images/', '', '', 11),
('2017-08-18 19:23:51', 'I', 428, 1267, 121, 0, 0, 8, NULL, NULL, NULL, 1, '', NULL, NULL, 0, '', '', '', '', 'S', '', 0, 'images/', '', '', 11),
('2017-08-18 19:24:41', 'I', 429, 1250, 121, 0, 0, 8, NULL, NULL, NULL, 1, '', NULL, NULL, 0, '', '', '', '', 'S', '', 0, 'images/', '', '', 11),
('2017-08-18 19:24:55', 'I', 430, 1252, 121, 0, 0, 8, NULL, NULL, NULL, 1, '', NULL, NULL, 0, '', '', '', '', 'S', '', 0, 'images/', '', '', 11),
('2017-08-18 19:25:26', 'I', 431, 1262, 121, 0, 0, 8, NULL, NULL, NULL, 1, '', NULL, NULL, 0, '', '', '', '', 'S', '', 0, 'images/', '', '', 11),
('2017-08-18 19:25:55', 'I', 432, 1263, 121, 0, 0, 8, NULL, NULL, NULL, 1, '', NULL, NULL, 0, '', '', '', '', 'S', '', 0, 'images/', '', '', 11),
('2017-08-18 19:31:19', 'I', 433, 1277, 121, 0, 0, 8, NULL, NULL, NULL, 1, '', NULL, NULL, 0, '', '', '', '', 'S', '', 0, 'images/', '', '', 11),
('2017-08-18 19:31:51', 'I', 434, 1278, 121, 0, 0, 8, NULL, NULL, NULL, 1, '', NULL, NULL, 0, '', '', '', '', 'S', '', 0, 'images/', '', '', 11),
('2017-08-18 19:32:11', 'I', 435, 1265, 121, 0, 0, 8, NULL, NULL, NULL, 1, '', NULL, NULL, 0, '', '', '', '', 'S', '', 0, 'images/', '', '', 11),
('2017-08-18 19:32:23', 'I', 436, 1264, 121, 0, 0, 8, NULL, NULL, NULL, 1, '', NULL, NULL, 0, '', '', '', '', 'S', '', 0, 'images/', '', '', 11),
('2017-08-18 19:33:12', 'I', 437, 1283, 121, 0, 0, 8, NULL, NULL, NULL, 1, '', NULL, NULL, 0, '', '', '', '', 'S', '', 0, 'images/', '', '', 11),
('2017-08-18 19:33:23', 'I', 438, 1284, 121, 0, 0, 8, NULL, NULL, NULL, 1, '', NULL, NULL, 0, '', '', '', '', 'S', '', 0, 'images/', '', '', 11),
('2017-08-18 19:35:16', 'I', 439, 1272, 121, 0, 0, 8, NULL, NULL, NULL, 1, '', NULL, NULL, 0, '', '', '', '', 'S', '', 0, 'images/', '', '', 11),
('2017-08-18 19:35:44', 'I', 440, 1271, 121, 0, 0, 8, NULL, NULL, NULL, 1, '', NULL, NULL, 0, '', '', '', '', 'S', '', 0, 'images/', '', '', 11),
('2017-08-18 19:36:20', 'I', 441, 1281, 121, 0, 0, 8, NULL, NULL, NULL, 1, '', NULL, NULL, 0, '', '', '', '', 'S', '', 0, 'images/', '', '', 11),
('2017-08-18 19:36:32', 'I', 442, 1282, 121, 0, 0, 8, NULL, NULL, NULL, 1, '', NULL, NULL, 0, '', '', '', '', 'S', '', 0, 'images/', '', '', 11),
('2017-08-18 19:36:48', 'I', 443, 1279, 121, 0, 0, 8, NULL, NULL, NULL, 1, '', NULL, NULL, 0, '', '', '', '', 'S', '', 0, 'images/', '', '', 11),
('2017-08-18 19:36:59', 'I', 444, 1280, 121, 0, 0, 8, NULL, NULL, NULL, 1, '', NULL, NULL, 0, '', '', '', '', 'S', '', 0, 'images/', '', '', 11),
('2017-08-18 19:37:40', 'I', 445, 1276, 121, 0, 0, 8, NULL, NULL, NULL, 1, '', NULL, NULL, 0, '', '', '', '', 'S', '', 0, 'images/', '', '', 11),
('2017-08-18 19:37:52', 'I', 446, 1275, 121, 0, 0, 8, NULL, NULL, NULL, 1, '', NULL, NULL, 0, '', '', '', '', 'S', '', 0, 'images/', '', '', 11),
('2017-08-18 19:38:20', 'I', 447, 1273, 121, 0, 0, 3, NULL, NULL, NULL, NULL, '', NULL, NULL, 0, '', '', '', '', 'S', '', 0, 'images/', '', '', 11),
('2017-08-18 19:38:31', 'I', 448, 1274, 121, 0, 0, 3, NULL, NULL, NULL, NULL, '', NULL, NULL, 0, '', '', '', '', 'S', '', 0, 'images/', '', '', 11),
('2017-08-18 19:38:40', 'I', 449, 1268, 121, 0, 0, 3, NULL, NULL, NULL, NULL, '', NULL, NULL, 0, '', '', '', '', 'S', '', 0, 'images/', '', '', 11),
('2017-08-18 19:38:48', 'I', 450, 1269, 121, 0, 0, 3, NULL, NULL, NULL, NULL, '', NULL, NULL, 0, '', '', '', '', 'S', '', 0, 'images/', '', '', 11),
('2017-08-18 19:38:56', 'I', 451, 1270, 121, 0, 0, 3, NULL, NULL, NULL, NULL, '', NULL, NULL, 0, '', '', '', '', 'S', '', 0, 'images/', '', '', 11),
('2017-08-19 13:55:30', 'B', 199, 0, 0, 0, 58, 8, NULL, NULL, NULL, 1, '', NULL, NULL, 0, '', '', '', '', 'S', '', 0, 'images/', '', '', 11),
('2017-08-19 13:55:32', 'B', 200, 0, 0, 0, 58, 8, NULL, NULL, NULL, 1, '', NULL, NULL, 0, '', '', '', '', 'S', '', 0, 'images/', '', '', 11),
('2017-08-19 13:55:34', 'B', 426, 0, 0, 0, 0, 8, NULL, NULL, NULL, 1, '', NULL, NULL, 0, '', '', '', '', 'S', '', 0, 'images/', '', '', 11),
('2017-09-10 21:34:47', 'U', 30, 917, 87, 0, 57, 4, 17, 275, NULL, 1, '', NULL, 430, 0, 'CALLE', '', '', '', 'S', '', 9, 'images/', '', '', 11),
('2017-09-12 18:58:54', 'I', 486, 911, 85, 0, 0, 6, NULL, NULL, NULL, 1, '', NULL, NULL, 0, 'MANO DE OBRA', '', '', '', 'N', '', 0, 'images/', '', '', 11),
('2017-09-12 18:59:34', 'I', 487, 911, 85, 0, 0, 6, NULL, NULL, NULL, 1, '', NULL, NULL, 0, 'OTROS SERVICIOS', '', '', '', 'N', '', 0, 'images/', '', '', 11),
('2017-09-12 18:59:36', 'I', 488, 0, 0, 0, 0, 6, NULL, NULL, NULL, 1, '', NULL, NULL, 0, '', '', '', '', 'S', '', 0, 'images/', '', '', 11),
('2017-09-16 13:20:30', 'U', 488, 0, 0, 0, 0, 6, NULL, NULL, NULL, 1, '', NULL, NULL, 0, '', '', '', '', 'S', '', 0, 'images/', '', '', 11),
('2017-09-16 13:24:38', 'U', 182, 0, 0, 0, 58, 7, NULL, NULL, NULL, 1, '', NULL, NULL, 0, '', '', '', '', 'S', '', 0, 'images/', '', '', 11),
('2017-09-16 13:25:04', 'I', 489, 911, 85, 0, 0, 7, NULL, NULL, NULL, 1, '', NULL, 50, 0, 'VALVULAS', '', '', '', 'S', '', 0, 'images/', '', '', 11);

-- --------------------------------------------------------

--
-- Estructura de tabla para la tabla `hproveedores`
--

CREATE TABLE IF NOT EXISTS `hproveedores` (
  `fecha` timestamp NOT NULL DEFAULT CURRENT_TIMESTAMP,
  `tipo` char(1) DEFAULT NULL,
  `prv_id` int(10) unsigned NOT NULL DEFAULT '0',
  `prv_descripcion` text,
  `prv_estado` int(10) unsigned DEFAULT '0',
  `usu_id` int(10) DEFAULT NULL,
  PRIMARY KEY (`fecha`,`prv_id`)
) ENGINE=MyISAM DEFAULT CHARSET=latin1;

--
-- Volcado de datos para la tabla `hproveedores`
--

INSERT INTO `hproveedores` (`fecha`, `tipo`, `prv_id`, `prv_descripcion`, `prv_estado`, `usu_id`) VALUES
('2017-06-27 19:09:45', 'B', 13, 'BALANCO', 0, 11),
('2017-06-27 19:09:51', 'B', 27, 'A. RUSSONIELLO SA', 0, 11),
('2017-06-27 19:09:51', 'B', 40, 'AUDI ZENTRUM PILAR', 0, 11),
('2017-06-27 19:09:55', 'B', 43, 'AUTOFRANCE SA', 0, 11),
('2017-06-27 19:09:58', 'B', 41, 'BARTOLI  NEUMATICOS', 0, 11),
('2017-06-27 19:10:00', 'B', 36, 'CALZETTA NEUMATICOS SA', 0, 11),
('2017-06-27 19:10:02', 'B', 53, 'CAR GOUP', 0, 11),
('2017-06-27 19:10:04', 'B', 29, 'CHAMONIX SA', 0, 11),
('2017-06-27 19:10:08', 'B', 49, 'DE SANTO SA', 0, 11),
('2017-06-27 19:10:09', 'B', 54, 'DIETRICH', 0, 11),
('2017-06-27 19:10:10', 'B', 6, 'ELEPECO', 0, 11),
('2017-06-27 19:10:13', 'B', 18, 'FEBRE SANTIAGO', 0, 11),
('2017-06-27 19:10:16', 'B', 28, 'FIORANO NEUMATICOS (DURAND)', 0, 11),
('2017-06-27 19:10:21', 'B', 42, 'GALANTE D ANTONIO RENAULT', 0, 11),
('2017-06-27 19:10:22', 'B', 9, 'GEVECO', 0, 11),
('2017-06-27 19:10:24', 'B', 4, 'GLOBAL GROUP', 0, 11),
('2017-06-27 19:10:26', 'B', 48, 'GRUPO BS AIRES', 0, 11),
('2017-06-27 19:10:27', 'B', 15, 'GRUPO MK', 0, 11),
('2017-06-27 19:10:28', 'B', 33, 'GUERRINI NEUMATICOS', 0, 11),
('2017-06-27 19:10:29', 'B', 7, 'ITALBO', 0, 11),
('2017-06-27 19:10:32', 'B', 17, 'ITALIA NEUMATICOS', 0, 11),
('2017-06-27 19:10:33', 'B', 50, 'KNG NEUMATICOS SA', 0, 11),
('2017-06-27 19:10:33', 'B', 21, 'LEVIS OLDANI NEUM SA', 0, 11),
('2017-06-27 19:10:35', 'B', 35, 'LUMIER AUTOMOTORES', 0, 11),
('2017-06-27 19:10:36', 'B', 23, 'MANTELLO NEUMATICOS SA', 0, 11),
('2017-06-27 19:10:39', 'B', 12, 'ML', 0, 11),
('2017-06-27 19:10:40', 'B', 3, 'MULTIRUEDAS', 0, 11),
('2017-06-27 19:10:42', 'B', 45, 'NAMAX MOTORS', 0, 11),
('2017-06-27 19:10:43', 'B', 32, 'NEUMASUR  SA', 0, 11),
('2017-06-27 19:10:45', 'B', 52, 'NEUMATICOS GALLO', 0, 11),
('2017-06-27 19:10:46', 'B', 26, 'NEUMATICOS GUERRERO', 0, 11),
('2017-06-27 19:10:50', 'B', 39, 'NIPPON', 0, 11),
('2017-06-27 19:10:53', 'B', 38, 'QUICK SOLUTION', 0, 11),
('2017-06-27 19:10:55', 'B', 24, 'RICARDO BARLOLI Y CIA SRL', 0, 11),
('2017-06-27 19:10:57', 'B', 31, 'ROSENDO NEUMATICOS (BARRIOS)', 0, 11),
('2017-06-27 19:11:00', 'B', 30, 'SALOTO NEUMATICOS', 0, 11),
('2017-06-27 19:11:03', 'B', 22, 'SAN JUAN 824 SRL', 0, 11),
('2017-06-27 19:11:05', 'B', 46, 'SAN JUAN Y SOLIS', 0, 11),
('2017-06-27 19:11:06', 'B', 47, 'SARACHO NEUMATICOS', 0, 11),
('2017-06-27 19:11:08', 'B', 5, 'STYLELINE', 0, 11),
('2017-06-27 19:11:09', 'B', 14, 'SUSP. DA NIEL SRL', 0, 11),
('2017-06-27 19:11:10', 'B', 20, 'TANGO PAMPA', 0, 11),
('2017-06-27 19:11:11', 'B', 34, 'TIGGERS', 0, 11),
('2017-06-27 19:11:14', 'B', 25, 'VCM DISTRIBUCION SRL', 0, 11),
('2017-06-27 19:11:16', 'B', 44, 'VICA NEUMATICOS ', 0, 11),
('2017-06-27 19:11:18', 'B', 16, 'VULCAMOIA MAR DEL PLATA SA', 0, 11),
('2017-06-27 19:11:20', 'B', 37, 'WAGEN SA ', 0, 11),
('2017-06-27 19:11:41', 'I', 56, 'A CHIUCHICH SAIC Y F', 0, 11),
('2017-06-29 17:48:21', 'I', 57, 'TERCOM SRL', 0, 11),
('2017-08-11 20:48:57', 'I', 58, 'EPSA', 0, 11),
('2017-08-11 20:57:04', 'I', 59, 'INTERCAP', 0, 11);

-- --------------------------------------------------------

--
-- Estructura de tabla para la tabla `hroles`
--

CREATE TABLE IF NOT EXISTS `hroles` (
  `fecha` timestamp NOT NULL DEFAULT CURRENT_TIMESTAMP,
  `tipo` char(1) DEFAULT NULL,
  `rol_id` int(10) unsigned NOT NULL DEFAULT '0',
  `rol_descripcion` text,
  `rol_estado` int(10) unsigned DEFAULT '0',
  `usu_id` int(10) DEFAULT NULL,
  PRIMARY KEY (`fecha`,`rol_id`)
) ENGINE=MyISAM DEFAULT CHARSET=latin1;

-- --------------------------------------------------------

--
-- Estructura de tabla para la tabla `hroles_x_usuario`
--

CREATE TABLE IF NOT EXISTS `hroles_x_usuario` (
  `fecha` timestamp NOT NULL DEFAULT CURRENT_TIMESTAMP,
  `tipo` char(1) DEFAULT NULL,
  `rxu_id` int(10) unsigned NOT NULL DEFAULT '0',
  `rol_id` int(10) unsigned NOT NULL DEFAULT '0',
  `usu_id` int(10) unsigned NOT NULL DEFAULT '0',
  `rxu_estado` int(10) DEFAULT '0',
  `usu_id_audit` int(10) DEFAULT NULL,
  PRIMARY KEY (`fecha`,`rxu_id`)
) ENGINE=MyISAM DEFAULT CHARSET=latin1;

--
-- Volcado de datos para la tabla `hroles_x_usuario`
--

INSERT INTO `hroles_x_usuario` (`fecha`, `tipo`, `rxu_id`, `rol_id`, `usu_id`, `rxu_estado`, `usu_id_audit`) VALUES
('2017-09-10 20:09:49', 'I', 22, 7, 23, 0, 11),
('2017-09-10 21:30:08', 'I', 23, 6, 18, 0, 11);

-- --------------------------------------------------------

--
-- Estructura de tabla para la tabla `hsucursales`
--

CREATE TABLE IF NOT EXISTS `hsucursales` (
  `fecha` timestamp NOT NULL DEFAULT CURRENT_TIMESTAMP,
  `tipo` char(1) DEFAULT NULL,
  `suc_id` int(10) unsigned NOT NULL DEFAULT '0',
  `suc_descripcion` text,
  `suc_calle` varchar(255) DEFAULT NULL,
  `suc_numero` varchar(255) DEFAULT NULL,
  `suc_piso` varchar(255) DEFAULT NULL,
  `suc_departamento` varchar(255) DEFAULT NULL,
  `suc_codigo_postal` varchar(255) DEFAULT NULL,
  `suc_ciudad` varchar(255) DEFAULT NULL,
  `suc_provincia` varchar(255) DEFAULT NULL,
  `suc_telefono1` varchar(255) DEFAULT NULL,
  `suc_telefono2` varchar(255) DEFAULT NULL,
  `suc_rubro` varchar(255) DEFAULT NULL,
  `suc_numero_sucursal` varchar(255) DEFAULT NULL,
  `suc_ultima_factura` int(11) DEFAULT '0',
  `suc_ultima_nc` int(11) DEFAULT '0',
  `suc_ultima_nd` int(11) DEFAULT '0',
  `suc_ultimo_recibo` int(11) DEFAULT '0',
  `suc_estado` int(10) unsigned DEFAULT '0',
  `suc_mail` varchar(200) DEFAULT NULL,
  `usu_id` int(10) DEFAULT NULL,
  PRIMARY KEY (`fecha`,`suc_id`)
) ENGINE=MyISAM DEFAULT CHARSET=latin1;

--
-- Volcado de datos para la tabla `hsucursales`
--

INSERT INTO `hsucursales` (`fecha`, `tipo`, `suc_id`, `suc_descripcion`, `suc_calle`, `suc_numero`, `suc_piso`, `suc_departamento`, `suc_codigo_postal`, `suc_ciudad`, `suc_provincia`, `suc_telefono1`, `suc_telefono2`, `suc_rubro`, `suc_numero_sucursal`, `suc_ultima_factura`, `suc_ultima_nc`, `suc_ultima_nd`, `suc_ultimo_recibo`, `suc_estado`, `suc_mail`, `usu_id`) VALUES
('2017-07-08 18:28:10', 'I', 7, 'DEPOSITO', '', '', '', '', '', 'SAN MARTIN', '', '', '', '', '', 0, 0, 0, 0, 0, '', 11),
('2017-09-10 20:19:33', 'U', 7, 'DEPOSITO', '', '', '', '', '', 'SAN MARTIN', '', '', '', '', '', 0, 0, 0, 0, 0, '', 11),
('2017-09-10 20:19:50', 'U', 5, 'FOREST 800', 'FOREST', '837', '', '', '', 'CABA', '', '', '', '', '', 0, 0, 0, 0, 0, 'reventa@megallantas.com.ar', 11),
('2017-09-10 20:20:02', 'U', 5, 'FOREST 800', 'FOREST', '837', '', '', '', 'CABA', '', '', '', 'GOMERIA', '', 0, 0, 0, 0, 0, 'reventa@megallantas.com.ar', 11),
('2017-09-10 20:20:13', 'U', 5, 'FOREST 800', 'FOREST', '837', '', '', '', 'CABA', '', '', '', 'GOMERIA', '', 0, 0, 0, 0, 0, 'info@megallantas.com.ar', 11),
('2017-09-10 20:20:19', 'U', 5, 'FOREST 840', 'FOREST', '837', '', '', '', 'CABA', '', '', '', 'GOMERIA', '', 0, 0, 0, 0, 0, 'info@megallantas.com.ar', 11);

-- --------------------------------------------------------

--
-- Estructura de tabla para la tabla `hsucursales_x_usuario`
--

CREATE TABLE IF NOT EXISTS `hsucursales_x_usuario` (
  `fecha` timestamp NOT NULL DEFAULT CURRENT_TIMESTAMP,
  `tipo` char(1) DEFAULT NULL,
  `sxu_id` int(10) unsigned NOT NULL AUTO_INCREMENT,
  `suc_id` int(10) unsigned NOT NULL DEFAULT '0',
  `usu_id` int(10) unsigned NOT NULL DEFAULT '0',
  `sxu_estado` int(10) DEFAULT '0',
  `usu_id_audit` int(10) DEFAULT NULL,
  PRIMARY KEY (`fecha`,`sxu_id`)
) ENGINE=MyISAM DEFAULT CHARSET=latin1 AUTO_INCREMENT=1 ;

--
-- Volcado de datos para la tabla `hsucursales_x_usuario`
--

INSERT INTO `hsucursales_x_usuario` (`fecha`, `tipo`, `sxu_id`, `suc_id`, `usu_id`, `sxu_estado`, `usu_id_audit`) VALUES
('2017-09-10 20:15:30', 'I', 18, 0, 18, 0, 11),
('2017-09-13 15:46:24', 'I', 19, 5, 23, 0, 11),
('2017-09-13 15:46:28', 'I', 20, 7, 23, 0, 11);

-- --------------------------------------------------------

--
-- Estructura de tabla para la tabla `htipo_movimientos`
--

CREATE TABLE IF NOT EXISTS `htipo_movimientos` (
  `fecha` timestamp NOT NULL DEFAULT CURRENT_TIMESTAMP,
  `tipo` char(1) DEFAULT NULL,
  `tim_id` int(10) unsigned NOT NULL DEFAULT '0',
  `tim_descripcion` varchar(255) DEFAULT NULL,
  `tim_suma` varchar(20) DEFAULT NULL,
  `tim_estado` int(10) NOT NULL DEFAULT '0',
  `usu_id` int(10) DEFAULT NULL,
  PRIMARY KEY (`fecha`,`tim_id`)
) ENGINE=MyISAM DEFAULT CHARSET=latin1;

-- --------------------------------------------------------

--
-- Estructura de tabla para la tabla `htipo_productos`
--

CREATE TABLE IF NOT EXISTS `htipo_productos` (
  `fecha` timestamp NOT NULL DEFAULT CURRENT_TIMESTAMP,
  `tipo` char(1) DEFAULT NULL,
  `tip_id` int(10) unsigned NOT NULL DEFAULT '0',
  `tip_descripcion` text,
  `tip_estado` int(10) unsigned DEFAULT '0',
  `tip_3cuotas` double(9,2) DEFAULT NULL,
  `tip_6cuotas` double(9,2) DEFAULT NULL,
  `tip_12cuotas` double(9,2) DEFAULT NULL,
  `usu_id` int(10) DEFAULT NULL,
  PRIMARY KEY (`fecha`,`tip_id`)
) ENGINE=MyISAM DEFAULT CHARSET=latin1;

--
-- Volcado de datos para la tabla `htipo_productos`
--

INSERT INTO `htipo_productos` (`fecha`, `tipo`, `tip_id`, `tip_descripcion`, `tip_estado`, `tip_3cuotas`, `tip_6cuotas`, `tip_12cuotas`, `usu_id`) VALUES
('2017-08-08 18:30:22', 'I', 10, 'REPUESTOS', 0, 0.00, 0.00, 0.00, 11);

-- --------------------------------------------------------

--
-- Estructura de tabla para la tabla `htipo_rango`
--

CREATE TABLE IF NOT EXISTS `htipo_rango` (
  `fecha` timestamp NOT NULL DEFAULT CURRENT_TIMESTAMP,
  `tipo` char(1) DEFAULT NULL,
  `tr_id` int(10) unsigned NOT NULL DEFAULT '0',
  `tr_descripcion` text,
  `tr_velocidad_desde` int(11) DEFAULT NULL,
  `tr_velocidad_hasta` int(11) DEFAULT NULL,
  `tr_estado` int(10) unsigned DEFAULT '0',
  `usu_id` int(10) DEFAULT NULL,
  PRIMARY KEY (`fecha`,`tr_id`)
) ENGINE=MyISAM DEFAULT CHARSET=latin1;

-- --------------------------------------------------------

--
-- Estructura de tabla para la tabla `husuarios`
--

CREATE TABLE IF NOT EXISTS `husuarios` (
  `fecha` timestamp NOT NULL DEFAULT CURRENT_TIMESTAMP,
  `tipo` char(1) DEFAULT NULL,
  `usu_id` int(10) unsigned NOT NULL DEFAULT '0',
  `usu_descripcion` text,
  `usu_clave` varchar(100) DEFAULT NULL,
  `usu_estado` int(10) unsigned DEFAULT '0',
  `suc_id` int(10) DEFAULT NULL,
  `usu_mail` text,
  `usu_id_audit` int(10) DEFAULT NULL,
  PRIMARY KEY (`fecha`,`usu_id`)
) ENGINE=MyISAM DEFAULT CHARSET=latin1;

--
-- Volcado de datos para la tabla `husuarios`
--

INSERT INTO `husuarios` (`fecha`, `tipo`, `usu_id`, `usu_descripcion`, `usu_clave`, `usu_estado`, `suc_id`, `usu_mail`, `usu_id_audit`) VALUES
('2017-09-10 20:01:29', 'B', 3, 'edu-oper-cha', '379ef4bd50c30e261ccfb18dfc626d9f', 0, 2, NULL, 11),
('2017-09-10 20:01:31', 'B', 4, 'edu-oper-pal', '379ef4bd50c30e261ccfb18dfc626d9f', 0, 3, NULL, 11),
('2017-09-10 20:01:32', 'B', 2, 'edu-oper-taller', '379ef4bd50c30e261ccfb18dfc626d9f', 0, 1, NULL, 11),
('2017-09-10 20:01:33', 'B', 12, 'edu_admin', '3553371ed524a7fc2e3fb339346368f3', 0, NULL, NULL, 11),
('2017-09-10 20:01:39', 'B', 5, 'admin2', '3553371ed524a7fc2e3fb339346368f3', 0, NULL, 'edulanzara@gmail.com', 11),
('2017-09-10 20:02:00', 'U', 1, 'admin', '3553371ed524a7fc2e3fb339346368f3', 0, NULL, 'edulanzara@gmail.com, dcuirolo@yahoo.com.ar, info@megallantas.com.ar ', 11),
('2017-09-10 20:05:51', 'U', 11, 'vivit', '92b32908e8b9f9b67d4fb5d580524a7f', 0, NULL, NULL, 11),
('2017-09-10 20:06:50', 'I', 23, 'ADMINITRACION', '0a21ba10cf070d1cf24f43d2d6d25484', 0, 5, 'info@megallantas.com.ar ', 11),
('2017-09-10 20:11:21', 'U', 23, 'ADMINITRACION', '0a21ba10cf070d1cf24f43d2d6d25484', 0, 5, 'info@megallantas.com.ar ', 11),
('2017-09-10 20:11:58', 'U', 23, 'ADMINITRACION', '0a21ba10cf070d1cf24f43d2d6d25484', 0, 0, 'info@megallantas.com.ar ', 11),
('2017-09-10 20:12:04', 'U', 23, 'ADMINISTRACION', 'a4444d132dfd2f3aafb3a89c2007dc25', 0, 0, 'info@megallantas.com.ar ', 11),
('2017-09-10 20:15:07', 'U', 18, 'CAJA', '2a05cd4c59dbc83312e6ef09d54d35a7', 0, 2, 'megallantas@megallantas.com.ar', 11),
('2017-09-11 18:52:07', 'U', 23, 'ADMINISTRACION', '0a21ba10cf070d1cf24f43d2d6d25484', 0, 0, 'info@megallantas.com.ar ', 11),
('2017-09-11 18:52:24', 'U', 18, 'CAJA', '0a21ba10cf070d1cf24f43d2d6d25484', 0, 0, 'megallantas@megallantas.com.ar', 11),
('2017-09-13 15:48:07', 'U', 23, 'ADMINISTRACION', '2a581ba667d6d68aad49715d4f979623', 0, 0, 'info@megallantas.com.ar ', 11);

-- --------------------------------------------------------

--
-- Estructura de tabla para la tabla `hvehiculos`
--

CREATE TABLE IF NOT EXISTS `hvehiculos` (
  `fecha` timestamp NOT NULL DEFAULT CURRENT_TIMESTAMP,
  `tipo` char(1) DEFAULT NULL,
  `veh_id` int(10) unsigned NOT NULL DEFAULT '0',
  `mod_id` int(10) unsigned NOT NULL DEFAULT '0',
  `mar_id` int(10) unsigned NOT NULL DEFAULT '0',
  `cli_id` int(10) unsigned NOT NULL DEFAULT '0',
  `veh_neumaticos` varchar(255) DEFAULT NULL,
  `veh_llantas` varchar(255) DEFAULT NULL,
  `veh_patente` varchar(255) DEFAULT NULL,
  `veh_estado` int(10) DEFAULT '0',
  `veh_observaciones` text,
  `veh_rodado` varchar(255) DEFAULT NULL,
  `veh_f_ult_cambio_rodado` date DEFAULT NULL,
  `neumatico_mod_id` int(10) DEFAULT NULL,
  `neumatico_mar_id` int(10) DEFAULT NULL,
  `veh_neumatico_medida` varchar(255) DEFAULT NULL,
  `llanta_mod_id` int(10) DEFAULT NULL,
  `llanta_mar_id` int(10) DEFAULT NULL,
  `veh_llanta_medida` varchar(255) DEFAULT NULL,
  `veh_km` varchar(255) DEFAULT NULL,
  `veh_fotos` text,
  `veh_distribucion` varchar(255) DEFAULT NULL,
  `usu_id` int(10) DEFAULT NULL,
  PRIMARY KEY (`fecha`,`veh_id`)
) ENGINE=MyISAM DEFAULT CHARSET=latin1;

--
-- Volcado de datos para la tabla `hvehiculos`
--

INSERT INTO `hvehiculos` (`fecha`, `tipo`, `veh_id`, `mod_id`, `mar_id`, `cli_id`, `veh_neumaticos`, `veh_llantas`, `veh_patente`, `veh_estado`, `veh_observaciones`, `veh_rodado`, `veh_f_ult_cambio_rodado`, `neumatico_mod_id`, `neumatico_mar_id`, `veh_neumatico_medida`, `llanta_mod_id`, `llanta_mar_id`, `veh_llanta_medida`, `veh_km`, `veh_fotos`, `veh_distribucion`, `usu_id`) VALUES
('2017-09-10 16:05:17', 'I', 1, 1296, 125, 5703, '', '', '', 0, NULL, '', '0000-00-00', 0, 0, '', 0, 0, '', '', 'images/', '', 11),
('2017-09-12 18:52:11', 'I', 2, 1296, 125, 5704, '', '', '', 0, NULL, '', '0000-00-00', 0, 0, '', 0, 0, '', '', 'images/', '', 11);

-- --------------------------------------------------------

--
-- Estructura de tabla para la tabla `marcas`
--

CREATE TABLE IF NOT EXISTS `marcas` (
  `mar_id` int(10) unsigned NOT NULL AUTO_INCREMENT,
  `mar_descripcion` text,
  `mar_estado` int(10) unsigned DEFAULT '0',
  `mar_foto` varchar(255) DEFAULT NULL,
  `usu_id` int(10) DEFAULT NULL,
  PRIMARY KEY (`mar_id`)
) ENGINE=MyISAM  DEFAULT CHARSET=latin1 AUTO_INCREMENT=127 ;

--
-- Volcado de datos para la tabla `marcas`
--

INSERT INTO `marcas` (`mar_id`, `mar_descripcion`, `mar_estado`, `mar_foto`, `usu_id`) VALUES
(82, 'SUZUKI', 0, NULL, 11),
(83, 'HONDA', 0, NULL, 11),
(84, 'YAMAHA', 0, NULL, 11),
(85, 'GENERICO', 0, NULL, 11),
(86, 'YAMASIDA', 0, NULL, 11),
(87, 'KESHUAI', 0, NULL, 11),
(88, 'FEICHI', 0, NULL, 11),
(89, 'ALBA', 0, NULL, 11),
(90, 'NSU', 0, NULL, 11),
(91, 'MOTOMEL', 0, NULL, 11),
(92, 'BRAVO', 0, NULL, 11),
(93, 'SPLENDOR', 0, NULL, 11),
(94, 'AERO', 0, NULL, 11),
(95, 'MICRO', 0, NULL, 11),
(96, 'UNIVERSAL', 0, NULL, 11),
(97, 'TITAN', 0, NULL, 11),
(98, 'BAJAJ', 0, NULL, 11),
(99, 'KAWASAKI', 0, NULL, 11),
(100, 'BMW', 0, NULL, 11),
(101, 'GILERA', 0, NULL, 11),
(102, 'RIFFEL ', 0, NULL, 11),
(103, 'NGK', 0, NULL, 11),
(104, 'WEGA', 0, NULL, 11),
(105, 'PK4 ', 0, NULL, 11),
(106, 'C45', 0, NULL, 11),
(107, 'MANN', 0, NULL, 11),
(108, 'ELEVAN', 0, NULL, 11),
(109, 'MEIWA', 0, NULL, 11),
(110, 'DIAFRAG', 0, NULL, 11),
(111, 'MICHELIN', 0, NULL, 11),
(112, 'SHAD ', 0, NULL, 11),
(113, 'CARDO', 0, NULL, 11),
(114, 'PUIG', 0, NULL, 11),
(115, 'MOTOBAT BATERIAS', 0, NULL, 11),
(116, 'NOLAN HELMET', 0, NULL, 11),
(117, 'DROOK ', 0, NULL, 11),
(118, 'HIFLO ', 0, NULL, 11),
(119, 'BIEFFE', 0, NULL, 11),
(120, 'PEELS', 0, NULL, 11),
(121, 'LS2', 0, NULL, 11),
(122, 'PANTANEIRO', 0, NULL, 11),
(123, 'CONTINENTAL', 0, NULL, 11),
(124, 'METZELER', 0, NULL, 11),
(125, 'GENERICA', 0, NULL, 11),
(126, 'GENERICO', 1, NULL, 11);

-- --------------------------------------------------------

--
-- Estructura de tabla para la tabla `marcas_tipos_prod`
--

CREATE TABLE IF NOT EXISTS `marcas_tipos_prod` (
  `mtp_id` int(10) unsigned NOT NULL AUTO_INCREMENT,
  `mar_id` int(10) DEFAULT NULL,
  `mod_id` int(10) DEFAULT NULL,
  `tip_id` int(10) DEFAULT NULL,
  `mtp_estado` int(10) unsigned DEFAULT '0',
  `usu_id` int(10) DEFAULT NULL,
  PRIMARY KEY (`mtp_id`)
) ENGINE=MyISAM  DEFAULT CHARSET=latin1 AUTO_INCREMENT=1733 ;

--
-- Volcado de datos para la tabla `marcas_tipos_prod`
--

INSERT INTO `marcas_tipos_prod` (`mtp_id`, `mar_id`, `mod_id`, `tip_id`, `mtp_estado`, `usu_id`) VALUES
(1212, 82, 0, 8, 0, 11),
(1213, 82, 901, 8, 0, 11),
(1214, 82, 902, 8, 0, 11),
(1215, 83, 0, 8, 0, 11),
(1216, 83, 0, 1, 0, 11),
(1217, 82, 0, 1, 0, 11),
(1218, 83, 903, 8, 0, 11),
(1219, 83, 904, 8, 0, 11),
(1220, 83, 905, 8, 0, 11),
(1221, 83, 906, 8, 0, 11),
(1222, 83, 907, 8, 0, 11),
(1223, 83, 908, 8, 0, 11),
(1224, 83, 909, 8, 0, 11),
(1225, 84, 0, 8, 0, 11),
(1226, 84, 0, 1, 0, 11),
(1227, 84, 910, 8, 0, 11),
(1228, 85, 0, 8, 0, 11),
(1229, 85, 911, 8, 0, 11),
(1230, 86, 0, 4, 0, 11),
(1231, 87, 0, 4, 0, 11),
(1232, 88, 0, 4, 0, 11),
(1233, 86, 912, 4, 0, 11),
(1234, 86, 913, 4, 0, 11),
(1235, 86, 914, 4, 0, 11),
(1236, 86, 915, 4, 0, 11),
(1237, 87, 916, 4, 0, 11),
(1238, 87, 917, 4, 0, 11),
(1239, 88, 918, 4, 0, 11),
(1240, 88, 919, 4, 0, 11),
(1241, 88, 920, 4, 0, 11),
(1242, 88, 921, 4, 0, 11),
(1243, 88, 922, 4, 0, 11),
(1244, 89, 0, 3, 0, 11),
(1245, 89, 923, 3, 0, 11),
(1246, 89, 924, 3, 0, 11),
(1247, 90, 0, 8, 1, 11),
(1248, 90, 925, 8, 1, 11),
(1249, 90, 926, 8, 1, 11),
(1250, 90, 927, 8, 1, 11),
(1251, 83, 928, 8, 0, 11),
(1252, 83, 929, 8, 0, 11),
(1253, 82, 930, 8, 0, 11),
(1254, 82, 931, 8, 0, 11),
(1255, 84, 932, 8, 0, 11),
(1256, 83, 933, 8, 0, 11),
(1257, 83, 934, 8, 0, 11),
(1258, 83, 935, 8, 0, 11),
(1259, 83, 936, 8, 0, 11),
(1260, 91, 0, 8, 0, 11),
(1261, 91, 0, 1, 0, 11),
(1262, 91, 937, 8, 0, 11),
(1263, 84, 938, 8, 0, 11),
(1264, 92, 0, 8, 0, 11),
(1265, 93, 0, 8, 0, 11),
(1266, 94, 0, 8, 0, 11),
(1267, 95, 0, 8, 0, 11),
(1268, 92, 939, 8, 0, 11),
(1269, 93, 940, 8, 0, 11),
(1270, 94, 941, 8, 0, 11),
(1271, 95, 942, 8, 0, 11),
(1272, 96, 0, 8, 0, 11),
(1273, 96, 943, 8, 0, 11),
(1274, 97, 0, 8, 0, 11),
(1275, 97, 944, 8, 0, 11),
(1276, 98, 0, 8, 0, 11),
(1277, 98, 945, 8, 0, 11),
(1278, 83, 947, 8, 0, 11),
(1279, 84, 948, 8, 0, 11),
(1280, 84, 949, 8, 0, 11),
(1281, 84, 950, 8, 1, 11),
(1282, 84, 951, 8, 0, 11),
(1283, 99, 0, 8, 0, 11),
(1284, 99, 0, 1, 0, 11),
(1285, 85, 952, 8, 0, 11),
(1286, 100, 0, 8, 0, 11),
(1287, 100, 0, 1, 0, 11),
(1288, 100, 953, 8, 0, 11),
(1289, 101, 0, 8, 0, 11),
(1290, 101, 0, 1, 0, 11),
(1291, 101, 954, 8, 0, 11),
(1292, 83, 955, 8, 0, 11),
(1293, 83, 955, 1, 0, 11),
(1294, 83, 956, 8, 0, 11),
(1295, 83, 956, 1, 0, 11),
(1296, 82, 957, 8, 0, 11),
(1297, 82, 957, 1, 0, 11),
(1298, 83, 958, 8, 0, 11),
(1299, 82, 959, 8, 0, 11),
(1300, 84, 960, 8, 0, 11),
(1301, 98, 961, 8, 0, 11),
(1302, 98, 962, 8, 0, 11),
(1303, 83, 963, 8, 0, 11),
(1304, 83, 964, 8, 0, 11),
(1305, 83, 965, 8, 0, 11),
(1306, 84, 966, 8, 0, 11),
(1307, 98, 967, 8, 0, 11),
(1308, 94, 15, 8, 0, 11),
(1309, 94, 16, 8, 0, 11),
(1310, 94, 17, 8, 0, 11),
(1311, 94, 14, 8, 0, 11),
(1312, 94, 20, 8, 0, 11),
(1313, 94, 11, 8, 0, 11),
(1314, 94, 18, 8, 0, 11),
(1315, 94, 13, 8, 0, 11),
(1316, 94, 12, 8, 0, 11),
(1317, 94, 19, 8, 0, 11),
(1318, 92, 44, 8, 0, 11),
(1319, 92, 43, 8, 0, 11),
(1320, 92, 42, 8, 0, 11),
(1321, 92, 61, 8, 0, 11),
(1322, 92, 60, 8, 0, 11),
(1323, 92, 45, 8, 0, 11),
(1324, 92, 46, 8, 0, 11),
(1325, 92, 62, 8, 0, 11),
(1326, 92, 59, 8, 0, 11),
(1327, 92, 47, 8, 0, 11),
(1328, 92, 32, 8, 0, 11),
(1329, 92, 31, 8, 0, 11),
(1330, 92, 30, 8, 0, 11),
(1331, 92, 33, 8, 0, 11),
(1332, 92, 36, 8, 0, 11),
(1333, 92, 58, 8, 0, 11),
(1334, 92, 57, 8, 0, 11),
(1335, 92, 56, 8, 0, 11),
(1336, 92, 55, 8, 0, 11),
(1337, 92, 35, 8, 0, 11),
(1338, 92, 34, 8, 0, 11),
(1339, 92, 37, 8, 0, 11),
(1340, 92, 65, 8, 0, 11),
(1341, 92, 64, 8, 0, 11),
(1342, 92, 63, 8, 0, 11),
(1343, 92, 66, 8, 0, 11),
(1344, 92, 40, 8, 0, 11),
(1345, 92, 39, 8, 0, 11),
(1346, 92, 38, 8, 0, 11),
(1347, 92, 52, 8, 0, 11),
(1348, 92, 41, 8, 0, 11),
(1349, 92, 50, 8, 0, 11),
(1350, 92, 49, 8, 0, 11),
(1351, 92, 48, 8, 0, 11),
(1352, 92, 51, 8, 0, 11),
(1353, 92, 54, 8, 0, 11),
(1354, 92, 53, 8, 0, 11),
(1355, 95, 9, 8, 0, 11),
(1356, 95, 8, 8, 0, 11),
(1357, 95, 5, 8, 0, 11),
(1358, 95, 4, 8, 0, 11),
(1359, 95, 10, 8, 0, 11),
(1360, 95, 6, 8, 0, 11),
(1361, 95, 7, 8, 0, 11),
(1362, 95, 3, 8, 0, 11),
(1363, 95, 1, 8, 0, 11),
(1364, 95, 2, 8, 0, 11),
(1365, 93, 22, 8, 0, 11),
(1366, 93, 21, 8, 0, 11),
(1367, 93, 28, 8, 0, 11),
(1368, 93, 25, 8, 0, 11),
(1369, 93, 29, 8, 0, 11),
(1370, 93, 24, 8, 0, 11),
(1371, 93, 23, 8, 0, 11),
(1372, 93, 27, 8, 0, 11),
(1373, 93, 26, 8, 0, 11),
(1374, 93, 940, 8, 0, 11),
(1375, 98, 0, 10, 0, 11),
(1376, 98, 962, 10, 0, 11),
(1377, 98, 961, 10, 0, 11),
(1378, 98, 967, 10, 0, 11),
(1379, 98, 945, 10, 0, 11),
(1380, 84, 0, 7, 0, 11),
(1381, 84, 968, 7, 0, 11),
(1382, 102, 0, 7, 0, 11),
(1383, 102, 969, 7, 0, 11),
(1384, 103, 0, 7, 0, 11),
(1385, 103, 970, 7, 0, 11),
(1386, 103, 971, 7, 0, 11),
(1387, 103, 972, 7, 0, 11),
(1388, 103, 973, 7, 0, 11),
(1389, 103, 974, 7, 0, 11),
(1390, 84, 976, 7, 0, 11),
(1391, 104, 0, 7, 0, 11),
(1392, 104, 977, 7, 0, 11),
(1393, 104, 978, 7, 0, 11),
(1394, 104, 980, 7, 0, 11),
(1395, 104, 981, 7, 0, 11),
(1396, 105, 0, 8, 0, 11),
(1397, 105, 982, 8, 0, 11),
(1398, 105, 983, 8, 0, 11),
(1399, 105, 984, 8, 0, 11),
(1400, 106, 0, 10, 0, 11),
(1401, 106, 986, 10, 0, 11),
(1402, 106, 987, 10, 0, 11),
(1403, 106, 988, 10, 0, 11),
(1404, 0, 989, 10, 0, 11),
(1405, 0, 990, 10, 0, 11),
(1406, 106, 991, 10, 0, 11),
(1407, 106, 992, 10, 0, 11),
(1408, 106, 993, 10, 0, 11),
(1409, 106, 994, 10, 0, 11),
(1410, 106, 995, 10, 0, 11),
(1411, 106, 996, 10, 0, 11),
(1412, 106, 997, 10, 0, 11),
(1413, 106, 998, 10, 0, 11),
(1414, 106, 999, 10, 0, 11),
(1415, 106, 1000, 10, 0, 11),
(1416, 106, 1001, 10, 0, 11),
(1417, 106, 1002, 10, 0, 11),
(1418, 98, 1003, 10, 0, 11),
(1419, 98, 1004, 10, 0, 11),
(1420, 98, 1005, 10, 0, 11),
(1421, 98, 1006, 10, 0, 11),
(1422, 98, 1007, 10, 0, 11),
(1423, 104, 1008, 10, 0, 11),
(1424, 104, 1009, 10, 0, 11),
(1425, 107, 0, 7, 0, 11),
(1426, 107, 1010, 7, 0, 11),
(1427, 107, 1011, 7, 0, 11),
(1428, 98, 1012, 10, 0, 11),
(1429, 98, 1013, 10, 0, 11),
(1430, 98, 1014, 10, 0, 11),
(1431, 98, 1015, 10, 0, 11),
(1432, 98, 1016, 10, 0, 11),
(1433, 98, 1017, 10, 0, 11),
(1434, 108, 0, 10, 0, 11),
(1435, 108, 1018, 10, 0, 11),
(1436, 108, 1019, 10, 0, 11),
(1437, 108, 1021, 10, 0, 11),
(1438, 108, 1022, 10, 0, 11),
(1439, 108, 1023, 10, 0, 11),
(1440, 85, 1024, 8, 0, 11),
(1441, 85, 1025, 8, 0, 11),
(1442, 85, 1026, 8, 0, 11),
(1443, 109, 0, 7, 0, 11),
(1444, 110, 0, 10, 0, 11),
(1445, 111, 0, 4, 1, 11),
(1446, 85, 1027, 8, 0, 11),
(1447, 112, 0, 8, 0, 11),
(1448, 112, 1028, 8, 0, 11),
(1449, 112, 1029, 8, 0, 11),
(1450, 112, 1030, 8, 0, 11),
(1451, 112, 1031, 8, 0, 11),
(1452, 112, 1032, 8, 0, 11),
(1453, 112, 1033, 8, 0, 11),
(1454, 112, 1034, 8, 0, 11),
(1455, 112, 1035, 8, 0, 11),
(1456, 112, 1036, 8, 0, 11),
(1457, 112, 1037, 8, 0, 11),
(1458, 112, 1038, 8, 0, 11),
(1459, 113, 0, 8, 0, 11),
(1460, 114, 0, 8, 0, 11),
(1461, 112, 1039, 8, 0, 11),
(1462, 0, 1040, 8, 1, 11),
(1463, 112, 1041, 8, 0, 11),
(1464, 112, 1042, 8, 0, 11),
(1465, 112, 1043, 8, 0, 11),
(1466, 112, 1044, 8, 0, 11),
(1467, 112, 1045, 8, 0, 11),
(1468, 112, 1046, 8, 0, 11),
(1469, 112, 1047, 8, 0, 11),
(1470, 112, 1048, 8, 0, 11),
(1471, 112, 1049, 8, 0, 11),
(1472, 112, 1050, 8, 0, 11),
(1473, 112, 1051, 8, 0, 11),
(1474, 112, 1052, 8, 0, 11),
(1475, 112, 1053, 8, 0, 11),
(1476, 112, 1054, 8, 0, 11),
(1477, 112, 1055, 8, 0, 11),
(1478, 112, 1056, 8, 0, 11),
(1479, 112, 1057, 8, 0, 11),
(1480, 112, 1058, 8, 0, 11),
(1481, 112, 1059, 8, 0, 11),
(1482, 112, 1060, 8, 0, 11),
(1483, 112, 1061, 8, 0, 11),
(1484, 112, 1062, 8, 0, 11),
(1485, 115, 0, 10, 0, 11),
(1486, 112, 1063, 8, 0, 11),
(1487, 112, 1064, 8, 0, 11),
(1488, 112, 1065, 8, 0, 11),
(1489, 112, 1066, 8, 0, 11),
(1490, 112, 1067, 8, 0, 11),
(1491, 112, 1068, 8, 0, 11),
(1492, 116, 0, 8, 0, 11),
(1493, 116, 1069, 8, 0, 11),
(1494, 116, 1070, 8, 0, 11),
(1495, 116, 1071, 8, 0, 11),
(1496, 116, 1072, 8, 0, 11),
(1497, 116, 1073, 8, 0, 11),
(1498, 116, 1074, 8, 0, 11),
(1499, 116, 1075, 8, 0, 11),
(1500, 116, 1076, 8, 0, 11),
(1501, 116, 1077, 8, 0, 11),
(1502, 116, 1078, 8, 0, 11),
(1503, 116, 1079, 8, 0, 11),
(1504, 116, 1080, 8, 0, 11),
(1505, 116, 1081, 8, 0, 11),
(1506, 116, 1082, 8, 0, 11),
(1507, 116, 1083, 8, 0, 11),
(1508, 116, 1083, 8, 0, 11),
(1509, 116, 1084, 8, 0, 11),
(1510, 116, 1085, 8, 0, 11),
(1511, 116, 1086, 8, 0, 11),
(1512, 116, 1087, 8, 0, 11),
(1513, 116, 1088, 8, 0, 11),
(1514, 111, 1089, 10, 0, 11),
(1515, 111, 1090, 10, 0, 11),
(1516, 111, 1091, 4, 0, 11),
(1517, 111, 1092, 4, 1, 11),
(1518, 111, 1093, 4, 1, 11),
(1519, 111, 1094, 4, 1, 11),
(1520, 111, 1095, 4, 1, 11),
(1521, 111, 1096, 4, 0, 11),
(1522, 111, 1097, 4, 1, 11),
(1523, 111, 1098, 4, 1, 11),
(1524, 111, 1099, 4, 1, 11),
(1525, 111, 1100, 4, 0, 11),
(1526, 111, 1101, 4, 1, 11),
(1527, 111, 1102, 4, 0, 11),
(1528, 111, 1103, 4, 1, 11),
(1529, 111, 1104, 4, 1, 11),
(1530, 111, 1105, 4, 1, 11),
(1531, 111, 1106, 4, 1, 11),
(1532, 111, 1107, 4, 1, 11),
(1533, 111, 1108, 4, 0, 11),
(1534, 111, 1109, 4, 1, 11),
(1535, 111, 1110, 4, 0, 11),
(1536, 111, 1111, 4, 0, 11),
(1537, 111, 1112, 4, 0, 11),
(1538, 111, 1113, 4, 1, 11),
(1539, 111, 1114, 4, 1, 11),
(1540, 111, 1115, 4, 1, 11),
(1541, 117, 0, 10, 0, 11),
(1542, 117, 1116, 10, 0, 11),
(1543, 117, 1117, 10, 0, 11),
(1544, 117, 1118, 10, 0, 11),
(1545, 117, 1119, 10, 0, 11),
(1546, 117, 1120, 10, 0, 11),
(1547, 117, 1121, 10, 0, 11),
(1548, 117, 1122, 10, 0, 11),
(1549, 117, 1123, 10, 0, 11),
(1550, 117, 1124, 10, 0, 11),
(1551, 117, 1125, 10, 0, 11),
(1552, 117, 1126, 10, 0, 11),
(1553, 117, 1128, 10, 0, 11),
(1554, 117, 1129, 10, 0, 11),
(1555, 117, 1130, 10, 0, 11),
(1556, 117, 1131, 10, 0, 11),
(1557, 117, 1132, 10, 0, 11),
(1558, 117, 1133, 10, 0, 11),
(1559, 117, 1134, 10, 0, 11),
(1560, 117, 1135, 10, 0, 11),
(1561, 117, 1136, 10, 0, 11),
(1562, 117, 1137, 10, 0, 11),
(1563, 117, 1138, 10, 0, 11),
(1564, 117, 1139, 10, 0, 11),
(1565, 117, 1140, 10, 0, 11),
(1566, 117, 1141, 10, 0, 11),
(1567, 117, 1143, 10, 0, 11),
(1568, 85, 1144, 8, 0, 11),
(1569, 85, 1145, 8, 0, 11),
(1570, 118, 0, 10, 1, 11),
(1571, 118, 1146, 10, 1, 11),
(1572, 118, 1147, 10, 1, 11),
(1573, 109, 1148, 7, 0, 11),
(1574, 109, 1149, 7, 0, 11),
(1575, 109, 1150, 7, 0, 11),
(1576, 85, 1151, 8, 0, 11),
(1577, 109, 1152, 7, 0, 11),
(1578, 109, 1153, 7, 0, 11),
(1579, 109, 1154, 7, 0, 11),
(1580, 110, 1155, 7, 0, 11),
(1581, 110, 1156, 7, 0, 11),
(1582, 110, 1157, 7, 0, 11),
(1583, 110, 1159, 7, 0, 11),
(1584, 110, 1160, 7, 0, 11),
(1585, 110, 1161, 7, 0, 11),
(1586, 110, 1162, 7, 0, 11),
(1587, 119, 1163, 8, 0, 11),
(1588, 119, 1164, 8, 0, 11),
(1589, 119, 1165, 8, 0, 11),
(1590, 119, 1166, 8, 0, 11),
(1591, 119, 1167, 8, 0, 11),
(1592, 119, 1168, 8, 0, 11),
(1593, 119, 1169, 8, 0, 11),
(1594, 119, 1170, 8, 0, 11),
(1595, 119, 1171, 8, 0, 11),
(1596, 119, 1172, 8, 0, 11),
(1597, 119, 1173, 8, 0, 11),
(1598, 119, 1174, 8, 0, 11),
(1599, 119, 1175, 8, 0, 11),
(1600, 119, 1176, 8, 0, 11),
(1601, 119, 1178, 8, 0, 11),
(1602, 119, 1179, 8, 0, 11),
(1603, 119, 1180, 8, 0, 11),
(1604, 119, 1181, 8, 0, 11),
(1605, 119, 1182, 8, 0, 11),
(1606, 119, 1183, 8, 0, 11),
(1607, 119, 1184, 8, 0, 11),
(1608, 119, 1185, 8, 0, 11),
(1609, 119, 1186, 8, 0, 11),
(1610, 119, 1187, 8, 0, 11),
(1611, 119, 1188, 8, 0, 11),
(1612, 119, 1189, 8, 0, 11),
(1613, 119, 1190, 8, 0, 11),
(1614, 119, 1191, 8, 0, 11),
(1615, 119, 1192, 8, 0, 11),
(1616, 119, 1193, 8, 0, 11),
(1617, 119, 1194, 8, 0, 11),
(1618, 119, 1195, 8, 0, 11),
(1619, 119, 1196, 8, 0, 11),
(1620, 119, 1197, 8, 0, 11),
(1621, 119, 1198, 8, 0, 11),
(1622, 119, 1199, 8, 0, 11),
(1623, 119, 1200, 8, 1, 11),
(1624, 119, 1201, 8, 0, 11),
(1625, 119, 1202, 8, 0, 11),
(1626, 120, 1203, 8, 0, 11),
(1627, 120, 1204, 8, 0, 11),
(1628, 120, 1205, 8, 0, 11),
(1629, 119, 1206, 8, 0, 11),
(1630, 119, 1207, 8, 0, 11),
(1631, 119, 1208, 8, 0, 11),
(1632, 119, 1209, 8, 0, 11),
(1633, 113, 1210, 8, 0, 11),
(1634, 113, 1211, 8, 0, 11),
(1635, 113, 1212, 8, 0, 11),
(1636, 85, 1213, 8, 0, 11),
(1637, 114, 1214, 8, 0, 11),
(1638, 114, 1215, 8, 0, 11),
(1639, 114, 1216, 8, 0, 11),
(1640, 114, 1217, 8, 0, 11),
(1641, 114, 1218, 8, 0, 11),
(1642, 114, 1219, 8, 0, 11),
(1643, 114, 1220, 8, 0, 11),
(1644, 120, 1221, 8, 0, 11),
(1645, 120, 1222, 8, 0, 11),
(1646, 120, 1223, 8, 0, 11),
(1647, 120, 1224, 8, 0, 11),
(1648, 85, 1225, 8, 0, 11),
(1649, 85, 1226, 8, 0, 11),
(1650, 121, 0, 8, 0, 11),
(1651, 121, 0, 3, 0, 11),
(1652, 122, 0, 3, 0, 11),
(1653, 122, 1227, 3, 0, 11),
(1654, 122, 1228, 3, 0, 11),
(1655, 122, 1229, 3, 0, 11),
(1656, 122, 1231, 3, 0, 11),
(1657, 114, 1232, 8, 0, 11),
(1658, 114, 1233, 8, 0, 11),
(1659, 114, 1234, 8, 0, 11),
(1660, 114, 1235, 8, 0, 11),
(1661, 114, 1236, 8, 0, 11),
(1662, 114, 1237, 8, 0, 11),
(1663, 114, 1238, 8, 0, 11),
(1664, 112, 1239, 8, 0, 11),
(1665, 112, 1240, 8, 0, 11),
(1666, 112, 1241, 8, 0, 11),
(1667, 112, 1242, 8, 0, 11),
(1668, 109, 1243, 7, 0, 11),
(1669, 109, 1244, 7, 0, 11),
(1670, 112, 1245, 8, 0, 11),
(1671, 112, 1246, 8, 0, 11),
(1672, 121, 1247, 8, 1, 11),
(1673, 121, 1247, 8, 0, 11),
(1674, 121, 1248, 8, 0, 11),
(1675, 121, 1249, 8, 0, 11),
(1676, 121, 1250, 8, 0, 11),
(1677, 121, 1251, 8, 0, 11),
(1678, 121, 1252, 8, 0, 11),
(1679, 121, 1253, 8, 0, 11),
(1680, 121, 1254, 8, 0, 11),
(1681, 121, 1255, 8, 0, 11),
(1682, 121, 1256, 8, 0, 11),
(1683, 121, 1257, 8, 0, 11),
(1684, 121, 1258, 8, 0, 11),
(1685, 121, 1259, 8, 0, 11),
(1686, 121, 1260, 8, 0, 11),
(1687, 121, 1261, 8, 0, 11),
(1688, 121, 1262, 8, 0, 11),
(1689, 121, 1263, 8, 0, 11),
(1690, 121, 1264, 8, 0, 11),
(1691, 121, 1265, 8, 0, 11),
(1692, 121, 1266, 8, 0, 11),
(1693, 121, 1267, 8, 0, 11),
(1694, 121, 1268, 8, 1, 11),
(1695, 121, 1269, 3, 0, 11),
(1696, 121, 1268, 3, 0, 11),
(1697, 121, 1270, 3, 0, 11),
(1698, 121, 1271, 8, 0, 11),
(1699, 121, 1272, 8, 0, 11),
(1700, 121, 1273, 8, 1, 11),
(1701, 121, 1274, 3, 0, 11),
(1702, 121, 1273, 3, 0, 11),
(1703, 121, 1275, 8, 0, 11),
(1704, 121, 1276, 8, 0, 11),
(1705, 121, 1277, 8, 0, 11),
(1706, 121, 1278, 8, 0, 11),
(1707, 121, 1279, 8, 0, 11),
(1708, 121, 1280, 8, 0, 11),
(1709, 121, 1281, 8, 0, 11),
(1710, 121, 1282, 8, 0, 11),
(1711, 121, 1283, 8, 0, 11),
(1712, 121, 1284, 8, 0, 11),
(1713, 123, 0, 4, 0, 11),
(1714, 124, 0, 4, 0, 11),
(1715, 124, 1285, 4, 0, 11),
(1716, 124, 1286, 4, 0, 16),
(1717, 123, 1287, 4, 0, 11),
(1718, 123, 1288, 4, 0, 11),
(1719, 123, 1289, 4, 0, 11),
(1720, 123, 1290, 4, 0, 11),
(1721, 123, 1291, 4, 0, 11),
(1722, 123, 1292, 4, 0, 11),
(1723, 123, 1293, 4, 0, 11),
(1724, 123, 1294, 4, 0, 11),
(1725, 123, 1295, 4, 0, 11),
(1726, 125, 0, 1, 0, 11),
(1727, 125, 1296, 1, 0, 11),
(1728, 126, 0, 6, 1, 11),
(1729, 85, 911, 6, 0, 11),
(1730, 85, 0, 6, 0, 11),
(1731, 85, 0, 7, 0, 11),
(1732, 85, 911, 7, 0, 11);

-- --------------------------------------------------------

--
-- Estructura de tabla para la tabla `modelos`
--

CREATE TABLE IF NOT EXISTS `modelos` (
  `mod_id` int(10) unsigned NOT NULL AUTO_INCREMENT,
  `mar_id` int(10) unsigned NOT NULL DEFAULT '0',
  `mod_descripcion` text,
  `mod_estado` int(10) unsigned DEFAULT '0',
  `usu_id` int(10) DEFAULT NULL,
  PRIMARY KEY (`mod_id`),
  KEY `modelos_FKIndex1` (`mar_id`)
) ENGINE=MyISAM  DEFAULT CHARSET=latin1 AUTO_INCREMENT=1297 ;

--
-- Volcado de datos para la tabla `modelos`
--

INSERT INTO `modelos` (`mod_id`, `mar_id`, `mod_descripcion`, `mod_estado`, `usu_id`) VALUES
(901, 82, 'AX 100 DELANTERO', 0, 11),
(902, 82, 'AX 100 TRASERO', 0, 11),
(903, 83, 'CG 125 TODAY DELANTERA', 0, 11),
(904, 83, 'CG 125 TODAY TRASERO', 0, 11),
(905, 83, 'NX 400 FALCON DELANTERO', 0, 11),
(906, 83, 'NX400 FALCON T1', 0, 11),
(907, 83, 'NX400 FALCON T2', 0, 11),
(908, 83, 'XR 250 DELANTERA', 0, 11),
(909, 83, 'XR 250DELANTERA TORNA', 0, 11),
(910, 84, 'YBR 125 TRASERO', 0, 11),
(911, 85, 'GENERICO', 0, 11),
(912, 86, 'HDMA048', 0, 11),
(913, 86, 'HDMA023', 0, 11),
(914, 86, 'HDMA040', 0, 11),
(915, 86, 'HDMA045', 0, 11),
(916, 87, 'HDMC019 6PR', 0, 11),
(917, 87, 'HDMB010 6PR', 0, 11),
(918, 88, 'F653', 0, 11),
(919, 88, 'F662', 0, 11),
(920, 88, 'F663', 0, 11),
(921, 88, 'F667', 0, 11),
(922, 88, 'F618', 0, 11),
(923, 89, 'DAYTONA TALLE M', 0, 11),
(924, 89, 'DAYTONA TALLE GGG/EG', 0, 11),
(925, 90, 'DJ002', 1, 11),
(926, 90, 'DJ001', 1, 11),
(927, 90, 'HUMO', 1, 11),
(928, 83, 'CB1 NSU', 0, 11),
(929, 83, 'CBX 250 TWISTER NSU', 0, 11),
(930, 82, 'DR250/GN250/DR350 BETA MH69', 0, 11),
(931, 82, 'DR 250/350/650 MH68', 0, 11),
(932, 84, 'FAZER 250/XTZ250 L1124', 0, 11),
(933, 83, 'CB250 TWISTER', 0, 11),
(934, 83, 'TITAN/CG 150 C1016', 0, 11),
(935, 83, 'BIZ CS1919', 0, 11),
(936, 83, 'TITAN CG150', 0, 11),
(937, 91, 'SKUA C/REJILLA', 0, 11),
(938, 84, 'YBR125', 0, 11),
(939, 92, 'B2', 0, 11),
(940, 93, 'S1', 0, 11),
(941, 94, 'A2', 0, 11),
(942, 95, 'GENERICO', 0, 11),
(943, 96, 'SHARK VC', 0, 11),
(944, 97, 'HAWK 600', 0, 11),
(945, 98, 'ROUSER 200 NS DE DION', 0, 11),
(946, 83, 'CB 250/VTR 250/CB 400/CUATRI ', 0, 11),
(947, 83, 'CB 250/ VTR 250 / CB 400 / CUARICICLO MH79', 0, 11),
(948, 84, '125/FZR250/TT600/PATAGONIA MH 67', 0, 11),
(949, 84, 'YBR 250 DE DION', 0, 11),
(950, 84, 'FAZER 250/XTZ250 L1124 MANN', 1, 11),
(951, 84, 'XS350/FZR400 GENESIS/FZ600 MH88', 0, 11),
(952, 85, 'KAWA454/VULCAN-HONDA 400/1100 MWB810 M', 0, 11),
(953, 100, '850/1200 C1530/1 MANN', 0, 11),
(954, 101, 'SMASH 110CC DE DION', 0, 11),
(955, 83, 'FALCON 400 (BRASILERA)', 0, 11),
(956, 83, 'WAVE CS1818 MANN', 0, 11),
(957, 82, 'AX-100', 0, 11),
(958, 83, 'XR-NX-TRX-ATC NH53', 0, 11),
(959, 82, 'GN/GS 125', 0, 11),
(960, 84, 'FZ16/BAJAJ ROUSER 135CC', 0, 11),
(961, 98, 'ROUSER 150/180/200/220', 0, 11),
(962, 98, 'ROUSER 135-XCD125', 0, 11),
(963, 83, 'CG 125 TITAN 2000 BRASILERA', 0, 11),
(964, 83, 'STORM 125', 0, 11),
(965, 83, 'XLR125 BRASIL', 0, 11),
(966, 84, 'YBR 250/XTZ250/YS250', 0, 11),
(967, 98, 'ROUSER 180/200 X JUEGO', 0, 11),
(1, 95, 'COLOR: TITANIUM - TALLE: XL', 0, 11),
(2, 95, 'COLOR: TITANIUM - TALLE: XXL', 0, 11),
(3, 95, 'COLOR: TITANIUM - TALLE: L', 0, 11),
(4, 95, 'COLOR: GRIS PLATA - TALLE: XXL', 0, 11),
(5, 95, 'COLOR: GRIS PLATA - TALLE: XL', 0, 11),
(6, 95, 'COLOR: NEGRO MATE - TALLE: L', 0, 11),
(7, 95, 'COLOR: NEGRO MATE - TALLE: XL', 0, 11),
(8, 95, 'COLOR: AZUL NOCHE - TALLE: XXL', 0, 11),
(9, 95, 'COLOR: AZUL NOCHE - TALLE: L', 0, 11),
(10, 95, 'COLOR: NEGRO - TALLE: L', 0, 11),
(11, 94, 'COLOR: ROJO/ VISOR F - TALLE: M', 0, 11),
(12, 94, 'COLOR: NEGRO MATE - TALLE: M', 0, 11),
(13, 94, 'COLOR: NEGRO MATE/VISOR F - TALLE: L', 0, 11),
(14, 94, 'COLOR: ROSA / VISOR FUME - TALLE: S', 0, 11),
(15, 94, 'COLOR: AZUL ELECTRICO / AERO 2 - TALLE: L', 0, 11),
(16, 94, 'COLOR: NEGRO BRILLOSOS - TALLE: L', 0, 11),
(17, 94, 'COLOR: NEGRO BRILLOSOS - TALLE: XL', 0, 11),
(18, 94, 'COLOR: ROJO / AERO 2 X - TALLE: L', 0, 11),
(19, 94, 'COLOR: ROSA AERO 2 - TALLE: M', 0, 11),
(20, 94, 'COLOR: ROSA - TALLE: S', 0, 11),
(21, 93, 'COLOR: AZUL ELECTRICO - TALLE: XL', 0, 11),
(22, 93, 'COLOR: AZUL ELECTRICO - TALLE: L', 0, 11),
(23, 93, 'COLOR: ROJO - TALLE: XL', 0, 11),
(24, 93, 'COLOR: ROJO - TALLE: L', 0, 11),
(25, 93, 'COLOR: AZUL NOCHE - TALLE: XXL', 0, 11),
(26, 93, 'COLOR: TITANIUM - TALLE: XL', 0, 11),
(27, 93, 'COLOR: TITANIUM - TALLE: L', 0, 11),
(28, 93, 'COLOR: AZUL NOCHE - TALLE: XL', 0, 11),
(29, 93, 'COLOR: NEGRO - TALLE: XL', 0, 11),
(30, 92, 'COLOR: BLANCO - TALLE: S', 0, 11),
(31, 92, 'COLOR: BLANCO - TALLE: M', 0, 11),
(32, 92, 'COLOR: BLANCO - TALLE: L', 0, 11),
(33, 92, 'COLOR: BLANCO - TALLE: XL', 0, 11),
(34, 92, 'COLOR: GRIS / VISOR FUME - TALLE: S', 0, 11),
(35, 92, 'COLOR: GRIS / VISOR FUME - TALLE: M', 0, 11),
(36, 92, 'COLOR: GRIS / VISOR FUME - TALLE: L', 0, 11),
(37, 92, 'COLOR: GRIS / VISOR FUME - TALLE: XL', 0, 11),
(38, 92, 'COLOR: NEGRO MATE - TALLE: S', 0, 11),
(39, 92, 'COLOR: NEGRO MATE - TALLE: M', 0, 11),
(40, 92, 'COLOR: NEGRO MATE - TALLE: L', 0, 11),
(41, 92, 'COLOR: NEGRO MATE - TALLE: XL', 0, 11),
(42, 92, 'COLOR: AMARILLO - TALLE: S', 0, 11),
(43, 92, 'COLOR: AMARILLO - TALLE: M', 0, 11),
(44, 92, 'COLOR: AMARILLO - TALLE: L', 0, 11),
(45, 92, 'COLOR: AZUL NOCHE - TALLE: M', 0, 11),
(46, 92, 'COLOR: AZUL NOCHE - TALLE: L', 0, 11),
(47, 92, 'COLOR: AZUL NOCHE - TALLE: XL', 0, 11),
(48, 92, 'COLOR: ROJO - TALLE: S', 0, 11),
(49, 92, 'COLOR: ROJO - TALLE: M', 0, 11),
(50, 92, 'COLOR: ROJO - TALLE: L', 0, 11),
(51, 92, 'COLOR: ROJO - TALLE: XL', 0, 11),
(52, 92, 'COLOR: ROSA - TALLE: S', 0, 11),
(53, 92, 'COLOR: ROSA - TALLE: M', 0, 11),
(54, 92, 'COLOR: ROSA - TALLE: L', 0, 11),
(55, 92, 'COLOR: GRIS - TALLE: S', 0, 11),
(56, 92, 'COLOR: GRIS - TALLE: M', 0, 11),
(57, 92, 'COLOR: GRIS - TALLE: L', 0, 11),
(58, 92, 'COLOR: GRIS - TALLE: XL', 0, 11),
(59, 92, 'COLOR: AZUL ELECTRICO - TALLE: S', 0, 11),
(60, 92, 'COLOR: AZUL ELECTRICO - TALLE: M', 0, 11),
(61, 92, 'COLOR: AZUL ELECTRICO - TALLE: L', 0, 11),
(62, 92, 'COLOR: AZUL ELECTRICO - TALLE: XL', 0, 11),
(63, 92, 'COLOR: NEGRO BRILLOSO - TALLE: S', 0, 11),
(64, 92, 'COLOR: NEGRO BRILLOSO - TALLE: M', 0, 11),
(65, 92, 'COLOR: NEGRO BRILLOSO - TALLE: L', 0, 11),
(66, 92, 'COLOR: NEGRO BRILLOSO - TALLE: XL', 0, 11),
(968, 84, 'YAMALUB SEMI 10W40', 0, 11),
(969, 102, 'GENERICO', 0, 11),
(970, 103, 'BM6A', 0, 11),
(971, 103, 'BP5HS', 0, 11),
(972, 103, 'C7HSA', 0, 11),
(973, 103, 'CPR8EA-9', 0, 11),
(974, 103, 'D8EA', 0, 11),
(975, 103, 'CR8E', 0, 11),
(976, 84, 'YAMALUBE 20W40 MINERAL', 0, 11),
(977, 104, 'JFA-0M39 FILTRO AIRE FZ16', 0, 11),
(978, 104, 'WR-002 FILTRO AIRE TWISTER 250', 0, 11),
(979, 104, 'JFA-0M01 FILTRO AIRE YBR 125', 0, 11),
(980, 104, 'JFA-0M01 FILTRO AIRE YBR 125', 0, 11),
(981, 104, 'JFO-0019 FILTRO ACEITE FZ 16 / ROUSER 135', 0, 11),
(982, 105, 'LINGA GRIS 20X120MM ACERO TRENZADO', 0, 11),
(983, 105, 'LINGA GRIS 24X120 ACERO TRENZADO', 0, 11),
(984, 105, 'LINGA GRIS 24X120 SECCIONES DE ACERO ', 0, 11),
(985, 106, 'KIT CORONA / PIÑON 43-14 CAD 428 CG125 TODAY', 1, 11),
(986, 106, 'KIT CORONA / PIÑON 44-14 CAD 428 CG125 TITAN 2000', 0, 11),
(987, 106, 'KIT CORONA / PIÑON 43-14 CAD 428 CG125 TODAY', 0, 11),
(988, 106, 'KIT CORONA / PIÑON 36-15 CAD 428 HONDA WAVE ', 0, 11),
(989, 0, 'KIT CORONA / PIÑON 38-15 CAD 428 ZANELLA RX 150', 0, 11),
(990, 0, 'KIT CORONA / PIÑON 38-15 CAD 428 ZANELLA RX 150', 0, 11),
(991, 106, 'KIT CORONA / PIÑON 38-15 CAD 428 ZANELLA RX 150', 0, 11),
(992, 106, 'KIT CORONA / PIÑON 40-15 CAD 428 HONDA STORM', 0, 11),
(993, 106, 'KIT CORONA / PIÑON 43-16 CAD 428 HONDA CG 150', 0, 11),
(994, 106, 'KIT CORONA / PIÑON 37-15 CAD 428 YAMAHA CRYPTON', 0, 11),
(995, 106, 'KIT CORONA / PIÑON 43-14 CAD 428 YAMAHA YBR125', 0, 11),
(996, 106, 'KIT CORONA / PIÑON 50-15 CAD 428 MOTOMEL DAKAR 200', 0, 11),
(997, 106, 'KIT CORONA / PIÑON 50-15 CAD 428 HONDA XLR 125', 0, 11),
(998, 106, 'KIT CORONA / PIÑON 38-13 CAD 520 HONDA XR250 TORNADO', 0, 11),
(999, 106, 'KIT CORONA / PIÑON 36-15 CAD 428 GUERRERO TRIP 110', 0, 11),
(1000, 106, 'KIT CORONA / PIÑON 44-15 CAD 428 HONDA CB1 125', 0, 11),
(1001, 106, 'KIT CORONA / PIÑON 40-14 CAD 428 YAMAHA FZ 16', 0, 11),
(1002, 106, 'KIT CORONA / PIÑON 37-14 CAD 420 HONDA NEW WAVE 110', 0, 11),
(1003, 98, 'FILTRO AIRE ORIG. ROUSER R220', 0, 11),
(1004, 98, 'FILTRO AIRE ORIG. ROUSER R135', 0, 11),
(1005, 98, 'FILTRO AIRE ORIG. ROUSER NS200', 0, 11),
(1006, 98, 'FILTRO AIRE ORIG. AVENGER 220', 0, 11),
(1007, 98, 'FILTRO AIRE ORIG. ROUSER AS-NS150', 0, 11),
(1008, 104, 'JFO-0014 FILTRO ACEITE HONDA XR/ CUATRI', 0, 11),
(1009, 104, 'FILTRO ACEITE H. CBR 600/XRV750/GL1500 YAM FZR600/750/100', 0, 11),
(1010, 107, 'FILTRO NAFTA WK21 MOTOS HASTA 150', 0, 11),
(1011, 107, 'FILTRO NAFTA WK31/2 MOTOS MAYORES A 150', 0, 11),
(1012, 98, 'GOMA ACOPLE CARBU. ORIG ROUSER135', 0, 11),
(1013, 98, 'GOMA ACOPLE CARBU. ORIG ROUSER180', 0, 11),
(1014, 98, 'GOMA ACOPLE CARBU. ORIG ROUSER AS/NS200', 0, 11),
(1015, 98, 'GOMA ACOPLE FILTRO AIRE ROUSER 135', 0, 11),
(1016, 98, 'GOMA ACOPLE FILTRO AIRE ROUSER 220', 0, 11),
(1017, 98, 'GOMA ACOPLE CARBU. ORIG ROUSER 180UG4', 0, 11),
(1018, 108, 'MANCHON CG 150 (4 UN.)', 0, 11),
(1019, 108, 'MANCHON YAMAHA YBR-FZ 16 SILICONADO', 0, 11),
(1020, 0, 'MANCHON BAJAJ PULSAR SILICONADA ', 0, 11),
(1021, 108, 'MANCHON BAJAJ PULSAR 200 SILICONADA', 0, 11),
(1022, 108, 'MANCHON BAJAJ ROUSER 220 SILICONADA', 0, 11),
(1023, 108, 'MANCHON YAMAHA YBR125-FZ 16', 0, 11),
(1024, 85, 'BIDON DE COMBUSTIBLE 10L APILABLE ANTIESTATICO (ROJO)', 0, 11),
(1025, 85, 'BIDON DE COMBUSTIBLE 10L APILABLE ANTIESTATICO (AMARILLO)', 0, 11),
(1026, 85, 'PALANCA CORTA PARA DESMONTAR CUBIERTAS ', 0, 11),
(1027, 85, 'BIDON  DE COMBUSTIBLE PROFESIONAL 20L', 0, 11),
(1028, 112, 'BAUL SH26 C/SOPORTE 26 LITROS', 0, 11),
(1029, 112, 'BAUL SH29 C/BASE 29 LITROS REF BLANCO', 0, 11),
(1030, 112, 'BAUL SH33 C/SOPORTE 33 LITROS', 0, 11),
(1031, 112, 'BAUL SH34 C/SOPORTE  CARBONO 34 LITROS', 0, 11),
(1032, 112, 'BAUL SH37 C/SOPORTE 37 LITROS NEGRO', 0, 11),
(1033, 112, 'BAUL SH39 C/SOPORTE 39 LITROS  CARBONO', 0, 11),
(1034, 112, 'BAUL SH40 C/SOPORTE 45 LITROS C/ REJILLA CARGO  ', 0, 11),
(1035, 112, 'BAUL SH45 C/SOPORTE 45 LITROS', 0, 11),
(1036, 112, 'BAUL SH48 C/SOPORTE TITANIO CARBONO', 0, 11),
(1037, 112, 'BAUL SH58 C/SOPORTE CARBONO ', 0, 11),
(1038, 112, 'ALFOLRJAS SEMIRRIGIDAS LATERALES ', 0, 11),
(1039, 112, 'MANOS LIBRES CASCO BT/PHONE/GPS/MUSIC', 0, 11),
(1040, 0, 'MANOS LIBRES CASCO BT/PHONE/GPS/MUSIC/INTERCOM CASCO', 0, 11),
(1041, 112, 'MANOS LIBRES CASCO BT/PHONE/GPS/MUSIC/INTERCOM CASCO', 0, 11),
(1042, 112, 'PORTA SMARTPHONE 4.3 RETROVISOR ', 0, 11),
(1043, 112, 'PORTA SMARTPHONE 5.5 MANILLAR', 0, 11),
(1044, 85, 'CARGADOR USB 12V 100-240V ', 0, 11),
(1045, 112, 'KIT ALF. SEMIRRIDA KTM DUKE (TODAS)', 0, 11),
(1046, 112, 'KIT CARGADOR USB  P/MOTO', 0, 11),
(1047, 112, 'KIT ALF. SEMIRRIGIDAS YAMAHA MT-09 TRACER 15', 0, 11),
(1048, 112, 'KIT TOP HONDA NC700 / INTEGRA 700', 0, 11),
(1049, 112, 'KIT TOP BENELLI BN 251 (2015)', 0, 11),
(1050, 112, 'KIT TOP BENELLI TNT3 15/15', 0, 11),
(1051, 112, 'KIT TOP HONDA AFRICA TWIN', 0, 11),
(1052, 112, 'KIT HONDA PCX 125  10', 0, 11),
(1053, 112, 'KIT TOP KAWASAKI VERSYS 650  (2010)', 0, 11),
(1054, 112, 'KIT TOP KTM DUKE 150/200/390  (2014)', 0, 11),
(1055, 112, 'KIT TOP BAJAJ NS200 (2012-2014)', 0, 11),
(1056, 112, 'KIT TOP SUZUKI INAZUMA 250 (2013)', 0, 11),
(1057, 112, 'KIT TOP SUZUKI VSTROM 650 (2012)', 0, 11),
(1058, 112, 'KIT TOP SYM  CITY COM 125I/300I (2011-2014)', 0, 11),
(1059, 112, 'KIT TOP YAMAHA FZ 2.0 (2016)', 0, 11),
(1060, 112, 'KIT TOP YAMAHA FZ 16 (2013)', 0, 11),
(1061, 112, 'KIT TOP YAMAHA MT-07 (2014)', 0, 11),
(1062, 112, 'KIT TOP YAMAHA MT-09 TRACER (2015)', 0, 11),
(1063, 112, 'RESPALDO BAUL NEGRO SH37/ SH40/ SH45', 0, 11),
(1064, 112, 'RESPALDO BAUL NEGRO SH39', 0, 11),
(1065, 112, 'RESPALDO BAUL NEGRO SH48', 0, 11),
(1066, 112, 'RESPALDO BAUL NEGRO SH58X/ SH59X', 0, 11),
(1067, 112, 'KIT TOP HONDA CB190R (2016)', 0, 11),
(1068, 112, 'KIT TOP YAMAHA MT-09 (2013)', 0, 11),
(1069, 116, 'NOLAN N40 GT CLASSIC N-COM TALLE L', 0, 11),
(1070, 116, 'NOLAN N40 GT CLASSIC N-COM TALLE M', 0, 11),
(1071, 116, 'NOLAN N40 GT CLASSIC N-COM TALLE XL', 0, 11),
(1072, 116, 'NOLAN N44 EVO SPECIAL N-COM TALLE L', 0, 11),
(1073, 116, 'NOLAN N44 EVO SPECIAL N-COM TALLE M', 0, 11),
(1074, 116, 'NOLAN N64 GEMINI REPLICA 068 TALLE M', 0, 11),
(1075, 116, 'NOLAN N64 GEMINI REPLICA 071 TALLE L', 0, 11),
(1076, 116, 'NOLAN N64 HEXAGON 088 TALLE L', 0, 11),
(1077, 116, 'NOLAN N64 HEXAGON 088 TALLE M', 0, 11),
(1078, 116, 'NOLAN N64 SMART 010 TALLE L ', 0, 11),
(1079, 116, 'NOLAN N64 SMART 010 TALLE M', 0, 11),
(1080, 116, 'NOLAN N64 SMART 010 TALLE S', 0, 11),
(1081, 116, 'NOLAN N87 ARKAD N-COM 040 TALLE L', 0, 11),
(1082, 116, 'NOLAN N87 ARKAD N-COM 040 TALLE XL', 0, 11),
(1083, 116, 'NOLAN N87 SPECIAL PLUS N-COM 009 TALLE L', 0, 11),
(1084, 116, 'NOLAN N87 SPECIAL PLUS N-COM 009 TALLE M', 0, 11),
(1085, 116, 'MECANISMO VISOR BLACK  N64', 0, 11),
(1086, 116, 'VISOR CLEAR N87 ', 0, 11),
(1087, 116, 'VISOR CLEAR SR N64/ N63/ N62/ G6.1', 0, 11),
(1088, 116, 'VISOR SMOKE NFR.SR N64/ N63/ N62/ G6.1', 0, 11),
(1089, 111, 'CAMARA R18 ME 2.75/18   3.25/18 TR4', 0, 11),
(1090, 111, 'CAMARA R21 MD TRAIL 2.75/21 A 90/90-21 TR4', 0, 11),
(1091, 111, 'PILOT ROAD 4 ', 0, 11),
(1092, 111, 'PILOT STREET RADIAL 120/70 ZR17 58W F TL/TT', 0, 11),
(1093, 111, 'PILOT STREET RADIAL 150/60 R17 66H F TL/TT', 0, 11),
(1094, 111, 'PILOT ROAD 4 160/66 ZR17 73W R TL', 0, 11),
(1095, 111, 'PILOT ROAD 4 190/50 ZR17 73W R TL', 0, 11),
(1096, 111, 'PILOT POWER 3', 0, 11),
(1097, 111, 'PILOT ROAD 4 190/55 ZR17 75W R TL', 0, 11),
(1098, 111, 'PILOT STREET 2.50/17 43P REINF TT', 0, 11),
(1099, 111, 'PILOT STREET 100/90-18 56P R TT', 0, 11),
(1100, 111, 'PILOT STREET RADIAL', 0, 11),
(1101, 111, 'PILOT STREET 110/70-17 54S F TL/TT', 0, 11),
(1102, 111, 'SIRAC ', 0, 11),
(1103, 111, 'ANAKEE 3 F 110/80-19 M/C 59V TL/TT', 0, 11),
(1104, 111, 'SIRAC 110/90-17 RTT MCTT', 0, 11),
(1105, 111, 'SIRAC 120/80-18 62T ', 0, 11),
(1106, 111, 'PILOT STREET 130/70-17 62S TT/TL', 0, 11),
(1107, 111, 'SIRAC 130/80-17 65T M/C TL/TT', 0, 11),
(1108, 111, ' PILOT STREET', 0, 11),
(1109, 111, 'PILOT STREET RADIAL 140/70-17 56H R TL/TT', 0, 11),
(1110, 111, 'ANAKEE 3 ', 0, 11),
(1111, 111, 'CITY PRO', 0, 11),
(1112, 111, 'S83 ', 0, 11),
(1113, 111, 'PILOT STREET 80/100-17 49L RIENF R TT', 0, 11),
(1114, 111, 'CITY PRO 90/90-18 57P REINF M/C TT', 0, 11),
(1115, 111, 'SIRAC 90/90-21 54T', 0, 11),
(1116, 117, 'CADENA DROOK 428H 118L DORADA', 0, 11),
(1117, 117, 'CADENA 428H 118L DORADA CON ORING', 0, 11),
(1118, 117, 'CADENA 428H 118L NEGRA', 0, 11),
(1119, 117, 'CADENA 520H 120L', 0, 11),
(1120, 117, 'CADENA 520H 120L DORADA CON ORING ', 0, 11),
(1121, 117, 'KIT XRE 300/ TORNADO/ P13- C39  CAD520H', 0, 11),
(1122, 117, 'KIT ROUSER NS/AS 200 P14-C39 520H', 0, 11),
(1123, 117, 'KIT SKUA 150/200 MOTOMEL P17-C45 428H', 0, 11),
(1124, 117, 'KIT TWISTER CBX 250  P13-C37 CAD 428H', 0, 11),
(1125, 117, 'KIT YBR250 FAZER P15-C44  CAD 520H', 0, 11),
(1126, 117, 'CADENA 520H 120L NEGRA', 0, 11),
(1127, 117, 'UNION DE CADENA 520H DORADA', 0, 11),
(1128, 117, 'UNION DE CADENA 520H DORADA', 0, 11),
(1129, 117, 'UNION DE CADENA 428 NEGRA', 0, 11),
(1130, 117, 'CAMARA BUTYL 2.50/2.75  R17', 0, 11),
(1131, 117, 'CAMARA BUTYL 2.75-18 90/90-18', 0, 11),
(1132, 117, 'CAMARA BUTYL 2.75/3.00  R21', 0, 11),
(1133, 117, 'CAMARA BUTYL 3.00/3.25/3.50 R10 ', 0, 11),
(1134, 117, 'CAMARA BUTYL 3.25/3.50 90/90 R18', 0, 11),
(1135, 117, 'CAMARA BUTYL 4.10-18 90/90-18 100/90-18', 0, 11),
(1136, 117, 'KIT BASIC CG150 TITAN P15-C43 428H 118', 0, 11),
(1137, 117, 'KIT BASIC RX 150 P15-C38 428H 118', 0, 11),
(1138, 117, 'KIT BASIC SMASH 110 C14-P36 428H118', 0, 11),
(1139, 117, 'KIT BASIC YBR125 C14-P45 428H116', 0, 11),
(1140, 117, 'KIT EN125 P14-C45 428H', 0, 11),
(1141, 117, 'KIT GN125 P14-C42 428H', 0, 11),
(1142, 117, 'KIT FZ16/SZRR150 P14-40  428H', 0, 11),
(1143, 117, 'KIT FZ16 SZRR 150 P14-40 428H', 0, 11),
(1144, 85, 'CANDADO DE DISCO END740 ', 0, 11),
(1145, 85, 'CANDADO DE DISCO END830', 0, 11),
(1146, 118, 'FILTRO ACEITE KTM990 ADVENTURE 06-06 HF158', 0, 11),
(1147, 118, 'FILTRO ACEITE YAMAHA 250 YBR 07-15 HF141', 0, 11),
(1148, 109, 'FILTRO ACEITE KTM990 ADVENTURE 06-06 HF158 ', 0, 11),
(1149, 109, 'FILTRO ACEITE YAMAHA 250 YBR 07-15 HF141 ', 0, 11),
(1150, 109, 'FILTRO ACEITE YAMAHA FZ6 98-03', 0, 11),
(1151, 85, 'CANDADO ARTICULADO END775', 0, 11),
(1152, 109, 'FILTRO ACEITE BMW 650GS BICILINDRICA ', 0, 11),
(1153, 109, 'FILTRO ACEITE BMW F650/G650 GS DAKAR/SERTAO', 0, 11),
(1154, 109, 'FILTRO ACEITE BMW F800 GS 07-15', 0, 11),
(1155, 110, 'PASTILLA YBR125 FULL/ NEW CRYPTON', 0, 11),
(1156, 110, 'PASITLLA FZ16/ ROUSER 135-150-220-200', 0, 11),
(1157, 110, 'PASTILLA CG 125/CG 150', 0, 11),
(1158, 0, 'PASTILLA ROUSER 220F/200 HONDA CB500/ VT600 T', 0, 11),
(1159, 110, 'PASTILLA ROUSER 220F/200 HONDA CB500/ VT600 T', 0, 11),
(1160, 110, 'PASTILLA MOTOMEL/ZANELLA 110/150', 0, 11),
(1161, 110, 'ZAPATA BIZ/XL125', 0, 11),
(1162, 110, 'ZAPATA TITAN 2000/TWISTER /TORNADO', 0, 11),
(1163, 119, 'CASCO INTEG. 952 NEGRO MATE TALLE L', 0, 11),
(1164, 119, 'CASCO INTEG. 952 NEGRO MATE TALLE M', 0, 11),
(1165, 119, 'CASCO INTEG. 952 NEGRO MATE TALLE S', 0, 11),
(1166, 119, 'CASCO INTEG. 952 NEGRO MATE TALLE XL', 0, 11),
(1167, 119, 'CASCO INTEG. 952 NEGRO TALLE L', 0, 11),
(1168, 119, 'CASCO INTEG. 952 NEGRO TALLE M', 0, 11),
(1169, 119, 'CASCO INTEG. 952 NEGRO TALLE S', 0, 11),
(1170, 119, 'CASCO INTEG. 952 NEGRO TALLE XL', 0, 11),
(1171, 119, 'CASCO INTEG. 952 ISLA DE MAN ROJO/NEG TALLE M', 0, 11),
(1172, 119, 'CASCO INTEG. 952 ISLA DE MAN ROJO/NEG TALLE L', 0, 11),
(1173, 119, 'CASCO INTEG. 952 ISLA DE MAN ROJO/NEG TALLE XL', 0, 11),
(1174, 119, 'CASCO INTEG. B67 NEGRO MATE TALLE L', 0, 11),
(1175, 119, 'CASCO INTEG B67 NEGRO MATE TALLE M', 0, 11),
(1176, 119, 'CASCO INTEG B67 NEGRO MATE TALLE XL ', 0, 11),
(1177, 119, 'CASCO INTEG B67 STEEL BLANCO/PLATE/ROJO TALLE XL', 0, 11),
(1178, 119, 'CASCO INTEG B67 STEEL BLANCO/PLATE/ROJO TALLE M', 0, 11),
(1179, 119, 'CASCO INTEG B67 STEEL BLANCO/PLATE/ROJO TALLE L', 0, 11),
(1180, 119, 'CASCO MX B30 CHALLENGER BLAN/ROJ/NEG TALLE M', 0, 11),
(1181, 119, 'CASCO MX B30 CHALLENGER BLAN/ROJ/NEG TALLE L', 0, 11),
(1182, 119, 'CASCO MX B30 CHALLENGER BLAN/ROJ/NEG TALLE S ', 0, 11),
(1183, 119, 'CASCO MX B30 CHALLENGER BLAN/ROJ/NEG TALLE XL', 0, 11),
(1184, 119, 'CASCO MX B30 CHALLENGER NEGRO MATE TALLE L', 0, 11),
(1185, 119, 'CASCO MX B30 CHALLENGER NEGRO MATE TALLE M', 0, 11),
(1186, 119, 'CASCO MX B30 CHALLENGER NEGRO MATE TALLE S', 0, 11),
(1187, 119, 'CASCO MX B30 CHALLENGER NEGRO MATE TALLE XL', 0, 11),
(1188, 119, 'CASCO MX B30 NEGRO/NER/GRIS TALLE L', 0, 11),
(1189, 119, 'CASCO MX B30 NEGRO/NAR/GRIS TALLE M', 0, 11),
(1190, 119, 'CASCO MX B30 NEGRO/NAR/GRIS TALLE XL', 0, 11),
(1191, 119, 'CASCO REBAT 953 GRAF BLANCO/ROJ/NEGRO TALLE L', 0, 11),
(1192, 119, 'CASCO REBAT 953 GRAF BLANCO/ROJ/NEGRO TALLE XL', 0, 11),
(1193, 119, 'CASCO REBAT 953 GRAF BLANCO/ROJ/NEGRO TALLE M', 0, 11),
(1194, 119, 'CASCO REBAT 953 NEGRO TALLE L', 0, 11),
(1195, 119, 'CASCO REBAT 953 NEGRO TALLE M', 0, 11),
(1196, 119, 'CASCO REBAT 953 NEGRO TALLE XL', 0, 11),
(1197, 119, 'CASCO REBAT 953 NEGRO MATE TALLE L', 0, 11),
(1198, 119, 'CASCO REBAT 953 NEGRO MATE TALLE M', 0, 11),
(1199, 119, 'CASCO REBAT 953 TOURER NEGRO/ROJ/GRIS TALLE L', 0, 11),
(1200, 119, 'CASCO REBAT TOURER NEGRO/ROJ/GRIS M', 0, 11),
(1201, 119, 'CASCO REBAT 953 TOURER NEGRO/ROJ/GRIS TALLE M', 0, 11),
(1202, 119, 'CASCO REBAT 953 TOURER NEGRO/ROJ/GRIS TALLE XL', 0, 11),
(1203, 120, 'CASCO SJ FREEWAY CLASSIC T56', 0, 11),
(1204, 120, 'CASCO SJ FREEWAY CLASSIC T58', 0, 11),
(1205, 120, 'CASCO SJ FREEWAY CLASSIC T60', 0, 11),
(1206, 119, 'VISOR CRISTAL  BIEFFE 952', 0, 11),
(1207, 119, 'VISOR CRISTAL BIEFFE 953', 0, 11),
(1208, 119, 'VISOR FUME BIEFFE 953', 0, 11),
(1209, 119, 'CASCO INTEG B67 STEEL BLANCO/PLATE/ROJO TALLE XL ', 0, 11),
(1210, 113, 'SCALA RIDER Q1', 0, 11),
(1211, 113, 'SCALA RIDER Q1 TEAM SET ', 0, 11),
(1212, 113, 'SCALA RIDER Q3', 0, 11),
(1213, 85, 'PROTECTOR DE CARENADO BN302 NEGRO', 0, 11),
(1214, 114, 'CUPULA RACING KTM RC125- RC250- RC390 2014 AHUMADO', 0, 11),
(1215, 114, 'PARABRISAS TOURING MT03 (2016) NEGRO', 0, 11),
(1216, 114, 'PROTECTOR DE CARENADO  R12 YZF- R3 (2015) NEGRO', 0, 11),
(1217, 114, 'PARABRISAS SPORTE DUKE 120/200/390 (2011/14) AHUMADO', 0, 11),
(1218, 114, 'PARABRISAS SPORTE DUKE 120/200/390 (2011/14) NARANJA ', 0, 11),
(1219, 114, 'PARABRISAS TOURING MT03 (2016) NEGRO NAKED', 0, 11),
(1220, 114, 'CUPULA TOURING CBR1000L -AFRICA TWIN (2016)', 0, 11),
(1221, 120, 'CASCO URBAN INFINITY NEGRO/ROJ DOB VISOR T60', 0, 11),
(1222, 120, 'CASCO URBAN INFINITY NEGRO/ROJ DOB VISOR T52', 0, 11),
(1223, 120, 'CASCO SPIKE CLASSIC NEGRO T56', 0, 11),
(1224, 120, 'CASCO SPIKE CLASSIC NEGRO T58', 0, 11),
(1225, 85, 'ESPEJO MINI TITAN (2014)ADAP ', 0, 11),
(1226, 85, 'ESPEJO XRE300 NEGRO CONVEX ROSCA INVERSA', 0, 11),
(1227, 122, 'TRAJE DE LLUVIA NYLON C/C TALLE M', 0, 11),
(1228, 122, 'TRAJE DE LLUVIA NYLON C/C TALLE G (L)', 0, 11),
(1229, 122, 'TRAJE DE LLUVIA NYLON C/C TALLE GG (XL)', 0, 11),
(1230, 122, 'TR', 1, 11),
(1231, 122, 'TRAJE DE LLUVIA NYLON C/C TALLE EX (XXL)', 0, 11),
(1232, 114, 'JUEGO VALVULAS 90` 11.3 S/CAMARA NEGRO ', 0, 11),
(1233, 114, 'JUEGO VALVULAS 90` 11.3 S/CAMARA NEGRO PLATEADO', 0, 11),
(1234, 114, 'JUEGO VALVULAS 90` 11.3 S/CAMARA ROJO', 0, 11),
(1235, 114, 'JUEGO VALVULAS 90` 8.3 S/CAMARA NEGRO ', 0, 11),
(1236, 114, 'JUEGO VALVULAS 90` 8.3 S/CAMARA PLATEADO', 0, 11),
(1237, 114, 'JUEGO VALVULAS 90` 8.3 S/CAMARA ROJO', 0, 11),
(1238, 114, 'JUEGO CUBREMANOS MT03 NEGRO MATE (2016)', 0, 11),
(1239, 112, 'ALFORJAS LATERALES 22/25LTS SB44', 0, 11),
(1240, 112, 'BOLSO MUSLO AJUST. 0.5LTS SB04', 0, 11),
(1241, 112, 'MOCHILA SOFTBAG STANDAR SB85', 0, 11),
(1242, 112, 'BOLSO S/TANQUE TOUCH PEQ 20/27 LTS (4U)', 0, 11),
(1243, 109, 'FILTRO ACEITE HONDA XR250 TORNADO/TWISTER/FALCON', 0, 11),
(1244, 109, 'FILTRO ACEITE KTM DUKE 200 /BAJAJ RS 200', 0, 11),
(1245, 112, 'KIT LIGHT SH26/29/33/34/37/48/49/50', 0, 11),
(1246, 112, 'KIT LIGHT SH39/40/42/45/46', 0, 11),
(1247, 121, '320 MONO GLOSS BLACK TALLE L', 0, 11),
(1248, 121, '320 MONO GLOSS BLACK TALLE M', 0, 11),
(1249, 121, '320 LUNAR WHITE BLACK TALLE L', 0, 11),
(1250, 121, '390 BREAKER SPLIT TITAN YE L', 0, 11),
(1251, 121, '352 SINGLE MONO MATT BLACK L ', 0, 11),
(1252, 121, '390 BREAKER SPLIT TITAN YE M ', 0, 11),
(1253, 121, '352 SINGLE MONO MATT BLACK M', 0, 11),
(1254, 121, '352 SINGLE MONO MATT BLACK S', 0, 11),
(1255, 121, '352 SINGLE MONO MATT BLACK XL', 0, 11),
(1256, 121, '352 ATMOS GLOSS WHITE RED TALLE M', 0, 11),
(1257, 121, '352 ATMOS GLOSS WHITE RED TALLE L ', 0, 11),
(1258, 121, '352 ATMOS GLOSS WHITE RED TALLE XL', 0, 11),
(1259, 121, '352 FLUO BLACK HIVIS YELLOW L', 0, 11),
(1260, 121, '352 FLUO BLACK HIVIS YELLOW M', 0, 11),
(1261, 121, '352 FLUO BLACK HIVIS YELLOW XL', 0, 11),
(1262, 121, '561 WAVE MONO MATT BLACK TALLE L', 0, 11),
(1263, 121, '561 WAVE MONO MATT BLACK TALLE M', 0, 11),
(1264, 121, '583 KURT MATT MILIT GREEN TALLE M', 0, 11),
(1265, 121, '583 KURT MATT MILIT GREEN TALLE L', 0, 11),
(1266, 121, '370 EASY GLOSS BLACK L', 0, 11),
(1267, 121, '370 EASY GLOSS BLACK M', 0, 11),
(1268, 121, 'GUANTE CORTO SPEED TALLE L', 0, 11),
(1269, 121, 'GUANTE CORTO SPEED TALLE M', 0, 11),
(1270, 121, 'GUANTE CORTO SPEED TALLE S', 0, 11),
(1271, 121, 'CUBRE MOCHILA REFLECTIVE ', 0, 11),
(1272, 121, 'CHALECO REFLECTIVE ', 0, 11),
(1273, 121, 'CAMPERA PU STORM NEGRO TALLE L', 0, 11),
(1274, 121, 'IMPERMEABLE NADOR NEGRO TALLE XL ', 0, 11),
(1275, 121, 'VISOR FF369/ 384/ 350 NEW TRASL ', 0, 11),
(1276, 121, 'VISOR 369/ 384/ 350 NEW OSCURO', 0, 11),
(1277, 121, '570 VERSO SOLID MATT BLACK TALLE L', 0, 11),
(1278, 121, '570 VERSO SOLID MATT BLACK TALLE M', 0, 11),
(1279, 121, 'VISOR  FF386/ 325/ 370 CLEAR', 0, 11),
(1280, 121, 'VISOR  FF386/ 325/ 370 OSCURO', 0, 11),
(1281, 121, 'SUJECION FF369/ 84/ 52/ OF552', 0, 11),
(1282, 121, 'TRABA CIRCULAR VISOR FF386/358', 0, 11),
(1283, 121, 'BAUL MAC 28L REFLECT ROJO ', 0, 11),
(1284, 121, 'BAUL MAC 51L REFLECT BLANCO ', 0, 11),
(1285, 124, 'ME22', 0, 11),
(1286, 124, 'ENDURO3', 0, 16),
(1287, 123, 'TRAILATTACK 2', 0, 11),
(1288, 123, 'TKC80', 0, 11),
(1289, 123, 'MOTION M', 0, 11),
(1290, 123, 'GO', 0, 11),
(1291, 123, 'TKC 70 M+S', 0, 11),
(1292, 123, 'SPORTATTACK 2', 0, 11),
(1293, 123, 'ROADATTACK 2', 0, 11),
(1294, 123, 'TWIST SM TL', 0, 11),
(1295, 123, 'MOTION Z', 0, 11),
(1296, 125, 'GENERICA', 0, 11);

-- --------------------------------------------------------

--
-- Estructura de tabla para la tabla `movimientos_stock`
--

CREATE TABLE IF NOT EXISTS `movimientos_stock` (
  `mov_id` int(10) unsigned NOT NULL AUTO_INCREMENT,
  `suc_id` int(10) unsigned NOT NULL DEFAULT '0',
  `pro_id` int(10) unsigned NOT NULL DEFAULT '0',
  `tim_id` int(10) unsigned NOT NULL DEFAULT '0',
  `fecha` date DEFAULT NULL,
  `cantidad` int(10) unsigned DEFAULT NULL,
  `estado` int(10) unsigned DEFAULT '0',
  `observaciones` varchar(255) DEFAULT NULL,
  `ote_id` int(10) DEFAULT NULL,
  `trans_id` int(10) DEFAULT NULL,
  `encabezado_id` int(10) DEFAULT NULL,
  `remito` varchar(50) DEFAULT NULL,
  `usu_id` int(10) DEFAULT NULL,
  PRIMARY KEY (`mov_id`),
  KEY `movimientos_stock_FKIndex1` (`tim_id`),
  KEY `movimientos_stock_FKIndex2` (`pro_id`),
  KEY `movimientos_stock_FKIndex3` (`suc_id`)
) ENGINE=MyISAM  DEFAULT CHARSET=latin1 AUTO_INCREMENT=262 ;

--
-- Volcado de datos para la tabla `movimientos_stock`
--

INSERT INTO `movimientos_stock` (`mov_id`, `suc_id`, `pro_id`, `tim_id`, `fecha`, `cantidad`, `estado`, `observaciones`, `ote_id`, `trans_id`, `encabezado_id`, `remito`, `usu_id`) VALUES
(1, 5, 1, 1, '2017-06-27', 2, 0, '', 0, 0, 1, '', 11),
(2, 5, 2, 1, '2017-06-27', 2, 0, '', 0, 0, 2, 'FC 5108', 11),
(3, 5, 1, 1, '2017-06-27', 34, 0, '', 0, 0, 3, 'FC 5108', 11),
(4, 5, 2, 1, '2017-06-27', 34, 0, '', 0, 0, 3, 'FC 5108', 11),
(5, 5, 3, 1, '2017-06-27', 36, 0, '', 0, 0, 4, 'FC 5108', 11),
(6, 5, 3, 1, '2017-06-27', 36, 0, '', 0, 0, 5, 'FC 5108', 11),
(7, 5, 4, 1, '2017-06-28', 36, 0, '', 0, 0, 6, 'fc 5108', 11),
(8, 5, 5, 1, '2017-06-28', 36, 0, '', 0, 0, 7, 'FC 5108', 11),
(9, 5, 6, 1, '2017-06-29', 36, 0, '', 0, 0, 8, 'fc 5108', 11),
(10, 5, 7, 1, '2017-06-29', 36, 0, '', 0, 0, 8, 'fc 5108', 11),
(11, 5, 8, 1, '2017-06-29', 36, 0, '', 0, 0, 8, 'fc 5108', 11),
(12, 5, 9, 1, '2017-06-29', 36, 0, '', 0, 0, 8, 'fc 5108', 11),
(13, 5, 10, 1, '2017-06-29', 36, 0, '', 0, 0, 8, 'fc 5108', 11),
(14, 5, 11, 1, '2017-06-29', 3600, 0, '15, 160, 165, 190, 195, 160, 165, 170,190,195 MILIMETROS', 0, 0, 9, 'fc 5107', 11),
(15, 5, 12, 1, '2017-06-29', 5, 0, '', 0, 0, 10, 'fc 5107', 11),
(16, 5, 13, 1, '2017-06-29', 5, 0, '', 0, 0, 10, 'fc 5107', 11),
(17, 5, 14, 1, '2017-06-29', 5, 0, '', 0, 0, 10, 'fc 5107', 11),
(18, 5, 15, 1, '2017-06-29', 5, 0, '', 0, 0, 10, 'fc 5107', 11),
(19, 5, 16, 1, '2017-06-29', 5, 0, '', 0, 0, 10, 'fc 5107', 11),
(20, 5, 17, 1, '2017-06-29', 5, 0, '', 0, 0, 10, 'fc 5107', 11),
(21, 5, 18, 1, '2017-06-29', 5, 0, '', 0, 0, 10, 'fc 5107', 11),
(22, 5, 19, 1, '2017-06-29', 5, 0, '', 0, 0, 10, 'fc 5107', 11),
(23, 5, 20, 1, '2017-06-29', 5, 0, '', 0, 0, 10, 'fc 5107', 11),
(24, 5, 21, 1, '2017-06-29', 5, 0, '', 0, 0, 10, 'fc 5107', 11),
(25, 5, 22, 1, '2017-06-29', 5, 0, '', 0, 0, 10, 'fc 5107', 11),
(26, 5, 23, 1, '2017-06-29', 5, 0, '', 0, 0, 10, 'fc 5107', 11),
(27, 5, 24, 1, '2017-06-29', 5, 0, '', 0, 0, 10, 'fc 5107', 11),
(28, 5, 25, 1, '2017-06-29', 5, 0, '', 0, 0, 10, 'fc 5107', 11),
(29, 5, 26, 1, '2017-06-29', 5, 0, '', 0, 0, 10, 'fc 5107', 11),
(30, 5, 27, 1, '2017-06-29', 4, 0, '', 0, 0, 11, 'FC 0101-00173852', 11),
(31, 5, 28, 1, '2017-06-29', 4, 0, '', 0, 0, 11, 'FC 0101-00173852', 11),
(32, 5, 29, 1, '2017-06-29', 4, 0, '', 0, 0, 11, 'FC 0101-00173852', 11),
(33, 5, 30, 1, '2017-06-29', 4, 0, '', 0, 0, 11, 'FC 0101-00173852', 11),
(34, 5, 31, 1, '2017-06-29', 4, 0, '', 0, 0, 11, 'FC 0101-00173852', 11),
(35, 5, 32, 1, '2017-06-29', 4, 0, '', 0, 0, 11, 'FC 0101-00173852', 11),
(36, 5, 33, 1, '2017-06-29', 4, 0, '', 0, 0, 11, 'FC 0101-00173852', 11),
(37, 5, 34, 1, '2017-06-29', 4, 0, '', 0, 0, 11, 'FC 0101-00173852', 11),
(38, 5, 35, 1, '2017-06-29', 4, 0, '', 0, 0, 11, 'FC 0101-00173852', 11),
(39, 5, 36, 1, '2017-06-29', 4, 0, '', 0, 0, 11, 'FC 0101-00173852', 11),
(40, 5, 37, 1, '2017-06-29', 4, 0, '', 0, 0, 11, 'FC 0101-00173852', 11),
(41, 5, 38, 1, '2017-06-29', 4, 0, '', 0, 0, 11, 'FC 0101-00173852', 11),
(42, 5, 39, 1, '2017-06-29', 10, 0, '', 0, 0, 11, 'FC 0101-00173852', 11),
(43, 5, 40, 1, '2017-06-29', 4, 0, '', 0, 0, 12, 'FC 0101-00173853', 11),
(44, 5, 41, 1, '2017-06-29', 1, 0, '', 0, 0, 13, 'fc 0101-00173853', 11),
(45, 5, 42, 1, '2017-06-29', 1, 0, '', 0, 0, 13, 'fc 0101-00173853', 11),
(46, 5, 43, 1, '2017-06-29', 1, 0, '', 0, 0, 13, 'fc 0101-00173853', 11),
(47, 5, 44, 1, '2017-06-29', 2, 0, '', 0, 0, 13, 'fc 0101-00173853', 11),
(48, 5, 45, 1, '2017-06-29', 2, 0, '', 0, 0, 13, 'fc 0101-00173853', 11),
(49, 5, 46, 1, '2017-06-29', 2, 0, '', 0, 0, 13, 'fc 0101-00173853', 11),
(50, 5, 47, 1, '2017-06-29', 2, 0, '', 0, 0, 13, 'fc 0101-00173853', 11),
(51, 5, 48, 1, '2017-06-29', 2, 0, '', 0, 0, 13, 'fc 0101-00173853', 11),
(52, 5, 49, 1, '2017-06-29', 1, 0, '', 0, 0, 13, 'fc 0101-00173853', 11),
(53, 5, 50, 1, '2017-06-29', 1, 0, '', 0, 0, 13, 'fc 0101-00173853', 11),
(54, 5, 51, 1, '2017-06-29', 2, 0, '', 0, 0, 13, 'fc 0101-00173853', 11),
(55, 5, 52, 1, '2017-06-29', 1, 0, '', 0, 0, 13, 'fc 0101-00173853', 11),
(56, 5, 53, 1, '2017-06-29', 6, 0, '', 0, 0, 13, 'fc 0101-00173853', 11),
(57, 5, 54, 1, '2017-06-29', 6, 0, '', 0, 0, 13, 'fc 0101-00173853', 11),
(58, 5, 55, 1, '2017-06-29', 4, 0, '', 0, 0, 13, 'fc 0101-00173853', 11),
(59, 5, 56, 1, '2017-06-29', 2, 0, '', 0, 0, 13, 'fc 0101-00173853', 11),
(60, 5, 57, 1, '2017-06-29', 2, 0, '', 0, 0, 13, 'fc 0101-00173853', 11),
(61, 5, 58, 1, '2017-06-30', 60, 0, '', 0, 0, 14, 'fc 0003-00001149', 11),
(62, 5, 59, 1, '2017-06-30', 10, 0, '', 0, 0, 14, 'fc 0003-00001149', 11),
(63, 5, 60, 1, '2017-06-30', 10, 0, '', 0, 0, 14, 'fc 0003-00001149', 11),
(64, 5, 61, 1, '2017-06-30', 20, 0, '', 0, 0, 14, 'fc 0003-00001149', 11),
(65, 5, 62, 1, '2017-07-08', 1, 0, '', 0, 0, 15, 'fc 0101-00173854', 11),
(66, 5, 63, 1, '2017-07-08', 2, 0, '', 0, 0, 15, 'fc 0101-00173854', 11),
(67, 5, 64, 1, '2017-07-08', 2, 0, '', 0, 0, 15, 'fc 0101-00173854', 11),
(68, 5, 65, 1, '2017-07-08', 1, 0, '', 0, 0, 15, 'fc 0101-00173854', 11),
(69, 5, 66, 1, '2017-07-08', 1, 0, '', 0, 0, 15, 'fc 0101-00173854', 11),
(70, 5, 67, 1, '2017-07-08', 1, 0, '', 0, 0, 15, 'fc 0101-00173854', 11),
(71, 5, 68, 1, '2017-07-08', 1, 0, '', 0, 0, 15, 'fc 0101-00173854', 11),
(72, 5, 69, 1, '2017-07-08', 1, 0, '', 0, 0, 15, 'fc 0101-00173854', 11),
(73, 5, 70, 1, '2017-07-08', 1, 0, '', 0, 0, 15, 'fc 0101-00173854', 11),
(74, 5, 71, 1, '2017-07-08', 1, 0, '', 0, 0, 15, 'fc 0101-00173854', 11),
(75, 5, 72, 1, '2017-07-08', 1, 0, '', 0, 0, 15, 'fc 0101-00173854', 11),
(76, 5, 73, 1, '2017-07-08', 1, 0, '', 0, 0, 15, 'fc 0101-00173854', 11),
(77, 5, 74, 1, '2017-07-08', 2, 0, '', 0, 0, 15, 'fc 0101-00173854', 11),
(78, 5, 75, 1, '2017-07-08', 1, 0, '', 0, 0, 15, 'fc 0101-00173854', 11),
(79, 5, 76, 1, '2017-07-08', 2, 0, '', 0, 0, 15, 'fc 0101-00173854', 11),
(80, 5, 77, 1, '2017-07-08', 1, 0, '', 0, 0, 15, 'fc 0101-00173854', 11),
(81, 5, 78, 1, '2017-07-08', 1, 0, '', 0, 0, 15, 'fc 0101-00173854', 11),
(82, 5, 79, 1, '2017-07-08', 2, 0, '', 0, 0, 15, 'fc 0101-00173854', 11),
(83, 5, 80, 1, '2017-07-08', 1, 0, '', 0, 0, 15, 'fc 0101-00173854', 11),
(84, 5, 81, 1, '2017-07-08', 1, 0, '', 0, 0, 15, 'fc 0101-00173854', 11),
(85, 5, 82, 1, '2017-07-08', 2, 0, '', 0, 0, 15, 'fc 0101-00173854', 11),
(86, 5, 83, 1, '2017-07-08', 2, 0, '', 0, 0, 15, 'fc 0101-00173854', 11),
(87, 5, 84, 1, '2017-07-08', 2, 0, '', 0, 0, 15, 'fc 0101-00173854', 11),
(88, 5, 85, 1, '2017-07-08', 10, 0, '', 0, 0, 15, 'fc 0101-00173854', 11),
(89, 5, 86, 1, '2017-07-08', 30, 0, '', 0, 0, 15, 'fc 0101-00173854', 11),
(90, 5, 62, 1, '2017-07-08', 1, 0, '', 0, 0, 16, 'fc 0101-00173855', 11),
(91, 5, 87, 1, '2017-07-08', 2, 0, '', 0, 0, 16, 'fc 0101-00173855', 11),
(92, 5, 88, 1, '2017-07-08', 1, 0, '', 0, 0, 16, 'fc 0101-00173855', 11),
(93, 5, 65, 1, '2017-07-08', 1, 0, '', 0, 0, 16, 'fc 0101-00173855', 11),
(94, 5, 66, 1, '2017-07-08', 1, 0, '', 0, 0, 16, 'fc 0101-00173855', 11),
(95, 5, 67, 1, '2017-07-08', 1, 0, '', 0, 0, 16, 'fc 0101-00173855', 11),
(96, 5, 68, 1, '2017-07-08', 1, 0, '', 0, 0, 16, 'fc 0101-00173855', 11),
(97, 5, 69, 1, '2017-07-08', 1, 0, '', 0, 0, 16, 'fc 0101-00173855', 11),
(98, 5, 89, 1, '2017-07-08', 1, 0, '', 0, 0, 16, 'fc 0101-00173855', 11),
(99, 5, 72, 1, '2017-07-08', 3, 0, '', 0, 0, 16, 'fc 0101-00173855', 11),
(100, 5, 90, 1, '2017-07-08', 2, 0, '', 0, 0, 16, 'fc 0101-00173855', 11),
(101, 5, 91, 1, '2017-07-08', 1, 0, '', 0, 0, 16, 'fc 0101-00173855', 11),
(102, 5, 75, 1, '2017-07-08', 1, 0, '', 0, 0, 16, 'fc 0101-00173855', 11),
(103, 5, 92, 1, '2017-07-08', 4, 0, '', 0, 0, 16, 'fc 0101-00173855', 11),
(104, 5, 93, 1, '2017-07-08', 4, 0, '', 0, 0, 16, 'fc 0101-00173855', 11),
(105, 5, 80, 1, '2017-07-08', 5, 0, '', 0, 0, 16, 'fc 0101-00173855', 11),
(106, 5, 94, 1, '2017-07-08', 2, 0, '', 0, 0, 16, 'fc 0101-00173855', 11),
(107, 5, 95, 1, '2017-07-08', 4, 0, '', 0, 0, 16, 'fc 0101-00173855', 11),
(108, 5, 81, 1, '2017-07-08', 3, 0, '', 0, 0, 16, 'fc 0101-00173855', 11),
(109, 5, 96, 1, '2017-07-08', 4, 0, '', 0, 0, 16, 'fc 0101-00173855', 11),
(110, 5, 97, 1, '2017-07-08', 2, 0, '', 0, 0, 16, 'fc 0101-00173855', 11),
(111, 5, 98, 1, '2017-07-08', 2, 0, '', 0, 0, 16, 'fc 0101-00173855', 11),
(112, 5, 99, 1, '2017-07-08', 2, 0, '', 0, 0, 16, 'fc 0101-00173855', 11),
(113, 5, 100, 1, '2017-07-08', 2, 0, '', 0, 0, 16, 'fc 0101-00173855', 11),
(114, 5, 101, 1, '2017-07-08', 50, 0, '', 0, 0, 16, 'fc 0101-00173855', 11),
(115, 5, 102, 1, '2017-07-08', 30, 0, '', 0, 0, 16, 'fc 0101-00173855', 11),
(116, 5, 103, 1, '2017-07-08', 30, 0, '', 0, 0, 16, 'fc 0101-00173855', 11),
(117, 5, 104, 1, '2017-07-08', 50, 0, '', 0, 0, 16, 'fc 0101-00173855', 11),
(118, 5, 44, 1, '2017-07-08', 3, 0, '', 0, 0, 17, 'fc 0101-00174511', 11),
(119, 5, 105, 1, '2017-07-08', 1, 0, '', 0, 0, 17, 'fc 0101-00174511', 11),
(120, 5, 106, 1, '2017-07-08', 1, 0, '', 0, 0, 17, 'fc 0101-00174511', 11),
(121, 5, 107, 1, '2017-07-08', 1, 0, '', 0, 0, 18, 'fc 0101-00174510', 11),
(122, 5, 108, 1, '2017-07-08', 2, 0, '', 0, 0, 18, 'fc 0101-00174510', 11),
(123, 5, 109, 1, '2017-07-08', 2, 0, '', 0, 0, 18, 'fc 0101-00174510', 11),
(124, 5, 110, 1, '2017-07-08', 2, 0, '', 0, 0, 18, 'fc 0101-00174510', 11),
(125, 5, 111, 1, '2017-07-08', 2, 0, '', 0, 0, 18, 'fc 0101-00174510', 11),
(126, 7, 112, 1, '2017-07-08', 3, 0, '', 0, 0, 19, 'ingreso x inicio', 11),
(127, 7, 114, 1, '2017-07-08', 1, 0, '', 0, 0, 19, 'ingreso x inicio', 11),
(128, 7, 116, 1, '2017-07-08', 3, 0, '', 0, 0, 19, 'ingreso x inicio', 11),
(129, 7, 119, 1, '2017-07-08', 2, 0, '', 0, 0, 19, 'ingreso x inicio', 11),
(130, 7, 140, 1, '2017-07-08', 1, 0, '', 0, 0, 19, 'ingreso x inicio', 11),
(131, 7, 142, 1, '2017-07-08', 1, 0, '', 0, 0, 19, 'ingreso x inicio', 11),
(132, 7, 143, 1, '2017-07-08', 1, 0, '', 0, 0, 19, 'ingreso x inicio', 11),
(133, 7, 146, 1, '2017-07-08', 1, 0, '', 0, 0, 19, 'ingreso x inicio', 11),
(134, 7, 147, 1, '2017-07-08', 1, 0, '', 0, 0, 19, 'ingreso x inicio', 11),
(135, 7, 150, 1, '2017-07-08', 1, 0, '', 0, 0, 19, 'ingreso x inicio', 11),
(136, 7, 151, 1, '2017-07-08', 1, 0, '', 0, 0, 19, 'ingreso x inicio', 11),
(137, 7, 154, 1, '2017-07-08', 2, 0, '', 0, 0, 19, 'ingreso x inicio', 11),
(138, 7, 155, 1, '2017-07-08', 1, 0, '', 0, 0, 19, 'ingreso x inicio', 11),
(139, 7, 156, 1, '2017-07-08', 1, 0, '', 0, 0, 19, 'ingreso x inicio', 11),
(140, 7, 157, 1, '2017-07-08', 2, 0, '', 0, 0, 19, 'ingreso x inicio', 11),
(141, 7, 160, 1, '2017-07-08', 2, 0, '', 0, 0, 19, 'ingreso x inicio', 11),
(142, 7, 164, 1, '2017-07-08', 2, 0, '', 0, 0, 19, 'ingreso x inicio', 11),
(143, 7, 165, 1, '2017-07-08', 1, 0, '', 0, 0, 19, 'ingreso x inicio', 11),
(144, 7, 167, 1, '2017-07-08', 1, 0, '', 0, 0, 19, 'ingreso x inicio', 11),
(145, 7, 168, 1, '2017-07-08', 1, 0, '', 0, 0, 19, 'ingreso x inicio', 11),
(146, 7, 171, 1, '2017-07-08', 1, 0, '', 0, 0, 19, 'ingreso x inicio', 11),
(147, 7, 172, 1, '2017-07-08', 1, 0, '', 0, 0, 19, 'ingreso x inicio', 11),
(148, 7, 175, 1, '2017-07-08', 1, 0, '', 0, 0, 19, 'ingreso x inicio', 11),
(149, 7, 176, 1, '2017-07-08', 1, 0, '', 0, 0, 19, 'ingreso x inicio', 11),
(150, 5, 112, 1, '2017-07-08', 1, 0, '', 0, 0, 20, 'inicio de actividad', 11),
(151, 5, 113, 1, '2017-07-08', 1, 0, '', 0, 0, 20, 'inicio de actividad', 11),
(152, 5, 114, 1, '2017-07-08', 1, 0, '', 0, 0, 20, 'inicio de actividad', 11),
(153, 5, 115, 1, '2017-07-08', 1, 0, '', 0, 0, 20, 'inicio de actividad', 11),
(154, 5, 116, 1, '2017-07-08', 1, 0, '', 0, 0, 20, 'inicio de actividad', 11),
(155, 5, 117, 1, '2017-07-08', 1, 0, '', 0, 0, 20, 'inicio de actividad', 11),
(156, 5, 118, 1, '2017-07-08', 2, 0, '', 0, 0, 20, 'inicio de actividad', 11),
(157, 5, 119, 1, '2017-07-08', 1, 0, '', 0, 0, 20, 'inicio de actividad', 11),
(158, 5, 120, 1, '2017-07-08', 1, 0, '', 0, 0, 20, 'inicio de actividad', 11),
(159, 5, 121, 1, '2017-07-08', 1, 0, '', 0, 0, 20, 'inicio de actividad', 11),
(160, 5, 122, 1, '2017-07-08', 1, 0, '', 0, 0, 20, 'inicio de actividad', 11),
(161, 5, 123, 1, '2017-07-08', 1, 0, '', 0, 0, 20, 'inicio de actividad', 11),
(162, 5, 124, 1, '2017-07-08', 1, 0, '', 0, 0, 20, 'inicio de actividad', 11),
(163, 5, 125, 1, '2017-07-08', 1, 0, '', 0, 0, 20, 'inicio de actividad', 11),
(164, 5, 126, 1, '2017-07-08', 1, 0, '', 0, 0, 20, 'inicio de actividad', 11),
(165, 5, 127, 1, '2017-07-08', 1, 0, '', 0, 0, 20, 'inicio de actividad', 11),
(166, 5, 128, 1, '2017-07-08', 1, 0, '', 0, 0, 20, 'inicio de actividad', 11),
(167, 5, 129, 1, '2017-07-08', 1, 0, '', 0, 0, 20, 'inicio de actividad', 11),
(168, 5, 130, 1, '2017-07-08', 1, 0, '', 0, 0, 20, 'inicio de actividad', 11),
(169, 5, 131, 1, '2017-07-08', 1, 0, '', 0, 0, 20, 'inicio de actividad', 11),
(170, 5, 132, 1, '2017-07-08', 1, 0, '', 0, 0, 20, 'inicio de actividad', 11),
(171, 5, 133, 1, '2017-07-08', 1, 0, '', 0, 0, 20, 'inicio de actividad', 11),
(172, 5, 134, 1, '2017-07-08', 1, 0, '', 0, 0, 20, 'inicio de actividad', 11),
(173, 5, 135, 1, '2017-07-08', 1, 0, '', 0, 0, 20, 'inicio de actividad', 11),
(174, 5, 136, 1, '2017-07-08', 1, 0, '', 0, 0, 20, 'inicio de actividad', 11),
(175, 5, 137, 1, '2017-07-08', 1, 0, '', 0, 0, 20, 'inicio de actividad', 11),
(176, 5, 138, 1, '2017-07-08', 1, 0, '', 0, 0, 20, 'inicio de actividad', 11),
(177, 5, 139, 1, '2017-07-08', 1, 0, '', 0, 0, 20, 'inicio de actividad', 11),
(178, 5, 140, 1, '2017-07-08', 1, 0, '', 0, 0, 20, 'inicio de actividad', 11),
(179, 5, 141, 1, '2017-07-08', 1, 0, '', 0, 0, 20, 'inicio de actividad', 11),
(180, 5, 142, 1, '2017-07-08', 1, 0, '', 0, 0, 20, 'inicio de actividad', 11),
(181, 5, 143, 1, '2017-07-08', 1, 0, '', 0, 0, 20, 'inicio de actividad', 11),
(182, 5, 144, 1, '2017-07-08', 1, 0, '', 0, 0, 20, 'inicio de actividad', 11),
(183, 5, 145, 1, '2017-07-08', 1, 0, '', 0, 0, 20, 'inicio de actividad', 11),
(184, 5, 146, 1, '2017-07-08', 1, 0, '', 0, 0, 20, 'inicio de actividad', 11),
(185, 5, 147, 1, '2017-07-08', 1, 0, '', 0, 0, 20, 'inicio de actividad', 11),
(186, 5, 148, 1, '2017-07-08', 1, 0, '', 0, 0, 20, 'inicio de actividad', 11),
(187, 5, 149, 1, '2017-07-08', 1, 0, '', 0, 0, 20, 'inicio de actividad', 11),
(188, 5, 150, 1, '2017-07-08', 1, 0, '', 0, 0, 20, 'inicio de actividad', 11),
(189, 5, 151, 1, '2017-07-08', 1, 0, '', 0, 0, 20, 'inicio de actividad', 11),
(190, 5, 152, 1, '2017-07-08', 1, 0, '', 0, 0, 20, 'inicio de actividad', 11),
(191, 5, 153, 1, '2017-07-08', 1, 0, '', 0, 0, 20, 'inicio de actividad', 11),
(192, 5, 154, 1, '2017-07-08', 1, 0, '', 0, 0, 20, 'inicio de actividad', 11),
(193, 5, 155, 1, '2017-07-08', 1, 0, '', 0, 0, 20, 'inicio de actividad', 11),
(194, 5, 156, 1, '2017-07-08', 1, 0, '', 0, 0, 20, 'inicio de actividad', 11),
(195, 5, 157, 1, '2017-07-08', 1, 0, '', 0, 0, 20, 'inicio de actividad', 11),
(196, 5, 158, 1, '2017-07-08', 1, 0, '', 0, 0, 20, 'inicio de actividad', 11),
(197, 5, 159, 1, '2017-07-08', 1, 0, '', 0, 0, 20, 'inicio de actividad', 11),
(198, 5, 160, 1, '2017-07-08', 1, 0, '', 0, 0, 20, 'inicio de actividad', 11),
(199, 5, 161, 1, '2017-07-08', 1, 0, '', 0, 0, 20, 'inicio de actividad', 11),
(200, 5, 162, 1, '2017-07-08', 1, 0, '', 0, 0, 20, 'inicio de actividad', 11),
(201, 5, 163, 1, '2017-07-08', 1, 0, '', 0, 0, 20, 'inicio de actividad', 11),
(202, 5, 164, 1, '2017-07-08', 1, 0, '', 0, 0, 20, 'inicio de actividad', 11),
(203, 5, 165, 1, '2017-07-08', 1, 0, '', 0, 0, 20, 'inicio de actividad', 11),
(204, 5, 166, 1, '2017-07-08', 1, 0, '', 0, 0, 20, 'inicio de actividad', 11),
(205, 5, 167, 1, '2017-07-08', 1, 0, '', 0, 0, 20, 'inicio de actividad', 11),
(206, 5, 168, 1, '2017-07-08', 1, 0, '', 0, 0, 20, 'inicio de actividad', 11),
(207, 5, 169, 1, '2017-07-08', 1, 0, '', 0, 0, 20, 'inicio de actividad', 11),
(208, 5, 170, 1, '2017-07-08', 1, 0, '', 0, 0, 20, 'inicio de actividad', 11),
(209, 5, 171, 1, '2017-07-08', 1, 0, '', 0, 0, 20, 'inicio de actividad', 11),
(210, 5, 172, 1, '2017-07-08', 1, 0, '', 0, 0, 20, 'inicio de actividad', 11),
(211, 5, 173, 1, '2017-07-08', 1, 0, '', 0, 0, 20, 'inicio de actividad', 11),
(212, 5, 174, 1, '2017-07-08', 1, 0, '', 0, 0, 20, 'inicio de actividad', 11),
(213, 5, 175, 1, '2017-07-08', 1, 0, '', 0, 0, 20, 'inicio de actividad', 11),
(214, 5, 176, 1, '2017-07-08', 1, 0, '', 0, 0, 20, 'inicio de actividad', 11),
(215, 5, 177, 1, '2017-07-08', 1, 0, '', 0, 0, 20, 'inicio de actividad', 11),
(216, 5, 58, 2, '2017-07-10', 60, 0, 'SE CARGARON CON OTRO CODIGO', 0, 0, 21, 'fc 1149', 11),
(217, 5, 59, 2, '2017-07-10', 10, 0, 'SE CARGARON CON OTRO CODIGO', 0, 0, 21, 'fc 1149', 11),
(218, 5, 60, 2, '2017-07-10', 10, 0, 'SE CARGARON CON OTRO CODIGO', 0, 0, 21, 'fc 1149', 11),
(219, 5, 61, 2, '2017-07-10', 20, 0, 'SE CARGARON CON OTRO CODIGO', 0, 0, 21, 'fc 1149', 11),
(220, 5, 178, 1, '2017-08-08', 6, 0, '', 0, 0, 22, '0010-00077419', 11),
(221, 5, 478, 1, '2017-09-10', 2, 0, '', 0, 0, 23, 'TRASLADO DE LOCAL', 11),
(222, 5, 483, 1, '2017-09-10', 2, 0, '', 0, 0, 23, 'TRASLADO DE LOCAL', 11),
(223, 5, 479, 1, '2017-09-10', 2, 0, '', 0, 0, 23, 'TRASLADO DE LOCAL', 11),
(224, 5, 484, 1, '2017-09-10', 2, 0, '', 0, 0, 23, 'TRASLADO DE LOCAL', 11),
(225, 5, 482, 1, '2017-09-10', 2, 0, '', 0, 0, 23, 'TRASLADO DE LOCAL', 11),
(226, 5, 476, 1, '2017-09-10', 2, 0, '', 0, 0, 23, 'TRASLADO DE LOCAL', 11),
(227, 5, 481, 1, '2017-09-10', 2, 0, '', 0, 0, 23, 'TRASLADO DE LOCAL', 11),
(228, 5, 480, 1, '2017-09-10', 2, 0, '', 0, 0, 23, 'TRASLADO DE LOCAL', 11),
(229, 5, 485, 1, '2017-09-10', 2, 0, '', 0, 0, 23, 'TRASLADO DE LOCAL', 11),
(230, 5, 477, 1, '2017-09-10', 2, 0, '', 0, 0, 23, 'TRASLADO DE LOCAL', 11),
(231, 5, 484, 2, '2017-09-10', 1, 1, 'O.T. Nro.:1', 1, 0, 24, '', 11),
(232, 5, 460, 1, '2017-09-10', 2, 0, '', 0, 0, 25, 'TRASLADO DE LOCAL', 11),
(233, 5, 463, 1, '2017-09-10', 2, 0, '', 0, 0, 25, 'TRASLADO DE LOCAL', 11),
(234, 5, 465, 1, '2017-09-10', 1, 0, '', 0, 0, 25, 'TRASLADO DE LOCAL', 11),
(235, 5, 467, 1, '2017-09-10', 2, 0, '', 0, 0, 25, 'TRASLADO DE LOCAL', 11),
(236, 5, 469, 1, '2017-09-10', 2, 0, '', 0, 0, 25, 'TRASLADO DE LOCAL', 11),
(237, 5, 471, 1, '2017-09-10', 2, 0, '', 0, 0, 25, 'TRASLADO DE LOCAL', 11),
(238, 5, 456, 1, '2017-09-10', 2, 0, '', 0, 0, 26, 'TRASLADO DE LOCAL', 11),
(239, 5, 452, 1, '2017-09-10', 3, 0, '', 0, 0, 26, 'TRASLADO DE LOCAL', 11),
(240, 5, 474, 1, '2017-09-10', 2, 0, '', 0, 0, 26, 'TRASLADO DE LOCAL', 11),
(241, 5, 458, 1, '2017-09-10', 2, 0, '', 0, 0, 26, 'TRASLADO DE LOCAL', 11),
(242, 5, 464, 1, '2017-09-10', 2, 0, '', 0, 0, 26, 'TRASLADO DE LOCAL', 11),
(243, 5, 466, 1, '2017-09-10', 1, 0, '', 0, 0, 26, 'TRASLADO DE LOCAL', 11),
(244, 5, 468, 1, '2017-09-10', 2, 0, '', 0, 0, 26, 'TRASLADO DE LOCAL', 11),
(245, 5, 470, 1, '2017-09-10', 2, 0, '', 0, 0, 26, 'TRASLADO DE LOCAL', 11),
(246, 5, 461, 1, '2017-09-10', 1, 0, '', 0, 0, 26, 'TRASLADO DE LOCAL', 11),
(247, 5, 462, 1, '2017-09-10', 1, 0, '', 0, 0, 26, 'TRASLADO DE LOCAL', 11),
(248, 5, 475, 1, '2017-09-10', 2, 0, '', 0, 0, 26, 'TRASLADO DE LOCAL', 11),
(249, 5, 459, 1, '2017-09-10', 2, 0, '', 0, 0, 26, 'TRASLADO DE LOCAL', 11),
(250, 5, 472, 1, '2017-09-10', 2, 0, '', 0, 0, 26, 'TRASLADO DE LOCAL', 11),
(251, 5, 473, 1, '2017-09-10', 1, 0, '', 0, 0, 26, 'TRASLADO DE LOCAL', 11),
(252, 5, 453, 1, '2017-09-10', 1, 0, '', 0, 0, 26, 'TRASLADO DE LOCAL', 11),
(253, 5, 457, 1, '2017-09-10', 1, 0, '', 0, 0, 26, 'TRASLADO DE LOCAL', 11),
(254, 5, 454, 1, '2017-09-10', 1, 0, '', 0, 0, 26, 'TRASLADO DE LOCAL', 11),
(255, 5, 455, 1, '2017-09-10', 1, 0, '', 0, 0, 26, 'TRASLADO DE LOCAL', 11),
(256, 5, 479, 2, '2017-09-10', 1, 0, 'O.T. Nro.:1', 1, 0, 27, '', 11),
(257, 5, 486, 2, '2017-09-12', 1, 0, 'O.T. Nro.:2', 2, 0, 28, '', 11),
(258, 5, 487, 2, '2017-09-12', 1, 0, 'O.T. Nro.:2', 2, 0, 28, '', 11),
(259, 5, 485, 2, '2017-09-12', 1, 0, 'O.T. Nro.:2', 2, 0, 28, '', 11),
(260, 5, 182, 1, '2017-09-16', 90, 0, '', 0, 0, 29, 'INGRESO DE STOCK', 11),
(261, 5, 489, 1, '2017-09-16', 20, 0, '', 0, 0, 29, 'INGRESO DE STOCK', 11);

-- --------------------------------------------------------

--
-- Estructura de tabla para la tabla `orden_trabajo_det`
--

CREATE TABLE IF NOT EXISTS `orden_trabajo_det` (
  `otd_id` int(10) unsigned NOT NULL AUTO_INCREMENT,
  `pro_id` int(10) unsigned NOT NULL DEFAULT '0',
  `ote_id` int(10) unsigned NOT NULL DEFAULT '0',
  `cantidad` int(10) unsigned DEFAULT NULL,
  `precio` double DEFAULT NULL,
  `descuento` double DEFAULT NULL,
  `observaciones` text,
  `usu_id` int(10) DEFAULT NULL,
  PRIMARY KEY (`otd_id`),
  KEY `orden_trabajo_det_FKIndex1` (`ote_id`),
  KEY `orden_trabajo_det_FKIndex2` (`pro_id`)
) ENGINE=MyISAM  DEFAULT CHARSET=latin1 AUTO_INCREMENT=6 ;

--
-- Volcado de datos para la tabla `orden_trabajo_det`
--

INSERT INTO `orden_trabajo_det` (`otd_id`, `pro_id`, `ote_id`, `cantidad`, `precio`, `descuento`, `observaciones`, `usu_id`) VALUES
(2, 479, 1, 1, 0, 0, '', 11),
(3, 486, 2, 1, 250, 0, '', 11),
(4, 487, 2, 1, 420, 0, 'CAMARA 275/18 MICHE', 11),
(5, 485, 2, 1, 711, 0, '', 11);

-- --------------------------------------------------------

--
-- Estructura de tabla para la tabla `orden_trabajo_enc`
--

CREATE TABLE IF NOT EXISTS `orden_trabajo_enc` (
  `ote_id` int(10) unsigned NOT NULL AUTO_INCREMENT,
  `usuarios_usu_id` int(10) unsigned NOT NULL DEFAULT '0',
  `veh_id` int(10) unsigned DEFAULT '0',
  `cli_id` int(10) unsigned NOT NULL DEFAULT '0',
  `fecha` date DEFAULT NULL,
  `numero` int(10) DEFAULT NULL,
  `suc_id` int(10) DEFAULT NULL,
  `observaciones` text,
  `estado` int(10) DEFAULT '0',
  `realizo` text,
  `pmo_id` int(11) DEFAULT NULL,
  `usu_id` int(10) DEFAULT NULL,
  PRIMARY KEY (`ote_id`),
  KEY `orden_trabajo_enc_FKIndex1` (`cli_id`),
  KEY `orden_trabajo_enc_FKIndex2` (`veh_id`),
  KEY `orden_trabajo_enc_FKIndex3` (`usuarios_usu_id`)
) ENGINE=MyISAM  DEFAULT CHARSET=latin1 AUTO_INCREMENT=3 ;

--
-- Volcado de datos para la tabla `orden_trabajo_enc`
--

INSERT INTO `orden_trabajo_enc` (`ote_id`, `usuarios_usu_id`, `veh_id`, `cli_id`, `fecha`, `numero`, `suc_id`, `observaciones`, `estado`, `realizo`, `pmo_id`, `usu_id`) VALUES
(1, 0, 1, 5703, '2017-09-10', 1, 5, 'VENTA MAURO', 4, '', -1, 11),
(2, 0, 2, 5704, '2017-09-12', 2, 5, '', 4, '', -1, 11);

-- --------------------------------------------------------

--
-- Estructura de tabla para la tabla `productos`
--

CREATE TABLE IF NOT EXISTS `productos` (
  `pro_id` int(10) unsigned NOT NULL AUTO_INCREMENT,
  `mod_id` int(10) unsigned NOT NULL DEFAULT '0',
  `mar_id` int(10) unsigned NOT NULL DEFAULT '0',
  `dis_id` int(10) unsigned NOT NULL DEFAULT '0',
  `prv_id` int(10) unsigned NOT NULL DEFAULT '0',
  `tip_id` int(10) unsigned NOT NULL DEFAULT '0',
  `pro_med_diametro` int(10) unsigned DEFAULT NULL,
  `pro_med_ancho` int(10) unsigned DEFAULT NULL,
  `pro_med_alto` int(10) unsigned DEFAULT NULL,
  `pro_nueva` int(10) unsigned DEFAULT NULL,
  `pro_distribucion` varchar(255) DEFAULT NULL,
  `pro_stock_min` int(10) unsigned DEFAULT NULL,
  `pro_precio_costo` double DEFAULT NULL,
  `pro_estado` int(10) NOT NULL DEFAULT '0',
  `pro_descripcion` varchar(255) DEFAULT NULL,
  `pro_tipo_llanta` varchar(10) DEFAULT NULL,
  `pro_material` varchar(10) DEFAULT NULL,
  `pro_terminaciones` varchar(255) DEFAULT NULL,
  `pro_controla_stock` char(1) DEFAULT NULL,
  `pro_anio` varchar(10) DEFAULT NULL,
  `tr_id` int(11) DEFAULT NULL,
  `pro_foto` text,
  `pro_terminacion` text,
  `pro_clasificacion` char(1) DEFAULT NULL,
  `usu_id` int(10) DEFAULT NULL,
  PRIMARY KEY (`pro_id`),
  KEY `productos_FKIndex1` (`tip_id`),
  KEY `productos_FKIndex2` (`prv_id`),
  KEY `productos_FKIndex3` (`dis_id`),
  KEY `productos_FKIndex4` (`mar_id`),
  KEY `productos_FKIndex5` (`mod_id`)
) ENGINE=MyISAM  DEFAULT CHARSET=latin1 AUTO_INCREMENT=490 ;

--
-- Volcado de datos para la tabla `productos`
--

INSERT INTO `productos` (`pro_id`, `mod_id`, `mar_id`, `dis_id`, `prv_id`, `tip_id`, `pro_med_diametro`, `pro_med_ancho`, `pro_med_alto`, `pro_nueva`, `pro_distribucion`, `pro_stock_min`, `pro_precio_costo`, `pro_estado`, `pro_descripcion`, `pro_tipo_llanta`, `pro_material`, `pro_terminaciones`, `pro_controla_stock`, `pro_anio`, `tr_id`, `pro_foto`, `pro_terminacion`, `pro_clasificacion`, `usu_id`) VALUES
(1, 901, 82, 0, 0, 8, NULL, NULL, NULL, 1, '', NULL, 230, 0, '(0364AX-100D) RAYOS Y NIPLES', '', '', '', 'S', '', 0, 'images/', '', '', 11),
(2, 902, 82, 0, 0, 8, NULL, NULL, NULL, 1, '', NULL, 230, 0, '(0364AX100T) RAYOS Y NIPLES', '', '', '', 'S', '', 0, 'images/', '', '', 11),
(3, 903, 83, 0, 0, 8, NULL, NULL, NULL, 1, '', NULL, 334, 0, '(0361CGT125D1-0361CGT125D2) RAYOS Y NIPLES', '', '', '', 'S', '', 0, 'images/', '', '', 11),
(4, 904, 83, 0, 0, 8, NULL, NULL, NULL, 1, '', NULL, 334, 0, '(0361CGT125T) RAYOS Y NIPLES', '', '', '', 'S', '', 0, 'images/', '', '', 11),
(5, 905, 83, 0, 0, 8, NULL, NULL, NULL, 1, '', NULL, 334, 0, '(0361NX400FAD) RALLOS Y NIPLES', '', '', '', 'S', '', 0, 'images/', '', '', 11),
(6, 906, 83, 0, 0, 8, NULL, NULL, NULL, 1, '', NULL, NULL, 0, '(0361NX400FT1) RAYOS Y NIPLES', '', '', '', 'S', '', 0, 'images/', '', '', 11),
(7, 907, 83, 0, 0, 8, NULL, NULL, NULL, 1, '', NULL, NULL, 0, '(0361NX400FT2) RAYOS Y NIPLES', '', '', '', 'S', '', 0, 'images/', '', '', 11),
(8, 908, 83, 0, 0, 8, NULL, NULL, NULL, 1, '', NULL, NULL, 0, '(0361XR-250D) RAYOS Y NIPLES', '', '', '', 'S', '', 0, 'images/', '', '', 11),
(9, 909, 83, 0, 0, 8, NULL, NULL, NULL, 1, '', NULL, NULL, 0, '(0361XR250DTO) RAYOS Y NIPLES', '', '', '', 'S', '', 0, 'images/', '', '', 11),
(10, 910, 84, 0, 0, 8, NULL, NULL, NULL, 1, '', NULL, NULL, 0, '(0363YBR125T) RAYOS Y NIPLES', '', '', '', 'S', '', 0, 'images/', '', '', 11),
(11, 911, 85, 0, 0, 8, NULL, NULL, NULL, 1, '', NULL, NULL, 0, 'REPO KIT100 - RAYOS Y NIPLES', '', '', '', 'S', '', 0, 'images/', '', '', 11),
(12, 911, 85, 0, 0, 8, NULL, NULL, NULL, 1, '', NULL, NULL, 0, 'ARO DE LLANTA AC CR  140X14X36', '', '', '', 'S', '', 0, 'images/', '', '', 11),
(13, 911, 85, 0, 0, 8, NULL, NULL, NULL, 1, '', NULL, NULL, 0, 'ARO DE LLANTA AC CR  140X17X36', '', '', '', 'S', '', 0, 'images/', '', '', 11),
(14, 911, 85, 0, 0, 8, NULL, NULL, NULL, 1, '', NULL, NULL, 0, 'ARO DE LLANTA AC CR  140X18X36', '', '', '', 'S', '', 0, 'images/', '', '', 11),
(15, 911, 85, 0, 0, 8, NULL, NULL, NULL, 1, '', NULL, NULL, 0, 'ARO DE LLANTA AC CR  140X19X36', '', '', '', 'S', '', 0, 'images/', '', '', 11),
(16, 911, 85, 0, 0, 8, NULL, NULL, NULL, 1, '', NULL, NULL, 0, 'ARO DE LLANTA AC CR  140X21X36', '', '', '', 'S', '', 0, 'images/', '', '', 11),
(17, 911, 85, 0, 0, 8, NULL, NULL, NULL, 1, '', NULL, NULL, 0, 'ARO DE LLANTA AC CR  160X14X36', '', '', '', 'S', '', 0, 'images/', '', '', 11),
(18, 911, 85, 0, 0, 8, NULL, NULL, NULL, 1, '', NULL, NULL, 0, 'ARO DE LLANTA AC CR  160X17X36', '', '', '', 'S', '', 0, 'images/', '', '', 11),
(19, 911, 85, 0, 0, 8, NULL, NULL, NULL, 1, '', NULL, NULL, 0, 'ARO DE LLANTA AC CR  160X18X36', '', '', '', 'S', '', 0, 'images/', '', '', 11),
(20, 911, 85, 0, 0, 8, NULL, NULL, NULL, 1, '', NULL, NULL, 0, 'ARO DE LLANTA AC CR  160X19X36', '', '', '', 'S', '', 0, 'images/', '', '', 11),
(21, 911, 85, 0, 0, 8, NULL, NULL, NULL, 1, '', NULL, NULL, 0, 'ARO DE LLANTA AC CR  160X21X36', '', '', '', 'S', '', 0, 'images/', '', '', 11),
(22, 911, 85, 0, 0, 8, NULL, NULL, NULL, 1, '', NULL, NULL, 0, 'ARO DE LLANTA AC CR  185X14X36', '', '', '', 'S', '', 0, 'images/', '', '', 11),
(23, 911, 85, 0, 0, 8, NULL, NULL, NULL, 1, '', NULL, NULL, 0, 'ARO DE LLANTA AC CR  185X17X36', '', '', '', 'S', '', 0, 'images/', '', '', 11),
(24, 911, 85, 0, 0, 8, NULL, NULL, NULL, 1, '', NULL, NULL, 0, 'ARO DE LLANTA AC CR  185X18X36', '', '', '', 'S', '', 0, 'images/', '', '', 11),
(25, 911, 85, 0, 0, 8, NULL, NULL, NULL, 1, '', NULL, NULL, 0, 'ARO DE LLANTA AC CR  185X19X36', '', '', '', 'S', '', 0, 'images/', '', '', 11),
(26, 911, 85, 0, 0, 8, NULL, NULL, NULL, 1, '', NULL, NULL, 0, 'ARO DE LLANTA AC CR  185X21X36', '', '', '', 'S', '', 0, 'images/', '', '', 11),
(27, 912, 86, 0, 57, 4, 14, 100, 80, 1, '', NULL, 470, 0, 'CALLE', '', '', '', 'S', '', 9, 'images/', '', '', 11),
(28, 913, 86, 0, 57, 4, 13, 110, 90, 1, '', NULL, 750, 0, 'CALLE', '', '', '', 'S', '', 9, 'images/', '', '', 11),
(29, 916, 87, 0, 57, 4, 14, 110, 80, 1, '', NULL, 695, 0, 'CALLE', '', '', '', 'S', '', 9, 'images/', '', '', 11),
(30, 917, 87, 0, 57, 4, 17, 275, 80, 1, '', NULL, 430, 0, 'CALLE', '', '', '', 'S', '', 9, 'images/', '', '', 11),
(31, 918, 88, 0, 57, 4, 18, 90, 90, 1, '', NULL, 732, 0, 'CALLE', '', '', '', 'S', '', 9, 'images/', '', '', 11),
(32, 919, 88, 0, 57, 4, 18, 90, 90, 1, '', NULL, 720, 0, 'CALLE', '', '', '', 'S', '', 9, 'images/', '', '', 11),
(33, 920, 88, 0, 57, 4, 16, 110, 90, 1, '', NULL, 840, 0, 'CALLE', '', '', '', 'S', '', 9, 'images/', '', '', 11),
(34, 921, 88, 0, 57, 4, 17, 90, 90, 1, '', NULL, 800, 0, 'CALLE', '', '', '', 'S', '', 9, 'images/', '', '', 11),
(35, 922, 88, 0, 57, 4, 17, 100, 80, 1, '', NULL, 860, 0, 'PISTA', '', '', '', 'S', '', 9, 'images/', '', '', 11),
(36, 922, 88, 0, 57, 4, 17, 110, 80, 1, '', NULL, NULL, 0, 'PISTA', '', '', '', 'S', '', 9, 'images/', '', '', 11),
(37, 922, 88, 0, 57, 4, 17, 130, 70, 1, '', NULL, 940, 0, 'PISTA', '', '', '', 'S', '', 9, 'images/', '', '', 11),
(38, 922, 88, 0, 57, 4, 17, 110, 90, 1, '', NULL, 1012, 0, 'PISTA', '', '', '', 'S', '', 9, 'images/', '', '', 11),
(39, 914, 86, 0, 57, 4, 17, 130, 80, 1, '', NULL, 1190, 0, '', '', '', '', 'S', '', 9, 'images/', '', '', 11),
(40, 915, 86, 0, 57, 4, 14, 100, 80, 1, '', NULL, 450, 0, 'CALLE', '', '', '', 'S', '', 9, 'images/', '', '', 11),
(41, 911, 85, 0, 0, 8, NULL, NULL, NULL, 1, '', NULL, 180, 0, 'ZUNCHOS CINTA 25/GANCHO DE 8 L/2 M-600', '', '', '', 'S', '', 0, 'images/', '', '', 11),
(42, 923, 89, 0, 0, 3, NULL, NULL, NULL, NULL, '', NULL, 1160, 0, 'TRAJE DE LLUVIA', '', '', '', 'S', '', 0, 'images/', '', '', 11),
(43, 924, 89, 0, 0, 3, NULL, NULL, NULL, NULL, '', NULL, 1160, 0, 'TRAJE DE LLUVIA', '', '', '', 'S', '', 0, 'images/', '', '', 11),
(44, 911, 85, 0, 0, 8, NULL, NULL, NULL, 1, '', NULL, 100, 0, 'PROTECTOR TANQUE DE NAFTA NEGRO DJ001', '', '', '', 'S', '', 0, 'images/', '', '', 11),
(45, 911, 85, 0, 0, 8, NULL, NULL, NULL, 1, '', NULL, 100, 0, 'PROTECTOR TANQUE DE NAFTA ROJO DJ002', '', '', '', 'S', '', 0, 'images/', '', '', 11),
(46, 911, 85, 0, 0, 8, NULL, NULL, NULL, 1, '', NULL, 240, 0, 'CANDADO JQ 8508 22X120 ARTICULADO HUMO', '', '', '', 'S', '', 0, 'images/', '', '', 11),
(47, 928, 83, 0, 0, 8, NULL, NULL, NULL, 1, '', NULL, 50, 0, 'FILTRO DE ACEITE', '', '', '', 'S', '', 0, 'images/', '', '', 11),
(48, 929, 83, 0, 0, 8, NULL, NULL, NULL, 1, '', NULL, 50, 0, 'FILTRO DE ACEITE', '', '', '', 'S', '', 0, 'images/', '', '', 11),
(49, 930, 82, 0, 0, 8, NULL, NULL, NULL, 1, '', NULL, 60, 0, 'FILTRO DE ACEITE', '', '', '', 'S', '', 0, 'images/', '', '', 11),
(50, 931, 82, 0, 0, 8, NULL, NULL, NULL, 1, '', NULL, 60, 0, 'FILTRO DE ACEITE', '', '', '', 'S', '', 0, 'images/', '', '', 11),
(51, 932, 84, 0, 0, 8, NULL, NULL, NULL, 1, '', NULL, 50, 0, 'FILTRO DE ACEITE', '', '', '', 'S', '', 0, 'images/', '', '', 11),
(52, 933, 83, 0, 0, 8, NULL, NULL, NULL, 1, '', NULL, 130, 0, 'FILTRO DE AIRE CELULOS ', '', '', '', 'S', '', 0, 'images/', '', '', 11),
(53, 934, 83, 0, 0, 8, NULL, NULL, NULL, 1, '', NULL, 130, 0, 'FILTRO DE AIRE CELULOSA', '', '', '', 'S', '', 0, 'images/', '', '', 11),
(54, 935, 83, 0, 0, 8, NULL, NULL, NULL, 1, '', NULL, 30, 0, 'FILTRO DE AIRE ESPUMA', '', '', '', 'S', '', 0, 'images/', '', '', 11),
(55, 936, 83, 0, 0, 8, NULL, NULL, NULL, 1, '', NULL, 120, 0, 'FILTRO DE AIRE CELULOSA', '', '', '', 'S', '', 0, 'images/', '', '', 11),
(56, 937, 91, 0, 0, 8, NULL, NULL, NULL, 1, '', NULL, 120, 0, 'FILTRO DE AIRE CELULOSA', '', '', '', 'S', '', 0, 'images/', '', '', 11),
(57, 938, 84, 0, 0, 8, NULL, NULL, NULL, 1, '', NULL, 140, 0, 'FILTRO DE AIRE', '', '', '', 'S', '', 0, 'images/', '', '', 11),
(58, 939, 92, 0, 0, 8, NULL, NULL, NULL, 1, '', NULL, NULL, 1, 'CASCO', '', '', '', 'S', '', 0, 'images/', '', '', 11),
(59, 940, 93, 0, 0, 8, NULL, NULL, NULL, 1, '', NULL, NULL, 1, 'CASCO V/CRISTAL', '', '', '', 'S', '', 0, 'images/', '', '', 11),
(60, 941, 94, 0, 0, 8, NULL, NULL, NULL, 1, '', NULL, NULL, 1, 'CASCO', '', '', '', 'S', '', 0, 'images/', '', '', 11),
(61, 942, 95, 0, 0, 8, NULL, NULL, NULL, 1, '', NULL, NULL, 1, 'CASCO', '', '', '', 'S', '', 0, 'images/', '', '', 11),
(62, 943, 96, 0, 0, 8, NULL, NULL, NULL, 1, '', NULL, NULL, 0, 'CUPULINA DELANTERA', '', '', '', 'S', '', 0, 'images/', '', '', 11),
(63, 911, 85, 0, 0, 8, NULL, NULL, NULL, 1, '', NULL, NULL, 0, 'GUANTES DE NEOPRENE/CUERO FAER TALLE L X PAR ', '', '', '', 'S', '', 0, 'images/', '', '', 11),
(64, 911, 85, 0, 0, 8, NULL, NULL, NULL, 1, '', NULL, NULL, 0, 'RED PULPO ELASTICA  38 X 38', '', '', '', 'S', '', 0, 'images/', '', '', 11),
(65, 911, 85, 0, 0, 8, NULL, NULL, NULL, 1, '', NULL, NULL, 0, 'PUÑOS SREET X JUEGO NEGROS', '', '', '', 'S', '', 0, 'images/', '', '', 11),
(66, 911, 85, 0, 0, 8, NULL, NULL, NULL, 1, '', NULL, NULL, 0, 'PUÑOS GRIPS NEGRO X JUEGO', '', '', '', 'S', '', 0, 'images/', '', '', 11),
(67, 911, 85, 0, 0, 8, NULL, NULL, NULL, 1, '', NULL, NULL, 0, 'PUÑOS SUPERBIKE NEGRO X JUEGO', '', '', '', 'S', '', 0, 'images/', '', '', 11),
(68, 911, 85, 0, 0, 8, NULL, NULL, NULL, 1, '', NULL, NULL, 0, 'PUÑOS SUPERBIKE CUATRICICLO NEGRO X JUEGO', '', '', '', 'S', '', 0, 'images/', '', '', 11),
(69, 944, 97, 0, 0, 8, NULL, NULL, NULL, 1, '', NULL, NULL, 0, 'PUÑOS MOTO LARGO NEGRO X JUEGO', '', '', '', 'S', '', 0, 'images/', '', '', 11),
(70, 911, 85, 0, 0, 8, NULL, NULL, NULL, 1, '', NULL, NULL, 0, 'PUÑOS BARREL 130 MM MARRON X JUEGO', '', '', '', 'S', '', 0, 'images/', '', '', 11),
(71, 911, 85, 0, 0, 8, NULL, NULL, NULL, 1, '', NULL, NULL, 0, 'PUÑO BARREL 130 MM CARAMELO X JUEGO ', '', '', '', 'S', '', 0, 'images/', '', '', 11),
(72, 945, 98, 0, 0, 8, NULL, NULL, NULL, 1, '', NULL, NULL, 0, 'FILTRO DE ACEITE ', '', '', '', 'S', '', 0, 'images/', '', '', 11),
(73, 947, 83, 0, 0, 8, NULL, NULL, NULL, 1, '', NULL, NULL, 0, 'FILTRO DE ACEITE', '', '', '', 'S', '', 0, 'images/', '', '', 11),
(74, 948, 84, 0, 0, 8, NULL, NULL, NULL, 1, '', NULL, NULL, 0, 'FILTRO DE ACEITE', '', '', '', 'S', '', 0, 'images/', '', '', 11),
(75, 949, 84, 0, 0, 8, NULL, NULL, NULL, 1, '', NULL, NULL, 0, 'FILTRO DE ACEITE', '', '', '', 'S', '', 0, 'images/', '', '', 11),
(76, 932, 84, 0, 0, 8, NULL, NULL, NULL, 1, '', NULL, NULL, 0, 'FILTRO DE ACEITE', '', '', '', 'S', '', 0, 'images/', '', '', 11),
(77, 951, 84, 0, 0, 8, NULL, NULL, NULL, 1, '', NULL, NULL, 0, 'FILTRO DE ACEITE', '', '', '', 'S', '', 0, 'images/', '', '', 11),
(78, 952, 85, 0, 0, 8, NULL, NULL, NULL, 1, '', NULL, NULL, 0, 'FILTRO DE ACEITE', '', '', '', 'S', '', 0, 'images/', '', '', 11),
(79, 953, 100, 0, 0, 8, NULL, NULL, NULL, 1, '', NULL, NULL, 0, 'FILTRO DE AIRE', '', '', '', 'S', '', 0, 'images/', '', '', 11),
(80, 936, 83, 0, 0, 8, NULL, NULL, NULL, 1, '', NULL, NULL, 0, 'FILTRO DE AIRE CELULOSA', '', '', '', 'S', '', 0, 'images/', '', '', 11),
(81, 954, 101, 0, 0, 8, NULL, NULL, NULL, 1, '', NULL, NULL, 0, 'FILTRO DE AIRE ESPUMA', '', '', '', 'S', '', 0, 'images/', '', '', 11),
(82, 955, 83, 0, 0, 8, NULL, NULL, NULL, 1, '', NULL, NULL, 0, 'FILTRO DE AIRE ESPUMA', '', '', '', 'S', '', 0, 'images/', '', '', 11),
(83, 956, 83, 0, 0, 8, NULL, NULL, NULL, 1, '', NULL, NULL, 0, 'FILTRO DE AIRE ESPUMA', '', '', '', 'S', '', 0, 'images/', '', '', 11),
(84, 957, 82, 0, 0, 8, NULL, NULL, NULL, 1, '', NULL, NULL, 0, 'FILTRO DE AIRE ESPUMA', '', '', '', 'S', '', 0, 'images/', '', '', 11),
(85, 911, 85, 0, 0, 8, NULL, NULL, NULL, 1, '', NULL, NULL, 0, 'ARANDELA TAPON CARTER ACEITE', '', '', '', 'S', '', 0, 'images/', '', '', 11),
(86, 911, 85, 0, 0, 8, NULL, NULL, NULL, 1, '', NULL, NULL, 0, 'TORNILLO 5X15 CROMADO', '', '', '', 'S', '', 0, 'images/', '', '', 11),
(87, 911, 85, 0, 0, 8, NULL, NULL, NULL, 1, '', NULL, NULL, 0, 'GUANTES DE NEOPRENE/CUERO FAER TALLE M X PAR', '', '', '', 'S', '', 0, 'images/', '', '', 11),
(88, 911, 85, 0, 0, 8, NULL, NULL, NULL, 1, '', NULL, NULL, 0, 'TENSOR ELASTICO 8MM X 1 MT', '', '', '', 'S', '', 0, 'images/', '', '', 11),
(89, 911, 85, 0, 0, 8, NULL, NULL, NULL, 1, '', NULL, NULL, 0, 'PUÑOS BARREL 130 MM NEGRO X JUEGO', '', '', '', 'S', '', 0, 'images/', '', '', 11),
(90, 958, 83, 0, 0, 8, NULL, NULL, NULL, 1, '', NULL, NULL, 0, 'FILTRO DE ACEITE', '', '', '', 'S', '', 0, 'images/', '', '', 11),
(91, 959, 82, 0, 0, 8, NULL, NULL, NULL, 1, '', NULL, NULL, 0, 'FILTRO DE ACEITE', '', '', '', 'S', '', 0, 'images/', '', '', 11),
(92, 960, 84, 0, 0, 8, NULL, NULL, NULL, 1, '', NULL, NULL, 0, 'FILTRO DE ACEITE', '', '', '', 'S', '', 0, 'images/', '', '', 11),
(93, 945, 98, 0, 0, 8, NULL, NULL, NULL, 1, '', NULL, NULL, 0, 'FILTRO DE AIRE', '', '', '', 'S', '', 0, 'images/', '', '', 11),
(94, 961, 98, 0, 0, 8, NULL, NULL, NULL, 1, '', NULL, NULL, 0, 'FILTRO DE AIRE ESPUMA', '', '', '', 'S', '', 0, 'images/', '', '', 11),
(95, 962, 98, 0, 0, 8, NULL, NULL, NULL, 1, '', NULL, NULL, 0, 'FILTRO DE AIRE ESPUMA', '', '', '', 'S', '', 0, 'images/', '', '', 11),
(96, 963, 83, 0, 0, 8, NULL, NULL, NULL, 1, '', NULL, NULL, 0, 'FILTRO DE AIRE ESPUMA', '', '', '', 'S', '', 0, 'images/', '', '', 11),
(97, 955, 83, 0, 0, 8, NULL, NULL, NULL, 1, '', NULL, NULL, 0, 'FILTRO DE AIRE ESPUMA', '', '', '', 'S', '', 0, 'images/', '', '', 11),
(98, 964, 83, 0, 0, 8, NULL, NULL, NULL, 1, '', NULL, NULL, 0, 'FILTRO DE AIRE', '', '', '', 'S', '', 0, 'images/', '', '', 11),
(99, 965, 83, 0, 0, 8, NULL, NULL, NULL, 1, '', NULL, NULL, 0, 'FILTRO DE AIRE ESPUMA', '', '', '', 'S', '', 0, 'images/', '', '', 11),
(100, 966, 84, 0, 0, 8, NULL, NULL, NULL, 1, '', NULL, NULL, 0, 'FILTRO DE AIRE ESPUMA', '', '', '', 'S', '', 0, 'images/', '', '', 11),
(101, 911, 85, 0, 0, 8, NULL, NULL, NULL, 1, '', NULL, NULL, 0, 'TORNILLOS PARKER 5X20', '', '', '', 'S', '', 0, 'images/', '', '', 11),
(102, 911, 85, 0, 0, 8, NULL, NULL, NULL, 1, '', NULL, NULL, 0, 'TORNILLO PARA PLASTICOS NEGRO 6X15', '', '', '', 'S', '', 0, 'images/', '', '', 11),
(103, 911, 85, 0, 0, 8, NULL, NULL, NULL, 1, '', NULL, NULL, 0, 'TORNILLO PARA PLASTICOS NEGRO 6X25', '', '', '', 'S', '', 0, 'images/', '', '', 11),
(104, 911, 85, 0, 0, 8, NULL, NULL, NULL, 1, '', NULL, NULL, 0, 'TUERCA RAPIDA 5MM GRANDE', '', '', '', 'S', '', 0, 'images/', '', '', 11),
(105, 911, 85, 0, 0, 8, NULL, NULL, NULL, 1, '', NULL, NULL, 0, 'PROTECTOR DE MANOS VERDE', '', '', '', 'S', '', 0, 'images/', '', '', 11),
(106, 911, 85, 0, 0, 8, NULL, NULL, NULL, 1, '', NULL, NULL, 0, 'PROTECTOR DE MANOS BLANCO', '', '', '', 'S', '', 0, 'images/', '', '', 11),
(107, 967, 98, 0, 0, 8, NULL, NULL, NULL, 1, '', NULL, NULL, 0, 'PEDALIN DELANTERO', '', '', '', 'S', '', 0, 'images/', '', '', 11),
(108, 936, 83, 0, 0, 8, NULL, NULL, NULL, 1, '', NULL, NULL, 0, 'GOMA PEDALIN X JUEGO', '', '', '', 'S', '', 0, 'images/', '', '', 11),
(109, 901, 82, 0, 0, 8, NULL, NULL, NULL, 1, '', NULL, NULL, 0, 'GOMA PEDALIN X JUEGO', '', '', '', 'S', '', 0, 'images/', '', '', 11),
(110, 938, 84, 0, 0, 8, NULL, NULL, NULL, 1, '', NULL, NULL, 0, 'GOMA PEDALIN DELANTERO', '', '', '', 'S', '', 0, 'images/', '', '', 11),
(111, 964, 83, 0, 0, 8, NULL, NULL, NULL, 1, '', NULL, NULL, 0, 'PEDALIN TRASERO X JUEGO', '', '', '', 'S', '', 0, 'images/', '', '', 11),
(112, 1, 95, 0, 56, 8, 0, 0, 0, 1, '', 1, 0, 0, 'CASCOS-COLOR:TITANIUM-TALLE:XL', '', '', 'COLOR:TITANIUM', 'S', '', 0, 'images/micro.jpg', 'COLOR:TITANIUM', '', 11),
(113, 2, 95, 0, 56, 8, 0, 0, 0, 1, '', 1, 0, 0, 'CASCOS-COLOR:TITANIUM-TALLE:XXL', '', '', 'COLOR:TITANIUM', 'S', '', 0, 'images/micro.jpg', 'COLOR:TITANIUM', '', 11),
(114, 3, 95, 0, 56, 8, 0, 0, 0, 1, '', 1, 0, 0, 'CASCOS-COLOR:TITANIUM-TALLE:L', '', '', 'COLOR:TITANIUM', 'S', '', 0, 'images/micro.jpg', 'COLOR:TITANIUM', '', 11),
(115, 4, 95, 0, 56, 8, 0, 0, 0, 1, '', 1, 0, 0, 'CASCOS-COLOR:GRISPLATA-TALLE:XXL', '', '', 'COLOR:GRISPLATA', 'S', '', 0, 'images/micro.jpg', 'COLOR:GRISPLATA', '', 11),
(116, 5, 95, 0, 56, 8, 0, 0, 0, 1, '', 1, 0, 0, 'CASCOS-COLOR:GRISPLATA-TALLE:XL', '', '', 'COLOR:GRISPLATA', 'S', '', 0, 'images/micro.jpg', 'COLOR:GRISPLATA', '', 11),
(117, 6, 95, 0, 56, 8, 0, 0, 0, 1, '', 1, 0, 0, 'CASCOS-COLOR:NEGROMATE-TALLE:L', '', '', 'COLOR:NEGROMATE', 'S', '', 0, 'images/micro.jpg', 'COLOR:NEGROMATE', '', 11),
(118, 7, 95, 0, 56, 8, 0, 0, 0, 1, '', 1, 0, 0, 'CASCOS-COLOR:NEGROMATE-TALLE:XL', '', '', 'COLOR:NEGROMATE', 'S', '', 0, 'images/micro.jpg', 'COLOR:NEGROMATE', '', 11),
(119, 8, 95, 0, 56, 8, 0, 0, 0, 1, '', 1, 0, 0, 'CASCOS-COLOR:AZULNOCHE-TALLE:XXL', '', '', 'COLOR:AZULNOCHE', 'S', '', 0, 'images/micro.jpg', 'COLOR:AZULNOCHE', '', 11),
(120, 9, 95, 0, 56, 8, 0, 0, 0, 1, '', 1, 0, 0, 'CASCOS-COLOR:AZULNOCHE-TALLE:L', '', '', 'COLOR:AZULNOCHE', 'S', '', 0, 'images/micro.jpg', 'COLOR:AZULNOCHE', '', 11),
(121, 10, 95, 0, 56, 8, 0, 0, 0, 1, '', 1, 0, 0, 'CASCOS-COLOR:NEGRO-TALLE:L', '', '', 'COLOR:NEGRO', 'S', '', 0, 'images/micro.jpg', 'COLOR:NEGRO', '', 11),
(122, 11, 94, 0, 56, 8, 0, 0, 0, 1, '', 1, 0, 0, 'CASCOS-COLOR:ROJO/VISORF-TALLE:M', '', '', 'COLOR:ROJO/VISORF', 'S', '', 0, 'images/aero.jpg', 'COLOR:ROJO/VISORF', '', 11),
(123, 12, 94, 0, 56, 8, 0, 0, 0, 1, '', 1, 0, 0, 'CASCOS-COLOR:NEGROMATE-TALLE:M', '', '', 'COLOR:NEGROMATE', 'S', '', 0, 'images/aero.jpg', 'COLOR:NEGROMATE', '', 11),
(124, 13, 94, 0, 56, 8, 0, 0, 0, 1, '', 1, 0, 0, 'CASCOS-COLOR:NEGROMATE/VISORF-TALLE:L', '', '', 'COLOR:NEGROMATE/VISORF', 'S', '', 0, 'images/aero.jpg', 'COLOR:NEGROMATE/VISORF', '', 11),
(125, 14, 94, 0, 56, 8, 0, 0, 0, 1, '', 1, 0, 0, 'CASCOS-COLOR:ROSA/VISORFUME-TALLE:S', '', '', 'COLOR:ROSA/VISORFUME', 'S', '', 0, 'images/aero.jpg', 'COLOR:ROSA/VISORFUME', '', 11),
(126, 15, 94, 0, 56, 8, 0, 0, 0, 1, '', 1, 0, 0, 'CASCOS-COLOR:AZULELECTRICO/AERO2-TALLE:L', '', '', 'COLOR:AZULELECTRICO/AERO2', 'S', '', 0, 'images/aero.jpg', 'COLOR:AZULELECTRICO/AERO2', '', 11),
(127, 16, 94, 0, 56, 8, 0, 0, 0, 1, '', 1, 0, 0, 'CASCOS-COLOR:NEGROBRILLOSOS-TALLE:L', '', '', 'COLOR:NEGROBRILLOSOS', 'S', '', 0, 'images/aero.jpg', 'COLOR:NEGROBRILLOSOS', '', 11),
(128, 17, 94, 0, 56, 8, 0, 0, 0, 1, '', 1, 0, 0, 'CASCOS-COLOR:NEGROBRILLOSOS-TALLE:XL', '', '', 'COLOR:NEGROBRILLOSOS', 'S', '', 0, 'images/aero.jpg', 'COLOR:NEGROBRILLOSOS', '', 11),
(129, 18, 94, 0, 56, 8, 0, 0, 0, 1, '', 1, 0, 0, 'CASCOS-COLOR:ROJO/AERO2X-TALLE:L', '', '', 'COLOR:ROJO/AERO2X', 'S', '', 0, 'images/aero.jpg', 'COLOR:ROJO/AERO2X', '', 11),
(130, 19, 94, 0, 56, 8, 0, 0, 0, 1, '', 1, 0, 0, 'CASCOS-COLOR:ROSAAERO2-TALLE:M', '', '', 'COLOR:ROSAAERO2', 'S', '', 0, 'images/aero.jpg', 'COLOR:ROSAAERO2', '', 11),
(131, 20, 94, 0, 56, 8, 0, 0, 0, 1, '', 1, 0, 0, 'CASCOS-COLOR:ROSA-TALLE:S', '', '', 'COLOR:ROSA', 'S', '', 0, 'images/aero.jpg', 'COLOR:ROSA', '', 11),
(132, 21, 93, 0, 56, 8, 0, 0, 0, 1, '', 1, 0, 0, 'CASCOS-COLOR:AZULELECTRICO-TALLE:XL', '', '', 'COLOR:AZULELECTRICO', 'S', '', 0, 'images/splendoor.jpg', 'COLOR:AZULELECTRICO', '', 11),
(133, 22, 93, 0, 56, 8, 0, 0, 0, 1, '', 1, 0, 0, 'CASCOS-COLOR:AZULELECTRICO-TALLE:L', '', '', 'COLOR:AZULELECTRICO', 'S', '', 0, 'images/splendoor.jpg', 'COLOR:AZULELECTRICO', '', 11),
(134, 23, 93, 0, 56, 8, 0, 0, 0, 1, '', 1, 0, 0, 'CASCOS-COLOR:ROJO-TALLE:XL', '', '', 'COLOR:ROJO', 'S', '', 0, 'images/splendoor.jpg', 'COLOR:ROJO', '', 11),
(135, 24, 93, 0, 56, 8, 0, 0, 0, 1, '', 1, 0, 0, 'CASCOS-COLOR:ROJO-TALLE:L', '', '', 'COLOR:ROJO', 'S', '', 0, 'images/splendoor.jpg', 'COLOR:ROJO', '', 11),
(136, 25, 93, 0, 56, 8, 0, 0, 0, 1, '', 1, 0, 0, 'CASCOS-COLOR:AZULNOCHE-TALLE:XXL', '', '', 'COLOR:AZULNOCHE', 'S', '', 0, 'images/splendoor.jpg', 'COLOR:AZULNOCHE', '', 11),
(137, 26, 93, 0, 56, 8, 0, 0, 0, 1, '', 1, 0, 0, 'CASCOS-COLOR:TITANIUM-TALLE:XL', '', '', 'COLOR:TITANIUM', 'S', '', 0, 'images/splendoor.jpg', 'COLOR:TITANIUM', '', 11),
(138, 27, 93, 0, 56, 8, 0, 0, 0, 1, '', 1, 0, 0, 'CASCOS-COLOR:TITANIUM-TALLE:L', '', '', 'COLOR:TITANIUM', 'S', '', 0, 'images/splendoor.jpg', 'COLOR:TITANIUM', '', 11),
(139, 28, 93, 0, 56, 8, 0, 0, 0, 1, '', 1, 0, 0, 'CASCOS-COLOR:AZULNOCHE-TALLE:XL', '', '', 'COLOR:AZULNOCHE', 'S', '', 0, 'images/splendoor.jpg', 'COLOR:AZULNOCHE', '', 11),
(140, 29, 93, 0, 56, 8, 0, 0, 0, 1, '', 1, 0, 0, 'CASCOS-COLOR:NEGRO-TALLE:XL', '', '', 'COLOR:NEGRO', 'S', '', 0, 'images/splendoor.jpg', 'COLOR:NEGRO', '', 11),
(141, 30, 92, 0, 56, 8, 0, 0, 0, 1, '', 1, 0, 0, 'CASCOS-COLOR:BLANCO-TALLE:S', '', '', 'COLOR:BLANCO', 'S', '', 0, 'images/bravo.jpg', 'COLOR:BLANCO', '', 11),
(142, 31, 92, 0, 56, 8, 0, 0, 0, 1, '', 1, 0, 0, 'CASCOS-COLOR:BLANCO-TALLE:M', '', '', 'COLOR:BLANCO', 'S', '', 0, 'images/bravo.jpg', 'COLOR:BLANCO', '', 11),
(143, 32, 92, 0, 56, 8, 0, 0, 0, 1, '', 1, 0, 0, 'CASCOS-COLOR:BLANCO-TALLE:L', '', '', 'COLOR:BLANCO', 'S', '', 0, 'images/bravo.jpg', 'COLOR:BLANCO', '', 11),
(144, 33, 92, 0, 56, 8, 0, 0, 0, 1, '', 1, 0, 0, 'CASCOS-COLOR:BLANCO-TALLE:XL', '', '', 'COLOR:BLANCO', 'S', '', 0, 'images/bravo.jpg', 'COLOR:BLANCO', '', 11),
(145, 34, 92, 0, 56, 8, 0, 0, 0, 1, '', 1, 0, 0, 'CASCOS-COLOR:GRIS/VISORFUME-TALLE:S', '', '', 'COLOR:GRIS/VISORFUME', 'S', '', 0, 'images/bravo.jpg', 'COLOR:GRIS/VISORFUME', '', 11),
(146, 35, 92, 0, 56, 8, 0, 0, 0, 1, '', 1, 0, 0, 'CASCOS-COLOR:GRIS/VISORFUME-TALLE:M', '', '', 'COLOR:GRIS/VISORFUME', 'S', '', 0, 'images/bravo.jpg', 'COLOR:GRIS/VISORFUME', '', 11),
(147, 36, 92, 0, 56, 8, 0, 0, 0, 1, '', 1, 0, 0, 'CASCOS-COLOR:GRIS/VISORFUME-TALLE:L', '', '', 'COLOR:GRIS/VISORFUME', 'S', '', 0, 'images/bravo.jpg', 'COLOR:GRIS/VISORFUME', '', 11),
(148, 37, 92, 0, 56, 8, 0, 0, 0, 1, '', 1, 0, 0, 'CASCOS-COLOR:GRIS/VISORFUME-TALLE:XL', '', '', 'COLOR:GRIS/VISORFUME', 'S', '', 0, 'images/bravo.jpg', 'COLOR:GRIS/VISORFUME', '', 11),
(149, 38, 92, 0, 56, 8, 0, 0, 0, 1, '', 1, 0, 0, 'CASCOS-COLOR:NEGROMATE-TALLE:S', '', '', 'COLOR:NEGROMATE', 'S', '', 0, 'images/bravo.jpg', 'COLOR:NEGROMATE', '', 11),
(150, 39, 92, 0, 56, 8, 0, 0, 0, 1, '', 1, 0, 0, 'CASCOS-COLOR:NEGROMATE-TALLE:M', '', '', 'COLOR:NEGROMATE', 'S', '', 0, 'images/bravo.jpg', 'COLOR:NEGROMATE', '', 11),
(151, 40, 92, 0, 56, 8, 0, 0, 0, 1, '', 1, 0, 0, 'CASCOS-COLOR:NEGROMATE-TALLE:L', '', '', 'COLOR:NEGROMATE', 'S', '', 0, 'images/bravo.jpg', 'COLOR:NEGROMATE', '', 11),
(152, 41, 92, 0, 56, 8, 0, 0, 0, 1, '', 1, 0, 0, 'CASCOS-COLOR:NEGROMATE-TALLE:XL', '', '', 'COLOR:NEGROMATE', 'S', '', 0, 'images/bravo.jpg', 'COLOR:NEGROMATE', '', 11),
(153, 42, 92, 0, 56, 8, 0, 0, 0, 1, '', 1, 0, 0, 'CASCOS-COLOR:AMARILLO-TALLE:S', '', '', 'COLOR:AMARILLO', 'S', '', 0, 'images/bravo.jpg', 'COLOR:AMARILLO', '', 11),
(154, 43, 92, 0, 56, 8, 0, 0, 0, 1, '', 1, 0, 0, 'CASCOS-COLOR:AMARILLO-TALLE:M', '', '', 'COLOR:AMARILLO', 'S', '', 0, 'images/bravo.jpg', 'COLOR:AMARILLO', '', 11),
(155, 44, 92, 0, 56, 8, 0, 0, 0, 1, '', 1, 0, 0, 'CASCOS-COLOR:AMARILLO-TALLE:L', '', '', 'COLOR:AMARILLO', 'S', '', 0, 'images/bravo.jpg', 'COLOR:AMARILLO', '', 11),
(156, 45, 92, 0, 56, 8, 0, 0, 0, 1, '', 1, 0, 0, 'CASCOS-COLOR:AZULNOCHE-TALLE:M', '', '', 'COLOR:AZULNOCHE', 'S', '', 0, 'images/bravo.jpg', 'COLOR:AZULNOCHE', '', 11),
(157, 46, 92, 0, 56, 8, 0, 0, 0, 1, '', 1, 0, 0, 'CASCOS-COLOR:AZULNOCHE-TALLE:L', '', '', 'COLOR:AZULNOCHE', 'S', '', 0, 'images/bravo.jpg', 'COLOR:AZULNOCHE', '', 11),
(158, 47, 92, 0, 56, 8, 0, 0, 0, 1, '', 1, 0, 0, 'CASCOS-COLOR:AZULNOCHE-TALLE:XL', '', '', 'COLOR:AZULNOCHE', 'S', '', 0, 'images/bravo.jpg', 'COLOR:AZULNOCHE', '', 11),
(159, 48, 92, 0, 56, 8, 0, 0, 0, 1, '', 1, 0, 0, 'CASCOS-COLOR:ROJO-TALLE:S', '', '', 'COLOR:ROJO', 'S', '', 0, 'images/bravo.jpg', 'COLOR:ROJO', '', 11),
(160, 49, 92, 0, 56, 8, 0, 0, 0, 1, '', 1, 0, 0, 'CASCOS-COLOR:ROJO-TALLE:M', '', '', 'COLOR:ROJO', 'S', '', 0, 'images/bravo.jpg', 'COLOR:ROJO', '', 11),
(161, 50, 92, 0, 56, 8, 0, 0, 0, 1, '', 1, 0, 0, 'CASCOS-COLOR:ROJO-TALLE:L', '', '', 'COLOR:ROJO', 'S', '', 0, 'images/bravo.jpg', 'COLOR:ROJO', '', 11),
(162, 51, 92, 0, 56, 8, 0, 0, 0, 1, '', 1, 0, 0, 'CASCOS-COLOR:ROJO-TALLE:XL', '', '', 'COLOR:ROJO', 'S', '', 0, 'images/bravo.jpg', 'COLOR:ROJO', '', 11),
(163, 52, 92, 0, 56, 8, 0, 0, 0, 1, '', 1, 0, 0, 'CASCOS-COLOR:ROSA-TALLE:S', '', '', 'COLOR:ROSA', 'S', '', 0, 'images/bravo.jpg', 'COLOR:ROSA', '', 11),
(164, 53, 92, 0, 56, 8, 0, 0, 0, 1, '', 1, 0, 0, 'CASCOS-COLOR:ROSA-TALLE:M', '', '', 'COLOR:ROSA', 'S', '', 0, 'images/bravo.jpg', 'COLOR:ROSA', '', 11),
(165, 54, 92, 0, 56, 8, 0, 0, 0, 1, '', 1, 0, 0, 'CASCOS-COLOR:ROSA-TALLE:L', '', '', 'COLOR:ROSA', 'S', '', 0, 'images/bravo.jpg', 'COLOR:ROSA', '', 11),
(166, 55, 92, 0, 56, 8, 0, 0, 0, 1, '', 1, 0, 0, 'CASCOS-COLOR:GRIS-TALLE:S', '', '', 'COLOR:GRIS', 'S', '', 0, 'images/bravo.jpg', 'COLOR:GRIS', '', 11),
(167, 56, 92, 0, 56, 8, 0, 0, 0, 1, '', 1, 0, 0, 'CASCOS-COLOR:GRIS-TALLE:M', '', '', 'COLOR:GRIS', 'S', '', 0, 'images/bravo.jpg', 'COLOR:GRIS', '', 11),
(168, 57, 92, 0, 56, 8, 0, 0, 0, 1, '', 1, 0, 0, 'CASCOS-COLOR:GRIS-TALLE:L', '', '', 'COLOR:GRIS', 'S', '', 0, 'images/bravo.jpg', 'COLOR:GRIS', '', 11),
(169, 58, 92, 0, 56, 8, 0, 0, 0, 1, '', 1, 0, 0, 'CASCOS-COLOR:GRIS-TALLE:XL', '', '', 'COLOR:GRIS', 'S', '', 0, 'images/bravo.jpg', 'COLOR:GRIS', '', 11),
(170, 59, 92, 0, 56, 8, 0, 0, 0, 1, '', 1, 0, 0, 'CASCOS-COLOR:AZULELECTRICO-TALLE:S', '', '', 'COLOR:AZULELECTRICO', 'S', '', 0, 'images/bravo.jpg', 'COLOR:AZULELECTRICO', '', 11),
(171, 60, 92, 0, 56, 8, 0, 0, 0, 1, '', 1, 0, 0, 'CASCOS-COLOR:AZULELECTRICO-TALLE:M', '', '', 'COLOR:AZULELECTRICO', 'S', '', 0, 'images/bravo.jpg', 'COLOR:AZULELECTRICO', '', 11),
(172, 61, 92, 0, 56, 8, 0, 0, 0, 1, '', 1, 0, 0, 'CASCOS-COLOR:AZULELECTRICO-TALLE:L', '', '', 'COLOR:AZULELECTRICO', 'S', '', 0, 'images/bravo.jpg', 'COLOR:AZULELECTRICO', '', 11),
(173, 62, 92, 0, 56, 8, 0, 0, 0, 1, '', 1, 0, 0, 'CASCOS-COLOR:AZULELECTRICO-TALLE:XL', '', '', 'COLOR:AZULELECTRICO', 'S', '', 0, 'images/bravo.jpg', 'COLOR:AZULELECTRICO', '', 11),
(174, 63, 92, 0, 56, 8, 0, 0, 0, 1, '', 1, 0, 0, 'CASCOS-COLOR:NEGROBRILLOSO-TALLE:S', '', '', 'COLOR:NEGROBRILLOSO', 'S', '', 0, 'images/bravo.jpg', 'COLOR:NEGROBRILLOSO', '', 11),
(175, 64, 92, 0, 56, 8, 0, 0, 0, 1, '', 1, 0, 0, 'CASCOS-COLOR:NEGROBRILLOSO-TALLE:M', '', '', 'COLOR:NEGROBRILLOSO', 'S', '', 0, 'images/bravo.jpg', 'COLOR:NEGROBRILLOSO', '', 11),
(176, 65, 92, 0, 56, 8, 0, 0, 0, 1, '', 1, 0, 0, 'CASCOS-COLOR:NEGROBRILLOSO-TALLE:L', '', '', 'COLOR:NEGROBRILLOSO', 'S', '', 0, 'images/bravo.jpg', 'COLOR:NEGROBRILLOSO', '', 11),
(177, 66, 92, 0, 56, 8, 0, 0, 0, 1, '', 1, 0, 0, 'CASCOS-COLOR:NEGROBRILLOSO-TALLE:XL', '', '', 'COLOR:NEGROBRILLOSO', 'S', '', 0, 'images/bravo.jpg', 'COLOR:NEGROBRILLOSO', '', 11),
(178, 968, 84, 0, 58, 7, NULL, NULL, NULL, 1, '', NULL, NULL, 0, '10W40 SEMI SINTETICO 1 LITRO MOTORES 4T', '', '', '', 'S', '', 0, 'images/', '', '', 11),
(179, 969, 102, 0, 58, 7, NULL, NULL, NULL, 1, '', NULL, NULL, 0, 'CAMARA RIFFEL 2.75-17, 3.00-17, 80/90-17, 70/90-17 TR4 \r\n', '', '', '', 'S', '', 0, 'images/', '', '', 11),
(180, 969, 102, 0, 58, 7, NULL, NULL, NULL, 1, '', NULL, NULL, 0, 'CAMARA 4.10-18 TR4 CAUCHO NATURAL REFORZADO', '', '', '', 'S', '', 0, 'images/', '', '', 11),
(181, 969, 102, 0, 58, 7, NULL, NULL, NULL, 1, '', NULL, NULL, 0, 'CAMARA 3.00-18 TR4 CAUCHO NATURAL REFORZADO', '', '', '', 'S', '', 0, 'images/', '', '', 11),
(182, 911, 85, 0, 0, 7, NULL, NULL, NULL, 1, '', NULL, 400, 0, 'PARCHES', '', '', '', 'S', '', 0, 'images/', '', '', 11),
(183, 969, 102, 0, 58, 7, NULL, NULL, NULL, 1, '', NULL, NULL, 0, 'CAMARA 3.00-17 CAUCHO NATURAL REFORZADO', '', '', '', 'S', '', 0, 'images/', '', '', 11),
(184, 970, 103, 0, 58, 7, NULL, NULL, NULL, 1, '', NULL, NULL, 0, 'BUJIA NGK BRASIL ', '', '', '', 'S', '', 0, 'images/', '', '', 11),
(185, 972, 103, 0, 58, 7, NULL, NULL, NULL, 1, '', NULL, NULL, 0, 'BUJIA NEW CRYPTON,  ROUSER 135, YBR125, XTZ 125, ZANELLA ZB 110, ', '', '', '', 'S', '', 0, 'images/', '', '', 11),
(186, 1006, 98, 0, 58, 10, NULL, NULL, NULL, NULL, '', NULL, NULL, 0, 'FILTRO DE AIRE ORIGINAL', '', '', '', 'S', '', 0, 'images/', '', '', 11),
(187, 1007, 98, 0, 58, 10, NULL, NULL, NULL, NULL, '', NULL, NULL, 0, 'FILTRO DE AIRE ORIGINAL', '', '', '', 'S', '', 0, 'images/', '', '', 11),
(188, 1005, 98, 0, 58, 10, NULL, NULL, NULL, NULL, '', NULL, NULL, 0, 'FILTRO DE AIRE ORIGINAL DE CELULOSA(CARTON)', '', '', '', 'S', '', 0, 'images/', '', '', 11),
(189, 1004, 98, 0, 58, 10, NULL, NULL, NULL, NULL, '', NULL, NULL, 0, 'FILTRO DE AIRE ORIGINAL ', '', '', '', 'S', '', 0, 'images/', '', '', 11),
(190, 1003, 98, 0, 58, 10, NULL, NULL, NULL, NULL, '', NULL, NULL, 0, 'FILTRO DE AIRE ORIGINAL', '', '', '', 'S', '', 0, 'images/', '', '', 11),
(191, 980, 104, 0, 58, 7, NULL, NULL, NULL, 1, '', NULL, NULL, 0, '', '', '', '', 'S', '', 0, 'images/', '', '', 11),
(192, 977, 104, 0, 58, 7, NULL, NULL, NULL, 1, '', NULL, NULL, 0, 'FILTRO DE AIRE CARTON', '', '', '', 'S', '', 0, 'images/', '', '', 11),
(193, 981, 104, 0, 58, 7, NULL, NULL, NULL, 1, '', NULL, NULL, 0, 'FILTRO DE ACEITE CARTON, COMPATIBLE CON ROUSER 135 Y FZ16', '', '', '', 'S', '', 0, 'images/', '', '', 11),
(194, 978, 104, 0, 58, 7, NULL, NULL, NULL, 1, '', NULL, NULL, 0, 'FILTRO DE AIRE CARTON ', '', '', '', 'S', '', 0, 'images/', '', '', 11),
(195, 1025, 85, 0, 58, 8, NULL, NULL, NULL, 1, '', NULL, NULL, 0, 'BIDON 10 LITROS COLOR AMARILLO ANTIESTATICO', '', '', '', 'S', '', 0, 'images/', '', '', 11),
(196, 1024, 85, 0, 58, 8, NULL, NULL, NULL, 1, '', NULL, NULL, 0, 'BIDON DE 10 LITROS COLOR ROJO APILABLE', '', '', '', 'S', '', 0, 'images/', '', '', 11),
(197, 1027, 85, 0, 58, 8, NULL, NULL, NULL, 1, '', NULL, NULL, 0, 'BIDON COMBUSTIBLE DE 20 LITROS ANTIESTATICO ANTIVENTEO COLOR ROJO', '', '', '', 'S', '', 0, 'images/', '', '', 11),
(198, 1026, 85, 0, 58, 8, NULL, NULL, NULL, 1, '', NULL, NULL, 0, 'PALANCA CORTA PARA DESMONTAR CUBIERTAS', '', '', '', 'S', '', 0, 'images/', '', '', 11),
(199, 0, 0, 0, 58, 8, NULL, NULL, NULL, 1, '', NULL, NULL, 1, '', '', '', '', 'S', '', 0, 'images/', '', '', 11),
(200, 0, 0, 0, 58, 8, NULL, NULL, NULL, 1, '', NULL, NULL, 1, '', '', '', '', 'S', '', 0, 'images/', '', '', 11),
(201, 1038, 112, 0, 58, 8, NULL, NULL, NULL, 1, '', NULL, NULL, 0, '', '', '', '', 'S', '', 0, 'images/', '', '', 11),
(202, 1028, 112, 0, 58, 8, NULL, NULL, NULL, 1, '', NULL, NULL, 0, '', '', '', '', 'S', '', 0, 'images/', '', '', 11),
(203, 1029, 112, 0, 58, 8, NULL, NULL, NULL, 1, '', NULL, NULL, 0, '', '', '', '', 'S', '', 0, 'images/', '', '', 11),
(204, 1030, 112, 0, 58, 8, NULL, NULL, NULL, 1, '', NULL, NULL, 0, '', '', '', '', 'S', '', 0, 'images/', '', '', 11),
(205, 1031, 112, 0, 58, 8, NULL, NULL, NULL, 1, '', NULL, NULL, 0, '', '', '', '', 'S', '', 0, 'images/', '', '', 11),
(206, 1032, 112, 0, 58, 8, NULL, NULL, NULL, 1, '', NULL, NULL, 0, '', '', '', '', 'S', '', 0, 'images/', '', '', 11),
(207, 1033, 112, 0, 58, 8, NULL, NULL, NULL, 1, '', NULL, NULL, 0, '', '', '', '', 'S', '', 0, 'images/', '', '', 11),
(208, 1034, 112, 0, 58, 8, NULL, NULL, NULL, 1, '', NULL, NULL, 0, 'CON REJILLA DE CARGA INCLUIDA, SE COLOCA EN LA PARTE SUPERIOR DE LA TAPA', '', '', '', 'S', '', 0, 'images/', '', '', 11),
(209, 1035, 112, 0, 58, 8, NULL, NULL, NULL, 1, '', NULL, NULL, 0, '', '', '', '', 'S', '', 0, 'images/', '', '', 11),
(210, 1036, 112, 0, 58, 8, NULL, NULL, NULL, 1, '', NULL, NULL, 0, 'COLOR TITANIO TAPA DE CARBONO', '', '', '', 'S', '', 0, 'images/', '', '', 11),
(211, 1037, 112, 0, 58, 8, NULL, NULL, NULL, 1, '', NULL, NULL, 0, '', '', '', '', 'S', '', 0, 'images/', '', '', 11),
(212, 1045, 112, 0, 58, 8, NULL, NULL, NULL, 1, '', NULL, NULL, 0, '', '', '', '', 'S', '', 0, 'images/', '', '', 11),
(213, 1047, 112, 0, 58, 8, NULL, NULL, NULL, 1, '', NULL, NULL, 0, 'PARA AÑO 2015', '', '', '', 'S', '', 0, 'images/', '', '', 11),
(214, 1046, 112, 0, 58, 8, NULL, NULL, NULL, 1, '', NULL, NULL, 0, '12V ESTANCO A PRUEBA DE AGUA', '', '', '', 'S', '', 0, 'images/', '', '', 11),
(215, 1052, 112, 0, 58, 8, NULL, NULL, NULL, 1, '', NULL, NULL, 0, '', '', '', '', 'S', '', 0, 'images/', '', '', 11),
(216, 1055, 112, 0, 58, 8, NULL, NULL, NULL, 1, '', NULL, NULL, 0, '', '', '', '', 'S', '', 0, 'images/', '', '', 11),
(217, 1049, 112, 0, 58, 8, NULL, NULL, NULL, 1, '', NULL, NULL, 0, '', '', '', '', 'S', '', 0, 'images/', '', '', 11),
(218, 1050, 112, 0, 58, 8, NULL, NULL, NULL, 1, '', NULL, NULL, 0, '', '', '', '', 'S', '', 0, 'images/', '', '', 11),
(219, 1051, 112, 0, 58, 8, NULL, NULL, NULL, 1, '', NULL, NULL, 0, '', '', '', '', 'S', '', 0, 'images/', '', '', 11),
(220, 1067, 112, 0, 58, 8, NULL, NULL, NULL, 1, '', NULL, NULL, 0, '', '', '', '', 'S', '', 0, 'images/', '', '', 11),
(221, 1048, 112, 0, 58, 8, NULL, NULL, NULL, 1, '', NULL, NULL, 0, '', '', '', '', 'S', '', 0, 'images/', '', '', 11),
(222, 1053, 112, 0, 58, 8, NULL, NULL, NULL, 1, '', NULL, NULL, 0, '', '', '', '', 'S', '', 0, 'images/', '', '', 11),
(223, 1054, 112, 0, 58, 8, NULL, NULL, NULL, 1, '', NULL, NULL, 0, '', '', '', '', 'S', '', 0, 'images/', '', '', 11),
(224, 1056, 112, 0, 58, 8, NULL, NULL, NULL, 1, '', NULL, NULL, 0, '', '', '', '', 'S', '', 0, 'images/', '', '', 11),
(225, 1057, 112, 0, 58, 8, NULL, NULL, NULL, 1, '', NULL, NULL, 0, '', '', '', '', 'S', '', 0, 'images/', '', '', 11),
(226, 1058, 112, 0, 58, 8, NULL, NULL, NULL, 1, '', NULL, NULL, 0, '', '', '', '', 'S', '', 0, 'images/', '', '', 11),
(227, 1060, 112, 0, 58, 8, NULL, NULL, NULL, 1, '', NULL, NULL, 0, '', '', '', '', 'S', '', 0, 'images/', '', '', 11),
(228, 1059, 112, 0, 58, 8, NULL, NULL, NULL, 1, '', NULL, NULL, 0, '', '', '', '', 'S', '', 0, 'images/', '', '', 11),
(229, 1061, 112, 0, 58, 8, NULL, NULL, NULL, 1, '', NULL, NULL, 0, '', '', '', '', 'S', '', 0, 'images/', '', '', 11),
(230, 1068, 112, 0, 58, 8, NULL, NULL, NULL, 1, '', NULL, NULL, 0, '', '', '', '', 'S', '', 0, 'images/', '', '', 11),
(231, 1039, 112, 0, 58, 8, NULL, NULL, NULL, 1, '', NULL, NULL, 0, '', '', '', '', 'S', '', 0, 'images/', '', '', 11),
(232, 1041, 112, 0, 58, 8, NULL, NULL, NULL, 1, '', NULL, NULL, 0, '', '', '', '', 'S', '', 0, 'images/', '', '', 11),
(233, 1042, 112, 0, 58, 8, NULL, NULL, NULL, 1, '', NULL, NULL, 0, '', '', '', '', 'S', '', 0, 'images/', '', '', 11),
(234, 1043, 112, 0, 58, 8, NULL, NULL, NULL, 1, '', NULL, NULL, 0, '', '', '', '', 'S', '', 0, 'images/', '', '', 11),
(235, 1063, 112, 0, 58, 8, NULL, NULL, NULL, 1, '', NULL, NULL, 0, '', '', '', '', 'S', '', 0, 'images/', '', '', 11),
(236, 1064, 112, 0, 58, 8, NULL, NULL, NULL, 1, '', NULL, NULL, 0, '', '', '', '', 'S', '', 0, 'images/', '', '', 11),
(237, 1065, 112, 0, 58, 8, NULL, NULL, NULL, 1, '', NULL, NULL, 0, '', '', '', '', 'S', '', 0, 'images/', '', '', 11),
(238, 1066, 112, 0, 58, 8, NULL, NULL, NULL, 1, '', NULL, NULL, 0, '', '', '', '', 'S', '', 0, 'images/', '', '', 11),
(239, 1085, 116, 0, 58, 8, NULL, NULL, NULL, 1, '', NULL, NULL, 0, '', '', '', '', 'S', '', 0, 'images/', '', '', 11),
(240, 1069, 116, 0, 58, 8, NULL, NULL, NULL, 1, '', NULL, NULL, 0, '', '', '', '', 'S', '', 0, 'images/', '', '', 11),
(241, 1070, 116, 0, 58, 8, NULL, NULL, NULL, 1, '', NULL, NULL, 0, '', '', '', '', 'S', '', 0, 'images/', '', '', 11),
(242, 1071, 116, 0, 58, 8, NULL, NULL, NULL, 1, '', NULL, NULL, 0, '', '', '', '', 'S', '', 0, 'images/', '', '', 11),
(243, 1072, 116, 0, 58, 8, NULL, NULL, NULL, 1, '', NULL, NULL, 0, '', '', '', '', 'S', '', 0, 'images/', '', '', 11),
(244, 1073, 116, 0, 58, 8, NULL, NULL, NULL, 1, '', NULL, NULL, 0, '', '', '', '', 'S', '', 0, 'images/', '', '', 11),
(245, 1074, 116, 0, 58, 8, NULL, NULL, NULL, 1, '', NULL, NULL, 0, '', '', '', '', 'S', '', 0, 'images/', '', '', 11),
(246, 1075, 116, 0, 58, 8, NULL, NULL, NULL, 1, '', NULL, NULL, 0, '', '', '', '', 'S', '', 0, 'images/', '', '', 11),
(247, 1076, 116, 0, 58, 8, NULL, NULL, NULL, 1, '', NULL, NULL, 0, '', '', '', '', 'S', '', 0, 'images/', '', '', 11),
(248, 1077, 116, 0, 58, 8, NULL, NULL, NULL, 1, '', NULL, NULL, 0, '', '', '', '', 'S', '', 0, 'images/', '', '', 11),
(249, 1078, 116, 0, 58, 8, NULL, NULL, NULL, 1, '', NULL, NULL, 0, '', '', '', '', 'S', '', 0, 'images/', '', '', 11),
(250, 1079, 116, 0, 58, 8, NULL, NULL, NULL, 1, '', NULL, NULL, 0, '', '', '', '', 'S', '', 0, 'images/', '', '', 11),
(251, 1080, 116, 0, 58, 8, NULL, NULL, NULL, 1, '', NULL, NULL, 0, '', '', '', '', 'S', '', 0, 'images/', '', '', 11),
(252, 1081, 116, 0, 58, 8, NULL, NULL, NULL, 1, '', NULL, NULL, 0, '', '', '', '', 'S', '', 0, 'images/', '', '', 11),
(253, 1082, 116, 0, 58, 8, NULL, NULL, NULL, 1, '', NULL, NULL, 0, '', '', '', '', 'S', '', 0, 'images/', '', '', 11),
(254, 1083, 116, 0, 58, 8, NULL, NULL, NULL, 1, '', NULL, NULL, 0, '', '', '', '', 'S', '', 0, 'images/', '', '', 11),
(255, 1084, 116, 0, 58, 8, NULL, NULL, NULL, 1, '', NULL, NULL, 0, '', '', '', '', 'S', '', 0, 'images/', '', '', 11),
(256, 1086, 116, 0, 58, 8, NULL, NULL, NULL, 1, '', NULL, NULL, 0, '', '', '', '', 'S', '', 0, 'images/', '', '', 11),
(257, 1087, 116, 0, 58, 8, NULL, NULL, NULL, 1, '', NULL, NULL, 0, '', '', '', '', 'S', '', 0, 'images/', '', '', 11),
(258, 1088, 116, 0, 58, 8, NULL, NULL, NULL, 1, '', NULL, NULL, 0, '', '', '', '', 'S', '', 0, 'images/', '', '', 11),
(259, 1089, 111, 0, 58, 10, NULL, NULL, NULL, NULL, '', NULL, NULL, 0, '', '', '', '', 'S', '', 0, 'images/', '', '', 11),
(260, 1090, 111, 0, 58, 10, NULL, NULL, NULL, NULL, '', NULL, NULL, 0, '', '', '', '', 'S', '', 0, 'images/', '', '', 11),
(261, 1091, 111, 0, 56, 4, 17, 120, 70, 1, '', NULL, NULL, 0, '', '', '', '', 'S', '', 28, 'images/', '', '', 11),
(262, 1091, 111, 0, 58, 4, 17, 120, 70, 1, '', NULL, NULL, 0, 'F  TL', '', '', '', 'S', '', 28, 'images/', '', '', 11),
(263, 1117, 117, 0, 0, 10, NULL, NULL, NULL, NULL, '', NULL, NULL, 0, '', '', '', '', 'S', '', 0, 'images/', '', '', 11),
(264, 1118, 117, 0, 0, 10, NULL, NULL, NULL, NULL, '', NULL, NULL, 0, '', '', '', '', 'S', '', 0, 'images/', '', '', 11),
(265, 1119, 117, 0, 0, 10, NULL, NULL, NULL, NULL, '', NULL, NULL, 0, 'DORADA', '', '', '', 'S', '', 0, 'images/', '', '', 11),
(266, 1120, 117, 0, 0, 10, NULL, NULL, NULL, NULL, '', NULL, NULL, 0, '', '', '', '', 'S', '', 0, 'images/', '', '', 11),
(267, 1116, 117, 0, 0, 10, NULL, NULL, NULL, NULL, '', NULL, NULL, 0, '', '', '', '', 'S', '', 0, 'images/', '', '', 11),
(268, 1126, 117, 0, 0, 10, NULL, NULL, NULL, NULL, '', NULL, NULL, 0, '', '', '', '', 'S', '', 0, 'images/', '', '', 11),
(269, 1116, 117, 0, 0, 10, NULL, NULL, NULL, NULL, '', NULL, NULL, 1, '', '', '', '', 'S', '', 0, 'images/', '', '', 11),
(270, 1121, 117, 0, 0, 10, NULL, NULL, NULL, NULL, '', NULL, NULL, 0, '', '', '', '', 'S', '', 0, 'images/', '', '', 11),
(271, 1122, 117, 0, 0, 10, NULL, NULL, NULL, NULL, '', NULL, NULL, 0, '', '', '', '', 'S', '', 0, 'images/', '', '', 11),
(272, 1123, 117, 0, 0, 10, NULL, NULL, NULL, NULL, '', NULL, NULL, 0, '', '', '', '', 'S', '', 0, 'images/', '', '', 11),
(273, 1124, 117, 0, 0, 10, NULL, NULL, NULL, NULL, '', NULL, NULL, 0, '', '', '', '', 'S', '', 0, 'images/', '', '', 11),
(274, 1125, 117, 0, 0, 10, NULL, NULL, NULL, NULL, '', NULL, NULL, 0, '', '', '', '', 'S', '', 0, 'images/', '', '', 11),
(275, 1129, 117, 0, 0, 10, NULL, NULL, NULL, NULL, '', NULL, NULL, 0, '', '', '', '', 'S', '', 0, 'images/', '', '', 11),
(276, 1128, 117, 0, 0, 10, NULL, NULL, NULL, NULL, '', NULL, NULL, 0, '', '', '', '', 'S', '', 0, 'images/', '', '', 11),
(277, 1130, 117, 0, 0, 10, NULL, NULL, NULL, NULL, '', NULL, NULL, 0, '', '', '', '', 'S', '', 0, 'images/', '', '', 11),
(278, 1131, 117, 0, 0, 10, NULL, NULL, NULL, NULL, '', NULL, NULL, 0, '', '', '', '', 'S', '', 0, 'images/', '', '', 11),
(279, 1132, 117, 0, 0, 10, NULL, NULL, NULL, NULL, '', NULL, NULL, 0, '', '', '', '', 'S', '', 0, 'images/', '', '', 11),
(280, 1133, 117, 0, 0, 10, NULL, NULL, NULL, NULL, '', NULL, NULL, 0, '', '', '', '', 'S', '', 0, 'images/', '', '', 11),
(281, 1134, 117, 0, 0, 10, NULL, NULL, NULL, NULL, '', NULL, NULL, 0, '', '', '', '', 'S', '', 0, 'images/', '', '', 11),
(282, 1135, 117, 0, 0, 10, NULL, NULL, NULL, NULL, '', NULL, NULL, 0, '', '', '', '', 'S', '', 0, 'images/', '', '', 11),
(283, 1136, 117, 0, 0, 10, NULL, NULL, NULL, NULL, '', NULL, NULL, 0, '', '', '', '', 'S', '', 0, 'images/', '', '', 11),
(284, 1137, 117, 0, 0, 10, NULL, NULL, NULL, NULL, '', NULL, NULL, 0, '', '', '', '', 'S', '', 0, 'images/', '', '', 11),
(285, 1138, 117, 0, 0, 10, NULL, NULL, NULL, NULL, '', NULL, NULL, 0, '', '', '', '', 'S', '', 0, 'images/', '', '', 11),
(286, 1139, 117, 0, 0, 10, NULL, NULL, NULL, NULL, '', NULL, NULL, 0, '', '', '', '', 'S', '', 0, 'images/', '', '', 11),
(287, 1140, 117, 0, 0, 10, NULL, NULL, NULL, NULL, '', NULL, NULL, 1, '', '', '', '', 'S', '', 0, 'images/', '', '', 11),
(288, 1141, 117, 0, 0, 10, NULL, NULL, NULL, NULL, '', NULL, NULL, 0, '', '', '', '', 'S', '', 0, 'images/', '', '', 11),
(289, 1140, 117, 0, 0, 10, NULL, NULL, NULL, NULL, '', NULL, NULL, 0, '', '', '', '', 'S', '', 0, 'images/', '', '', 11),
(290, 1141, 117, 0, 0, 10, NULL, NULL, NULL, NULL, '', NULL, NULL, 1, '', '', '', '', 'S', '', 0, 'images/', '', '', 11),
(291, 1143, 117, 0, 0, 10, NULL, NULL, NULL, NULL, '', NULL, NULL, 0, '', '', '', '', 'S', '', 0, 'images/', '', '', 11),
(292, 1144, 85, 0, 0, 8, NULL, NULL, NULL, 1, '', NULL, NULL, 0, '5 MM', '', '', '', 'S', '', 0, 'images/', '', '', 11),
(293, 1145, 85, 0, 0, 8, NULL, NULL, NULL, 1, '', NULL, NULL, 0, 'PERNO 5MM', '', '', '', 'S', '', 0, 'images/', '', '', 11),
(294, 1148, 109, 0, 0, 7, NULL, NULL, NULL, 1, '', NULL, NULL, 0, '', '', '', '', 'S', '', 0, 'images/', '', '', 11),
(295, 1149, 109, 0, 0, 7, NULL, NULL, NULL, 1, '', NULL, NULL, 0, '', '', '', '', 'S', '', 0, 'images/', '', '', 11),
(296, 1150, 109, 0, 0, 7, NULL, NULL, NULL, 1, '', NULL, NULL, 0, '', '', '', '', 'S', '', 0, 'images/', '', '', 11),
(297, 1151, 85, 0, 0, 8, NULL, NULL, NULL, 1, '', NULL, NULL, 0, '150CM LARGO\r\n25MM DIAMETRO', '', '', '', 'S', '', 0, 'images/', '', '', 11),
(298, 1152, 109, 0, 0, 7, NULL, NULL, NULL, 1, '', NULL, NULL, 0, '', '', '', '', 'S', '', 0, 'images/', '', '', 11),
(299, 1153, 109, 0, 0, 7, NULL, NULL, NULL, 1, '', NULL, NULL, 0, '', '', '', '', 'S', '', 0, 'images/', '', '', 11),
(300, 1154, 109, 0, 0, 7, NULL, NULL, NULL, 1, '', NULL, NULL, 0, '', '', '', '', 'S', '', 0, 'images/', '', '', 11),
(301, 1156, 110, 0, 0, 7, NULL, NULL, NULL, 1, '', NULL, NULL, 0, '', '', '', '', 'S', '', 0, 'images/', '', '', 11),
(302, 1157, 110, 0, 0, 7, NULL, NULL, NULL, 1, '', NULL, NULL, 0, 'PD/850 CUADRADA', '', '', '', 'S', '', 0, 'images/', '', '', 11),
(303, 1160, 110, 0, 0, 7, NULL, NULL, NULL, 1, '', NULL, NULL, 0, 'PD/866', '', '', '', 'S', '', 0, 'images/', '', '', 11),
(304, 1155, 110, 0, 0, 7, NULL, NULL, NULL, 1, '', NULL, NULL, 0, 'PD/891', '', '', '', 'S', '', 0, 'images/', '', '', 11),
(305, 1159, 110, 0, 0, 7, NULL, NULL, NULL, 1, '', NULL, NULL, 0, '', '', '', '', 'S', '', 0, 'images/', '', '', 11),
(306, 1161, 110, 0, 0, 7, NULL, NULL, NULL, 1, '', NULL, NULL, 0, 'LH/812\r\nRESORTE CRUZADO', '', '', '', 'S', '', 0, 'images/', '', '', 11),
(307, 1162, 110, 0, 0, 7, NULL, NULL, NULL, 1, '', NULL, NULL, 0, 'LH/806', '', '', '', 'S', '', 0, 'images/', '', '', 11),
(308, 1175, 119, 0, 0, 8, NULL, NULL, NULL, 1, '', NULL, NULL, 0, '', '', '', '', 'S', '', 0, 'images/', '', '', 11),
(309, 1176, 119, 0, 0, 8, NULL, NULL, NULL, 1, '', NULL, NULL, 0, '', '', '', '', 'S', '', 0, 'images/', '', '', 11),
(310, 1179, 119, 0, 0, 8, NULL, NULL, NULL, 1, '', NULL, NULL, 0, '', '', '', '', 'S', '', 0, 'images/', '', '', 11),
(311, 1178, 119, 0, 0, 8, NULL, NULL, NULL, 1, '', NULL, NULL, 0, '', '', '', '', 'S', '', 0, 'images/', '', '', 11),
(312, 1172, 119, 0, 0, 8, NULL, NULL, NULL, 1, '', NULL, NULL, 0, '', '', '', '', 'S', '', 0, 'images/', '', '', 11),
(313, 1171, 119, 0, 0, 8, NULL, NULL, NULL, 1, '', NULL, NULL, 0, '', '', '', '', 'S', '', 0, 'images/', '', '', 11),
(314, 1173, 119, 0, 0, 8, NULL, NULL, NULL, 1, '', NULL, NULL, 0, '', '', '', '', 'S', '', 0, 'images/', '', '', 11),
(315, 1163, 119, 0, 0, 8, NULL, NULL, NULL, 1, '', NULL, NULL, 0, '', '', '', '', 'S', '', 0, 'images/', '', '', 11),
(316, 1164, 119, 0, 0, 8, NULL, NULL, NULL, 1, '', NULL, NULL, 0, '', '', '', '', 'S', '', 0, 'images/', '', '', 11),
(317, 1165, 119, 0, 0, 8, NULL, NULL, NULL, 1, '', NULL, NULL, 0, '', '', '', '', 'S', '', 0, 'images/', '', '', 11),
(318, 1166, 119, 0, 0, 8, NULL, NULL, NULL, 1, '', NULL, NULL, 0, '', '', '', '', 'S', '', 0, 'images/', '', '', 11),
(319, 1174, 119, 0, 0, 8, NULL, NULL, NULL, 1, '', NULL, NULL, 0, '', '', '', '', 'S', '', 0, 'images/', '', '', 11),
(320, 1181, 119, 0, 0, 8, NULL, NULL, NULL, 1, '', NULL, NULL, 0, '', '', '', '', 'S', '', 0, 'images/', '', '', 11),
(321, 1180, 119, 0, 0, 8, NULL, NULL, NULL, 1, '', NULL, NULL, 0, '', '', '', '', 'S', '', 0, 'images/', '', '', 11),
(322, 1180, 119, 0, 0, 8, NULL, NULL, NULL, 1, '', NULL, NULL, 0, '', '', '', '', 'S', '', 0, 'images/', '', '', 11),
(323, 1182, 119, 0, 0, 8, NULL, NULL, NULL, 1, '', NULL, NULL, 0, '', '', '', '', 'S', '', 0, 'images/', '', '', 11),
(324, 1183, 119, 0, 0, 8, NULL, NULL, NULL, 1, '', NULL, NULL, 0, '', '', '', '', 'S', '', 0, 'images/', '', '', 11),
(325, 1209, 119, 0, 0, 8, NULL, NULL, NULL, 1, '', NULL, NULL, 0, '', '', '', '', 'S', '', 0, 'images/', '', '', 11),
(326, 1184, 119, 0, 0, 8, NULL, NULL, NULL, 1, '', NULL, NULL, 0, '', '', '', '', 'S', '', 0, 'images/', '', '', 11),
(327, 1185, 119, 0, 0, 8, NULL, NULL, NULL, 1, '', NULL, NULL, 0, '', '', '', '', 'S', '', 0, 'images/', '', '', 11),
(328, 1186, 119, 0, 0, 8, NULL, NULL, NULL, 1, '', NULL, NULL, 0, '', '', '', '', 'S', '', 0, 'images/', '', '', 11),
(329, 1187, 119, 0, 0, 8, NULL, NULL, NULL, 1, '', NULL, NULL, 0, '', '', '', '', 'S', '', 0, 'images/', '', '', 11),
(330, 1189, 119, 0, 0, 8, NULL, NULL, NULL, 1, '', NULL, NULL, 0, '', '', '', '', 'S', '', 0, 'images/', '', '', 11),
(331, 1190, 119, 0, 0, 8, NULL, NULL, NULL, 1, '', NULL, NULL, 0, '', '', '', '', 'S', '', 0, 'images/', '', '', 11),
(332, 1188, 119, 0, 0, 8, NULL, NULL, NULL, 1, '', NULL, NULL, 0, '', '', '', '', 'S', '', 0, 'images/', '', '', 11),
(333, 1191, 119, 0, 0, 8, NULL, NULL, NULL, 1, '', NULL, NULL, 0, '', '', '', '', 'S', '', 0, 'images/', '', '', 11),
(334, 1193, 119, 0, 0, 8, NULL, NULL, NULL, 1, '', NULL, NULL, 0, '', '', '', '', 'S', '', 0, 'images/', '', '', 11),
(335, 1192, 119, 0, 0, 8, NULL, NULL, NULL, 1, '', NULL, NULL, 0, '', '', '', '', 'S', '', 0, 'images/', '', '', 11),
(336, 1194, 119, 0, 0, 8, NULL, NULL, NULL, 1, '', NULL, NULL, 0, '', '', '', '', 'S', '', 0, 'images/', '', '', 11),
(337, 1195, 119, 0, 0, 8, NULL, NULL, NULL, 1, '', NULL, NULL, 0, '', '', '', '', 'S', '', 0, 'images/', '', '', 11),
(338, 1196, 119, 0, 0, 8, NULL, NULL, NULL, 1, '', NULL, NULL, 0, '', '', '', '', 'S', '', 0, 'images/', '', '', 11),
(339, 1197, 119, 0, 0, 8, NULL, NULL, NULL, 1, '', NULL, NULL, 0, '', '', '', '', 'S', '', 0, 'images/', '', '', 11),
(340, 1198, 119, 0, 0, 8, NULL, NULL, NULL, 1, '', NULL, NULL, 0, '', '', '', '', 'S', '', 0, 'images/', '', '', 11),
(341, 1199, 119, 0, 0, 8, NULL, NULL, NULL, 1, '', NULL, NULL, 0, '', '', '', '', 'S', '', 0, 'images/', '', '', 11),
(342, 1201, 119, 0, 0, 8, NULL, NULL, NULL, 1, '', NULL, NULL, 0, '', '', '', '', 'S', '', 0, 'images/', '', '', 11),
(343, 1202, 119, 0, 0, 8, NULL, NULL, NULL, 1, '', NULL, NULL, 0, '', '', '', '', 'S', '', 0, 'images/', '', '', 11),
(344, 1203, 120, 0, 0, 8, NULL, NULL, NULL, 1, '', NULL, NULL, 0, '', '', '', '', 'S', '', 0, 'images/', '', '', 11),
(345, 1204, 120, 0, 0, 8, NULL, NULL, NULL, 1, '', NULL, NULL, 0, '', '', '', '', 'S', '', 0, 'images/', '', '', 11),
(346, 1205, 120, 0, 0, 8, NULL, NULL, NULL, 1, '', NULL, NULL, 0, '', '', '', '', 'S', '', 0, 'images/', '', '', 11),
(347, 1206, 119, 0, 0, 8, NULL, NULL, NULL, 1, '', NULL, NULL, 0, '', '', '', '', 'S', '', 0, 'images/', '', '', 11),
(348, 1207, 119, 0, 0, 8, NULL, NULL, NULL, 1, '', NULL, NULL, 0, '', '', '', '', 'S', '', 0, 'images/', '', '', 11),
(349, 1207, 119, 0, 0, 8, NULL, NULL, NULL, 1, '', NULL, NULL, 0, '', '', '', '', 'S', '', 0, 'images/', '', '', 11),
(350, 1208, 119, 0, 0, 8, NULL, NULL, NULL, 1, '', NULL, NULL, 0, '', '', '', '', 'S', '', 0, 'images/', '', '', 11),
(351, 1210, 113, 0, 0, 8, NULL, NULL, NULL, 1, '', NULL, NULL, 0, '', '', '', '', 'S', '', 0, 'images/', '', '', 11),
(352, 1211, 113, 0, 0, 8, NULL, NULL, NULL, 1, '', NULL, NULL, 0, '', '', '', '', 'S', '', 0, 'images/', '', '', 11),
(353, 1212, 113, 0, 0, 8, NULL, NULL, NULL, 1, '', NULL, NULL, 0, '', '', '', '', 'S', '', 0, 'images/', '', '', 11),
(354, 1213, 85, 0, 0, 8, NULL, NULL, NULL, 1, '', NULL, NULL, 0, '', '', '', '', 'S', '', 0, 'images/', '', '', 11),
(355, 1108, 111, 0, 58, 4, 18, 100, 90, 1, '', NULL, NULL, 0, 'R 56P CON Y SIN CAMARA', '', '', '', 'S', '', 20, 'images/', '', '', 11),
(356, 1100, 111, 0, 58, 4, 17, 100, 70, 1, '', NULL, NULL, 0, 'R 54H CON Y SIN CAMARA', '', '', '', 'S', '', 26, 'images/', '', '', 11),
(357, 1108, 111, 0, 58, 4, 17, 110, 70, 1, '', NULL, NULL, 0, 'R 54S CON Y SIN CAMARA', '', '', '', 'S', '', 23, 'images/', '', '', 11),
(358, 1102, 111, 0, 58, 4, 18, 110, 80, 1, '', NULL, NULL, 0, '58R  CON CAMARA', '', '', '', 'S', '', 22, 'images/', '', '', 11),
(359, 1110, 111, 0, 58, 4, 19, 110, 80, 1, '', NULL, NULL, 0, '59V M/C CON Y SIN CAMARA', '', '', '', 'S', '', 27, 'images/', '', '', 11),
(360, 1102, 111, 0, 58, 4, 17, 110, 90, 1, '', NULL, NULL, 0, ' RTT MCTT', '', '', '', 'S', '', 9, 'images/', '', '', 11),
(361, 1102, 111, 0, 56, 4, 18, 120, 80, 1, '', NULL, NULL, 0, '62T ', '', '', '', 'S', '', 24, 'images/', '', '', 11),
(362, 1108, 111, 0, 58, 4, 17, 130, 70, 1, '', NULL, NULL, 0, 'R 62S CON Y SIN CAMARA', '', '', '', 'S', '', 23, 'images/', '', '', 11),
(363, 1102, 111, 0, 58, 4, 17, 130, 80, 1, '', NULL, NULL, 0, 'R 65T M/C CON Y SIN CAMARA', '', '', '', 'S', '', 24, 'images/', '', '', 11),
(364, 1108, 111, 0, 56, 4, 17, 140, 70, 1, '', NULL, NULL, 0, 'R 66S CON Y SIN CAMARA', '', '', '', 'S', '', 9, 'images/', '', '', 11),
(365, 1100, 111, 0, 58, 4, 17, 140, 70, 1, '', NULL, NULL, 0, 'R 65H CON Y SIN CAMARA', '', '', '', 'S', '', 26, 'images/', '', '', 11),
(366, 1110, 111, 0, 58, 4, 17, 150, 70, 1, '', NULL, NULL, 0, 'R 69V CON Y SIN CAMARA', '', '', '', 'S', '', 27, 'images/', '', '', 11),
(367, 1111, 111, 0, 58, 4, 18, 3, NULL, 1, '', NULL, NULL, 0, 'REINF., CON CAMARA', '', '', '', 'S', '', 23, 'images/', '', '', 11),
(368, 1112, 111, 0, 58, 4, 10, 4, NULL, 1, '', NULL, NULL, 0, 'REINF. CON Y SIN CAMARA', '', '', '', 'S', '', 15, 'images/', '', '', 11);
INSERT INTO `productos` (`pro_id`, `mod_id`, `mar_id`, `dis_id`, `prv_id`, `tip_id`, `pro_med_diametro`, `pro_med_ancho`, `pro_med_alto`, `pro_nueva`, `pro_distribucion`, `pro_stock_min`, `pro_precio_costo`, `pro_estado`, `pro_descripcion`, `pro_tipo_llanta`, `pro_material`, `pro_terminaciones`, `pro_controla_stock`, `pro_anio`, `tr_id`, `pro_foto`, `pro_terminacion`, `pro_clasificacion`, `usu_id`) VALUES
(369, 1108, 111, 0, 58, 4, 14, 80, 100, 1, '', NULL, NULL, 0, 'R 49L REINF. CON CAMARA', '', '', '', 'S', '', 17, 'images/', '', '', 11),
(370, 1102, 111, 0, 58, 4, 21, 90, 90, 1, '', NULL, NULL, 0, '54T', '', '', '', 'S', '', 24, 'images/', '', '', 11),
(371, 1091, 111, 0, 58, 4, 17, 120, 70, 1, '', NULL, NULL, 0, 'R 58W   F SIN CAMARA', '', '', '', 'S', '', 30, 'images/', '', '', 11),
(372, 1100, 111, 0, 58, 4, 17, 120, 70, 1, '', NULL, NULL, 0, 'F 58W CON Y SIN CAMARA', '', '', '', 'S', '', 30, 'images/', '', '', 11),
(373, 1100, 111, 0, 58, 4, 17, 150, 60, 1, '', NULL, NULL, 0, 'R 66H CON Y SIN CAMARA', '', '', '', 'S', '', 26, 'images/', '', '', 11),
(374, 1091, 111, 0, 58, 4, 17, 180, 55, 1, '', NULL, NULL, 0, 'R 73W SIN CAMARA', '', '', '', 'S', '', 30, 'images/', '', '', 11),
(375, 1091, 111, 0, 58, 4, 17, 190, 50, 1, '', NULL, NULL, 0, 'R 73W SIN CAMARA', '', '', '', 'S', '', 30, 'images/', '', '', 11),
(376, 1096, 111, 0, 58, 4, 17, 190, 55, 1, '', NULL, NULL, 0, 'R 75W SIN CAMARA', '', '', '', 'S', '', 30, 'images/', '', '', 11),
(377, 1091, 111, 0, 58, 4, 17, 190, 55, 1, '', NULL, NULL, 0, 'R 75W SIN CAMARA', '', '', '', 'S', '', 30, 'images/', '', '', 11),
(378, 1108, 111, 0, 58, 4, 17, 3, NULL, 1, '', NULL, NULL, 0, '43P ', '', '', '', 'S', '', 20, 'images/', '', '', 11),
(379, 1214, 114, 0, 0, 8, NULL, NULL, NULL, 1, '', NULL, NULL, 0, '', '', '', '', 'S', '', 0, 'images/', '', '', 11),
(380, 1220, 114, 0, 0, 8, NULL, NULL, NULL, 1, '', NULL, NULL, 0, '', '', '', '', 'S', '', 0, 'images/', '', '', 11),
(381, 1217, 114, 0, 0, 8, NULL, NULL, NULL, 1, '', NULL, NULL, 0, '', '', '', '', 'S', '', 0, 'images/', '', '', 11),
(382, 1218, 114, 0, 0, 8, NULL, NULL, NULL, 1, '', NULL, NULL, 0, '', '', '', '', 'S', '', 0, 'images/', '', '', 11),
(383, 1215, 114, 0, 0, 8, NULL, NULL, NULL, 1, '', NULL, NULL, 0, '', '', '', '', 'S', '', 0, 'images/', '', '', 11),
(384, 1219, 114, 0, 0, 8, NULL, NULL, NULL, 1, '', NULL, NULL, 0, '', '', '', '', 'S', '', 0, 'images/', '', '', 11),
(385, 1216, 114, 0, 0, 8, NULL, NULL, NULL, 1, '', NULL, NULL, 0, '', '', '', '', 'S', '', 0, 'images/', '', '', 11),
(386, 1223, 120, 0, 0, 8, NULL, NULL, NULL, 1, '', NULL, NULL, 0, '', '', '', '', 'S', '', 0, 'images/', '', '', 11),
(387, 1224, 120, 0, 0, 8, NULL, NULL, NULL, 1, '', NULL, NULL, 0, '', '', '', '', 'S', '', 0, 'images/', '', '', 11),
(388, 1222, 120, 0, 0, 8, NULL, NULL, NULL, 1, '', NULL, NULL, 0, '', '', '', '', 'S', '', 0, 'images/', '', '', 11),
(389, 1221, 120, 0, 0, 8, NULL, NULL, NULL, 1, '', NULL, NULL, 0, '', '', '', '', 'S', '', 0, 'images/', '', '', 11),
(390, 1225, 85, 0, 0, 8, NULL, NULL, NULL, 1, '', NULL, NULL, 0, '', '', '', '', 'S', '', 0, 'images/', '', '', 11),
(391, 1225, 85, 0, 0, 8, NULL, NULL, NULL, 1, '', NULL, NULL, 1, '', '', '', '', 'S', '', 0, 'images/', '', '', 11),
(392, 1226, 85, 0, 0, 8, NULL, NULL, NULL, 1, '', NULL, NULL, 0, '', '', '', '', 'S', '', 0, 'images/', '', '', 11),
(393, 1231, 122, 0, 0, 3, NULL, NULL, NULL, NULL, '', NULL, NULL, 0, '', '', '', '', 'S', '', 0, 'images/', '', '', 11),
(394, 1228, 122, 0, 0, 3, NULL, NULL, NULL, NULL, '', NULL, NULL, 0, '', '', '', '', 'S', '', 0, 'images/', '', '', 11),
(395, 1229, 122, 0, 0, 3, NULL, NULL, NULL, NULL, '', NULL, NULL, 0, '', '', '', '', 'S', '', 0, 'images/', '', '', 11),
(396, 1227, 122, 0, 0, 3, NULL, NULL, NULL, NULL, '', NULL, NULL, 0, '', '', '', '', 'S', '', 0, 'images/', '', '', 11),
(397, 1232, 114, 0, 0, 8, NULL, NULL, NULL, 1, '', NULL, NULL, 0, '', '', '', '', 'S', '', 0, 'images/', '', '', 11),
(398, 1233, 114, 0, 0, 8, NULL, NULL, NULL, 1, '', NULL, NULL, 0, '', '', '', '', 'S', '', 0, 'images/', '', '', 11),
(399, 1234, 114, 0, 0, 8, NULL, NULL, NULL, 1, '', NULL, NULL, 0, '', '', '', '', 'S', '', 0, 'images/', '', '', 11),
(400, 1235, 114, 0, 0, 8, NULL, NULL, NULL, 1, '', NULL, NULL, 0, '', '', '', '', 'S', '', 0, 'images/', '', '', 11),
(401, 1236, 114, 0, 0, 8, NULL, NULL, NULL, 1, '', NULL, NULL, 0, '', '', '', '', 'S', '', 0, 'images/', '', '', 11),
(402, 1237, 114, 0, 0, 8, NULL, NULL, NULL, 1, '', NULL, NULL, 0, '', '', '', '', 'S', '', 0, 'images/', '', '', 11),
(403, 1238, 114, 0, 0, 8, NULL, NULL, NULL, 1, '', NULL, NULL, 0, '', '', '', '', 'S', '', 0, 'images/', '', '', 11),
(404, 1239, 112, 0, 0, 8, NULL, NULL, NULL, 1, '', NULL, NULL, 0, '', '', '', '', 'S', '', 0, 'images/', '', '', 11),
(405, 1240, 112, 0, 0, 8, NULL, NULL, NULL, 1, '', NULL, NULL, 0, '', '', '', '', 'S', '', 0, 'images/', '', '', 11),
(406, 1241, 112, 0, 0, 8, NULL, NULL, NULL, 1, '', NULL, NULL, 0, '', '', '', '', 'S', '', 0, 'images/', '', '', 11),
(407, 1242, 112, 0, 0, 8, NULL, NULL, NULL, 1, '', NULL, NULL, 0, '', '', '', '', 'S', '', 0, 'images/', '', '', 11),
(408, 1244, 109, 0, 0, 7, NULL, NULL, NULL, 1, '', NULL, NULL, 0, '', '', '', '', 'S', '', 0, 'images/', '', '', 11),
(409, 1243, 109, 0, 0, 7, NULL, NULL, NULL, 1, '', NULL, NULL, 0, '', '', '', '', 'S', '', 0, 'images/', '', '', 11),
(410, 1245, 112, 0, 0, 8, NULL, NULL, NULL, 1, '', NULL, NULL, 0, '', '', '', '', 'S', '', 0, 'images/', '', '', 11),
(411, 1246, 112, 0, 0, 8, NULL, NULL, NULL, 1, '', NULL, NULL, 0, '', '', '', '', 'S', '', 0, 'images/', '', '', 11),
(412, 1249, 121, 0, 0, 8, NULL, NULL, NULL, 1, '', NULL, NULL, 0, '', '', '', '', 'S', '', 0, 'images/', '', '', 11),
(413, 1247, 121, 0, 0, 8, NULL, NULL, NULL, 1, '', NULL, NULL, 0, '', '', '', '', 'S', '', 0, 'images/', '', '', 11),
(414, 1248, 121, 0, 0, 8, NULL, NULL, NULL, 1, '', NULL, NULL, 0, '', '', '', '', 'S', '', 0, 'images/', '', '', 11),
(415, 1257, 121, 0, 0, 8, NULL, NULL, NULL, 1, '', NULL, NULL, 0, '', '', '', '', 'S', '', 0, 'images/', '', '', 11),
(416, 1256, 121, 0, 0, 8, NULL, NULL, NULL, 1, '', NULL, NULL, 0, '', '', '', '', 'S', '', 0, 'images/', '', '', 11),
(417, 1258, 121, 0, 0, 8, NULL, NULL, NULL, 1, '', NULL, NULL, 0, '', '', '', '', 'S', '', 0, 'images/', '', '', 11),
(418, 1259, 121, 0, 0, 8, NULL, NULL, NULL, 1, '', NULL, NULL, 0, '', '', '', '', 'S', '', 0, 'images/', '', '', 11),
(419, 1260, 121, 0, 0, 8, NULL, NULL, NULL, 1, '', NULL, NULL, 0, '', '', '', '', 'S', '', 0, 'images/', '', '', 11),
(420, 1261, 121, 0, 0, 8, NULL, NULL, NULL, 1, '', NULL, NULL, 0, '', '', '', '', 'S', '', 0, 'images/', '', '', 11),
(421, 1251, 121, 0, 0, 8, NULL, NULL, NULL, 1, '', NULL, NULL, 0, '', '', '', '', 'S', '', 0, 'images/', '', '', 11),
(422, 1253, 121, 0, 0, 8, NULL, NULL, NULL, 1, '', NULL, NULL, 0, '', '', '', '', 'S', '', 0, 'images/', '', '', 11),
(423, 1253, 121, 0, 0, 8, NULL, NULL, NULL, 1, '', NULL, NULL, 0, '', '', '', '', 'S', '', 0, 'images/', '', '', 11),
(424, 1254, 121, 0, 0, 8, NULL, NULL, NULL, 1, '', NULL, NULL, 0, '', '', '', '', 'S', '', 0, 'images/', '', '', 11),
(425, 1255, 121, 0, 0, 8, NULL, NULL, NULL, 1, '', NULL, NULL, 0, '', '', '', '', 'S', '', 0, 'images/', '', '', 11),
(426, 0, 0, 0, 0, 8, NULL, NULL, NULL, 1, '', NULL, NULL, 1, '', '', '', '', 'S', '', 0, 'images/', '', '', 11),
(427, 1266, 121, 0, 0, 8, NULL, NULL, NULL, 1, '', NULL, NULL, 0, '', '', '', '', 'S', '', 0, 'images/', '', '', 11),
(428, 1267, 121, 0, 0, 8, NULL, NULL, NULL, 1, '', NULL, NULL, 0, '', '', '', '', 'S', '', 0, 'images/', '', '', 11),
(429, 1250, 121, 0, 0, 8, NULL, NULL, NULL, 1, '', NULL, NULL, 0, '', '', '', '', 'S', '', 0, 'images/', '', '', 11),
(430, 1252, 121, 0, 0, 8, NULL, NULL, NULL, 1, '', NULL, NULL, 0, '', '', '', '', 'S', '', 0, 'images/', '', '', 11),
(431, 1262, 121, 0, 0, 8, NULL, NULL, NULL, 1, '', NULL, NULL, 0, '', '', '', '', 'S', '', 0, 'images/', '', '', 11),
(432, 1263, 121, 0, 0, 8, NULL, NULL, NULL, 1, '', NULL, NULL, 0, '', '', '', '', 'S', '', 0, 'images/', '', '', 11),
(433, 1277, 121, 0, 0, 8, NULL, NULL, NULL, 1, '', NULL, NULL, 0, '', '', '', '', 'S', '', 0, 'images/', '', '', 11),
(434, 1278, 121, 0, 0, 8, NULL, NULL, NULL, 1, '', NULL, NULL, 0, '', '', '', '', 'S', '', 0, 'images/', '', '', 11),
(435, 1265, 121, 0, 0, 8, NULL, NULL, NULL, 1, '', NULL, NULL, 0, '', '', '', '', 'S', '', 0, 'images/', '', '', 11),
(436, 1264, 121, 0, 0, 8, NULL, NULL, NULL, 1, '', NULL, NULL, 0, '', '', '', '', 'S', '', 0, 'images/', '', '', 11),
(437, 1283, 121, 0, 0, 8, NULL, NULL, NULL, 1, '', NULL, NULL, 0, '', '', '', '', 'S', '', 0, 'images/', '', '', 11),
(438, 1284, 121, 0, 0, 8, NULL, NULL, NULL, 1, '', NULL, NULL, 0, '', '', '', '', 'S', '', 0, 'images/', '', '', 11),
(439, 1272, 121, 0, 0, 8, NULL, NULL, NULL, 1, '', NULL, NULL, 0, '', '', '', '', 'S', '', 0, 'images/', '', '', 11),
(440, 1271, 121, 0, 0, 8, NULL, NULL, NULL, 1, '', NULL, NULL, 0, '', '', '', '', 'S', '', 0, 'images/', '', '', 11),
(441, 1281, 121, 0, 0, 8, NULL, NULL, NULL, 1, '', NULL, NULL, 0, '', '', '', '', 'S', '', 0, 'images/', '', '', 11),
(442, 1282, 121, 0, 0, 8, NULL, NULL, NULL, 1, '', NULL, NULL, 0, '', '', '', '', 'S', '', 0, 'images/', '', '', 11),
(443, 1279, 121, 0, 0, 8, NULL, NULL, NULL, 1, '', NULL, NULL, 0, '', '', '', '', 'S', '', 0, 'images/', '', '', 11),
(444, 1280, 121, 0, 0, 8, NULL, NULL, NULL, 1, '', NULL, NULL, 0, '', '', '', '', 'S', '', 0, 'images/', '', '', 11),
(445, 1276, 121, 0, 0, 8, NULL, NULL, NULL, 1, '', NULL, NULL, 0, '', '', '', '', 'S', '', 0, 'images/', '', '', 11),
(446, 1275, 121, 0, 0, 8, NULL, NULL, NULL, 1, '', NULL, NULL, 0, '', '', '', '', 'S', '', 0, 'images/', '', '', 11),
(447, 1273, 121, 0, 0, 3, NULL, NULL, NULL, NULL, '', NULL, NULL, 0, '', '', '', '', 'S', '', 0, 'images/', '', '', 11),
(448, 1274, 121, 0, 0, 3, NULL, NULL, NULL, NULL, '', NULL, NULL, 0, '', '', '', '', 'S', '', 0, 'images/', '', '', 11),
(449, 1268, 121, 0, 0, 3, NULL, NULL, NULL, NULL, '', NULL, NULL, 0, '', '', '', '', 'S', '', 0, 'images/', '', '', 11),
(450, 1269, 121, 0, 0, 3, NULL, NULL, NULL, NULL, '', NULL, NULL, 0, '', '', '', '', 'S', '', 0, 'images/', '', '', 11),
(451, 1270, 121, 0, 0, 3, NULL, NULL, NULL, NULL, '', NULL, NULL, 0, '', '', '', '', 'S', '', 0, 'images/', '', '', 11),
(452, 1292, 123, 0, 51, 4, 17, 120, 70, 1, '', NULL, 4332, 0, 'MOTO - M/C 58W TL', '', '', '', 'S', '', 28, 'images/', '', '', 11),
(453, 1292, 123, 0, 51, 4, 17, 180, 55, 1, '', NULL, 5566, 0, 'MOTO - M/C 73W TL', '', '', '', 'S', '', 28, 'images/', '', '', 11),
(454, 1292, 123, 0, 51, 4, 17, 190, 50, 1, '', NULL, 5962, 0, 'MOTO - M/C 73W TL', '', '', '', 'S', '', 28, 'images/', '', '', 11),
(455, 1292, 123, 0, 51, 4, 17, 190, 55, 1, '', NULL, 6150, 0, 'MOTO - M/C 75W TL', '', '', '', 'S', '', 28, 'images/', '', '', 11),
(456, 1293, 123, 0, 51, 4, 17, 120, 70, 1, '', NULL, 4442, 0, 'MOTO - M/C 58W TL', '', '', '', 'S', '', 28, 'images/', '', '', 11),
(457, 1293, 123, 0, 51, 4, 17, 190, 55, 1, '', NULL, NULL, 0, 'MOTO - M/C 75W TL', '', '', '', 'S', '', 28, 'images/', '', '', 11),
(458, 1287, 123, 0, 51, 4, 19, 120, 70, 1, '', NULL, 4475, 0, 'MOTO - M/C 60V TL', '', '', '', 'S', '', 27, 'images/', '', '', 11),
(459, 1287, 123, 0, 51, 4, 17, 170, 60, 1, '', NULL, 5730, 0, 'MOTO - M/C 72V TL', '', '', '', 'S', '', 27, 'images/', '', '', 11),
(460, 1287, 123, 0, 51, 4, 21, 90, 90, 1, '', NULL, 2957, 0, 'MOTO - M/C 54H TL', '', '', '', 'S', '', 26, 'images/', '', '', 11),
(461, 1287, 123, 0, 51, 4, 18, 150, 70, 1, '', NULL, 6172, 0, 'MOTO - M/C 70W TL', '', '', '', 'S', '', 28, 'images/', '', '', 11),
(462, 1287, 123, 0, 51, 4, 17, 150, 70, 1, '', NULL, 5798, 0, 'MOTO - M/C 69V TL', '', '', '', 'S', '', 27, 'images/', '', '', 11),
(463, 1290, 123, 0, 51, 4, 17, 100, 80, 1, '', NULL, 1364, 0, 'MOTO - M/C 52P TL', '', '', '', 'S', '', 20, 'images/', '', '', 11),
(464, 1290, 123, 0, 51, 4, 17, 130, 70, 1, '', NULL, 1675, 0, 'MOTO - M/C 62H TL', '', '', '', 'S', '', 26, 'images/', '', '', 11),
(465, 1294, 123, 0, 51, 4, 17, 100, 80, 1, '', NULL, 1399, 0, 'MOTO - M/C 52H TL', '', '', '', 'S', '', 26, 'images/', '', '', 11),
(466, 1294, 123, 0, 51, 4, 17, 130, 70, 1, '', NULL, 1353, 0, 'MOTO - M/C 62H TL', '', '', '', 'S', '', 26, 'images/', '', '', 11),
(467, 1291, 123, 0, 51, 4, 19, 110, 80, 1, '', NULL, 4494, 0, 'MOTO - M/C 59V TL', '', '', '', 'S', '', 27, 'images/', '', '', 11),
(468, 1291, 123, 0, 51, 4, 17, 150, 70, 1, '', NULL, 5941, 0, 'MOTO - M/C 69V TL', '', '', '', 'S', '', 27, 'images/', '', '', 11),
(469, 1288, 123, 0, 51, 4, 19, 110, 80, 1, '', NULL, 4085, 0, 'MOTO - M/C 59Q TL TKC80', '', '', '', 'S', '', 21, 'images/', '', '', 11),
(470, 1288, 123, 0, 51, 4, 17, 150, 70, 1, '', NULL, 5025, 0, 'MOTO - M/C 69Q TT TKC80', '', '', '', 'S', '', 21, 'images/', '', '', 11),
(471, 1295, 123, 0, 51, 4, 17, 120, 70, 1, '', NULL, 2620, 0, 'MOTO - M/C 58W TL', '', '', '', 'S', '', 28, 'images/', '', '', 0),
(472, 1289, 123, 0, 51, 4, 17, 180, 55, 1, '', NULL, 2367, 0, 'MOTO - M/C 73W TL', '', '', '', 'S', '', 28, 'images/', '', '', 11),
(473, 1293, 123, 0, 51, 4, 17, 180, 55, 1, '', NULL, 3999, 0, '', '', '', '', 'S', '', 28, 'images/', '', '', 11),
(474, 1291, 123, 0, 51, 4, 19, 120, 70, 1, '', NULL, 5130, 0, '', '', '', '', 'S', '', 27, 'images/', '', '', 11),
(475, 1291, 123, 0, 51, 4, 17, 170, 60, 1, '', NULL, 5580, 0, '', '', '', '', 'S', '', 27, 'images/', '', '', 11),
(476, 1286, 124, 0, 10, 4, 17, 140, 80, 1, '', NULL, 2602.44, 0, 'MOTO', '', '', '', 'S', '', 26, 'images/', '', '', 11),
(477, 1286, 124, 0, 10, 4, 17, 130, 80, 1, '', NULL, 2529.77, 0, 'MOTO', '', '', '', 'S', '', 10, 'images/', '', '', 16),
(478, 1286, 124, 0, 10, 4, 21, 80, 90, 1, '', NULL, 1132.59, 0, 'MOTO', '', '', '', 'S', '', 10, 'images/', '', '', 16),
(479, 1286, 124, 0, 10, 4, 21, 90, 90, 1, '', NULL, 1332.3, 0, 'MOTO', '', '', '', 'S', '', 9, 'images/', '', '', 16),
(480, 1285, 124, 0, 10, 4, 17, 275, 80, 1, '', NULL, 747.27, 0, 'MOTO', '', '', '', 'S', '', 9, 'images/', '', '', 16),
(481, 1285, 124, 0, 10, 4, 17, 250, 80, 1, '', NULL, 717.63, 0, 'MOTO', '', '', '', 'S', '', 9, 'images/', '', '', 16),
(482, 1286, 124, 0, 10, 4, 18, 120, 80, 1, '', NULL, 2145.55, 0, 'MOTO', '', '', '', 'S', '', 9, 'images/', '', '', 16),
(483, 1285, 124, 0, 10, 4, 14, 80, 100, 1, '', NULL, 797.18, 0, 'MOTO', '', '', '', 'S', '', 9, 'images/', '', '', 16),
(484, 1285, 124, 0, 10, 4, 18, 90, 90, 1, '', NULL, 851.29, 0, 'MOTO', '', '', '', 'S', '', 9, 'images/', '', '', 16),
(485, 1285, 124, 0, 10, 4, 18, 275, 80, 1, '', NULL, 711.8, 0, 'MOTO', '', '', '', 'S', '', 9, 'images/', '', '', 16),
(486, 911, 85, 0, 0, 6, NULL, NULL, NULL, 1, '', NULL, NULL, 0, 'MANO DE OBRA', '', '', '', 'N', '', 0, 'images/', '', '', 11),
(487, 911, 85, 0, 0, 6, NULL, NULL, NULL, 1, '', NULL, NULL, 0, 'OTROS SERVICIOS', '', '', '', 'N', '', 0, 'images/', '', '', 11),
(488, 911, 85, 0, 0, 6, NULL, NULL, NULL, 1, '', NULL, NULL, 0, 'REPARACION DE LLANTAS', '', '', '', 'N', '', 0, 'images/', '', '', 11),
(489, 911, 85, 0, 0, 7, NULL, NULL, NULL, 1, '', NULL, 50, 0, 'VALVULAS', '', '', '', 'S', '', 0, 'images/', '', '', 11);

-- --------------------------------------------------------

--
-- Estructura de tabla para la tabla `proveedores`
--

CREATE TABLE IF NOT EXISTS `proveedores` (
  `prv_id` int(10) unsigned NOT NULL AUTO_INCREMENT,
  `prv_descripcion` text,
  `prv_estado` int(10) unsigned DEFAULT '0',
  `usu_id` int(10) DEFAULT NULL,
  PRIMARY KEY (`prv_id`)
) ENGINE=MyISAM  DEFAULT CHARSET=latin1 AUTO_INCREMENT=60 ;

--
-- Volcado de datos para la tabla `proveedores`
--

INSERT INTO `proveedores` (`prv_id`, `prv_descripcion`, `prv_estado`, `usu_id`) VALUES
(1, 'FORTALEIN', 0, NULL),
(2, 'MEGALLANTAS', 0, NULL),
(3, 'MULTIRUEDAS', 1, 11),
(4, 'GLOBAL GROUP', 1, 11),
(5, 'STYLELINE', 1, 11),
(6, 'ELEPECO', 1, 11),
(7, 'ITALBO', 1, 11),
(8, 'CORVEN', 0, NULL),
(9, 'GEVECO', 1, 11),
(10, 'NEUMEN', 0, NULL),
(11, 'OTROS', 0, NULL),
(12, 'ML', 1, 11),
(13, 'BALANCO', 1, 11),
(14, 'SUSP. DA NIEL SRL', 1, 11),
(15, 'GRUPO MK', 1, 11),
(16, 'VULCAMOIA MAR DEL PLATA SA', 1, 11),
(17, 'ITALIA NEUMATICOS', 1, 11),
(18, 'FEBRE SANTIAGO', 1, 11),
(19, 'BARDAHL LUBRICANTES', 0, NULL),
(20, 'TANGO PAMPA', 1, 11),
(21, 'LEVIS OLDANI NEUM SA', 1, 11),
(22, 'SAN JUAN 824 SRL', 1, 11),
(23, 'MANTELLO NEUMATICOS SA', 1, 11),
(24, 'RICARDO BARLOLI Y CIA SRL', 1, 11),
(25, 'VCM DISTRIBUCION SRL', 1, 11),
(26, 'NEUMATICOS GUERRERO', 1, 11),
(27, 'A. RUSSONIELLO SA', 1, 11),
(28, 'FIORANO NEUMATICOS (DURAND)', 1, 11),
(29, 'CHAMONIX SA', 1, 11),
(30, 'SALOTO NEUMATICOS', 1, 11),
(31, 'ROSENDO NEUMATICOS (BARRIOS)', 1, 11),
(32, 'NEUMASUR  SA', 1, 11),
(33, 'GUERRINI NEUMATICOS', 1, 11),
(34, 'TIGGERS', 1, 11),
(35, 'LUMIER AUTOMOTORES', 1, 11),
(36, 'CALZETTA NEUMATICOS SA', 1, 11),
(37, 'WAGEN SA ', 1, 11),
(38, 'QUICK SOLUTION', 1, 11),
(39, 'NIPPON', 1, 11),
(40, 'AUDI ZENTRUM PILAR', 1, 11),
(41, 'BARTOLI  NEUMATICOS', 1, 11),
(42, 'GALANTE D ANTONIO RENAULT', 1, 11),
(43, 'AUTOFRANCE SA', 1, 11),
(44, 'VICA NEUMATICOS ', 1, 11),
(45, 'NAMAX MOTORS', 1, 11),
(46, 'SAN JUAN Y SOLIS', 1, 11),
(47, 'SARACHO NEUMATICOS', 1, 11),
(48, 'GRUPO BS AIRES', 1, 11),
(49, 'DE SANTO SA', 1, 11),
(50, 'KNG NEUMATICOS SA', 1, 11),
(51, 'GLOBAL TYRES', 0, 11),
(52, 'NEUMATICOS GALLO', 1, 11),
(53, 'CAR GOUP', 1, 11),
(54, 'DIETRICH', 1, 11),
(55, 'FAS MOTOS', 0, 11),
(56, 'A CHIUCHICH SAIC Y F', 0, 11),
(57, 'TERCOM SRL', 0, 11),
(58, 'EPSA', 0, 11),
(59, 'INTERCAP', 0, 11);

-- --------------------------------------------------------

--
-- Estructura de tabla para la tabla `roles`
--

CREATE TABLE IF NOT EXISTS `roles` (
  `rol_id` int(10) unsigned NOT NULL AUTO_INCREMENT,
  `rol_descripcion` text,
  `rol_estado` int(10) unsigned DEFAULT '0',
  `usu_id` int(10) DEFAULT NULL,
  PRIMARY KEY (`rol_id`)
) ENGINE=MyISAM  DEFAULT CHARSET=latin1 AUTO_INCREMENT=8 ;

--
-- Volcado de datos para la tabla `roles`
--

INSERT INTO `roles` (`rol_id`, `rol_descripcion`, `rol_estado`, `usu_id`) VALUES
(1, 'SuperAdmin', 0, 13),
(2, 'Administrador', 0, 11),
(3, 'Encargado-Vendedor', 0, 11),
(4, 'Seguridad', 0, NULL),
(5, 'ENCARGADO-ADM', 0, 11),
(6, 'CAJA', 0, 11),
(7, 'ADMINISTRACION', 0, 11);

-- --------------------------------------------------------

--
-- Estructura de tabla para la tabla `roles_x_usuario`
--

CREATE TABLE IF NOT EXISTS `roles_x_usuario` (
  `rxu_id` int(10) unsigned NOT NULL AUTO_INCREMENT,
  `rol_id` int(10) unsigned NOT NULL DEFAULT '0',
  `usu_id` int(10) unsigned NOT NULL DEFAULT '0',
  `rxu_estado` int(10) DEFAULT '0',
  `usu_id_audit` int(10) DEFAULT NULL,
  PRIMARY KEY (`rxu_id`),
  KEY `roles_x_usuario_FKIndex1` (`usu_id`),
  KEY `roles_x_usuario_FKIndex2` (`rol_id`)
) ENGINE=MyISAM  DEFAULT CHARSET=latin1 AUTO_INCREMENT=25 ;

--
-- Volcado de datos para la tabla `roles_x_usuario`
--

INSERT INTO `roles_x_usuario` (`rxu_id`, `rol_id`, `usu_id`, `rxu_estado`, `usu_id_audit`) VALUES
(1, 1, 1, 0, NULL),
(11, 1, 11, 0, NULL),
(22, 7, 23, 0, 11),
(23, 6, 18, 0, 11),
(24, 1, 12, 0, NULL);

-- --------------------------------------------------------

--
-- Estructura de tabla para la tabla `seguridad`
--

CREATE TABLE IF NOT EXISTS `seguridad` (
  `SEG_ID` int(10) NOT NULL AUTO_INCREMENT,
  `SEG_USER` varchar(255) NOT NULL DEFAULT '',
  `SEG_PASS` varchar(255) DEFAULT NULL,
  `SEG_ESTADO` int(10) NOT NULL DEFAULT '0',
  `usu_id` int(10) DEFAULT NULL,
  PRIMARY KEY (`SEG_ID`)
) ENGINE=MyISAM  DEFAULT CHARSET=latin1 AUTO_INCREMENT=2 ;

--
-- Volcado de datos para la tabla `seguridad`
--

INSERT INTO `seguridad` (`SEG_ID`, `SEG_USER`, `SEG_PASS`, `SEG_ESTADO`, `usu_id`) VALUES
(1, 'admin', '3553371ed524a7fc2e3fb339346368f3', 0, NULL);

-- --------------------------------------------------------

--
-- Estructura de tabla para la tabla `stock_mensual`
--

CREATE TABLE IF NOT EXISTS `stock_mensual` (
  `stm_id` int(10) unsigned NOT NULL AUTO_INCREMENT,
  `suc_id` int(10) unsigned NOT NULL DEFAULT '0',
  `pro_id` int(10) unsigned NOT NULL DEFAULT '0',
  `stm_fecha` date DEFAULT NULL,
  `stm_cantidad` int(10) unsigned DEFAULT NULL,
  `usu_id` int(10) DEFAULT NULL,
  `fecha` timestamp NOT NULL DEFAULT CURRENT_TIMESTAMP,
  PRIMARY KEY (`stm_id`),
  KEY `stock_mensual_FKIndex1` (`pro_id`),
  KEY `stock_mensual_FKIndex2` (`suc_id`)
) ENGINE=MyISAM  DEFAULT CHARSET=latin1 AUTO_INCREMENT=247 ;

--
-- Volcado de datos para la tabla `stock_mensual`
--

INSERT INTO `stock_mensual` (`stm_id`, `suc_id`, `pro_id`, `stm_fecha`, `stm_cantidad`, `usu_id`, `fecha`) VALUES
(1, 5, 1, '2017-06-27', 36, 11, '2017-06-27 23:23:07'),
(2, 5, 2, '2017-06-27', 36, 11, '2017-06-27 23:40:00'),
(3, 5, 3, '2017-06-27', 72, 11, '2017-06-27 23:49:29'),
(4, 5, 4, '2017-06-28', 36, 11, '2017-06-28 22:03:13'),
(5, 5, 5, '2017-06-28', 36, 11, '2017-06-28 19:47:34'),
(6, 5, 6, '2017-06-29', 36, 11, '2017-06-29 16:50:11'),
(7, 5, 7, '2017-06-29', 36, 11, '2017-06-29 16:50:11'),
(8, 5, 8, '2017-06-29', 36, 11, '2017-06-29 16:50:11'),
(9, 5, 9, '2017-06-29', 36, 11, '2017-06-29 16:50:11'),
(10, 5, 10, '2017-06-29', 36, 11, '2017-06-29 16:50:11'),
(11, 5, 11, '2017-06-29', 3600, 11, '2017-06-29 17:13:19'),
(12, 5, 12, '2017-06-29', 5, 11, '2017-06-29 17:25:36'),
(13, 5, 13, '2017-06-29', 5, 11, '2017-06-29 17:25:36'),
(14, 5, 14, '2017-06-29', 5, 11, '2017-06-29 17:25:36'),
(15, 5, 15, '2017-06-29', 5, 11, '2017-06-29 17:25:36'),
(16, 5, 16, '2017-06-29', 5, 11, '2017-06-29 17:25:36'),
(17, 5, 17, '2017-06-29', 5, 11, '2017-06-29 17:25:36'),
(18, 5, 18, '2017-06-29', 5, 11, '2017-06-29 17:25:36'),
(19, 5, 19, '2017-06-29', 5, 11, '2017-06-29 17:25:36'),
(20, 5, 20, '2017-06-29', 5, 11, '2017-06-29 17:25:36'),
(21, 5, 21, '2017-06-29', 5, 11, '2017-06-29 17:25:36'),
(22, 5, 22, '2017-06-29', 5, 11, '2017-06-29 17:25:36'),
(23, 5, 23, '2017-06-29', 5, 11, '2017-06-29 17:25:36'),
(24, 5, 24, '2017-06-29', 5, 11, '2017-06-29 17:25:36'),
(25, 5, 25, '2017-06-29', 5, 11, '2017-06-29 17:25:36'),
(26, 5, 26, '2017-06-29', 5, 11, '2017-06-29 17:25:36'),
(27, 5, 27, '2017-06-29', 4, 11, '2017-06-29 18:20:48'),
(28, 5, 28, '2017-06-29', 4, 11, '2017-06-29 18:20:48'),
(29, 5, 29, '2017-06-29', 4, 11, '2017-06-29 18:20:48'),
(30, 5, 30, '2017-06-29', 4, 11, '2017-06-29 18:20:48'),
(31, 5, 31, '2017-06-29', 4, 11, '2017-06-29 18:20:48'),
(32, 5, 32, '2017-06-29', 4, 11, '2017-06-29 18:20:48'),
(33, 5, 33, '2017-06-29', 4, 11, '2017-06-29 18:20:48'),
(34, 5, 34, '2017-06-29', 4, 11, '2017-06-29 18:20:48'),
(35, 5, 35, '2017-06-29', 4, 11, '2017-06-29 18:20:48'),
(36, 5, 36, '2017-06-29', 4, 11, '2017-06-29 18:20:48'),
(37, 5, 37, '2017-06-29', 4, 11, '2017-06-29 18:20:49'),
(38, 5, 38, '2017-06-29', 4, 11, '2017-06-29 18:20:49'),
(39, 5, 39, '2017-06-29', 10, 11, '2017-06-29 18:20:49'),
(40, 5, 40, '2017-06-29', 4, 11, '2017-06-29 18:29:17'),
(41, 5, 41, '2017-06-29', 1, 11, '2017-06-29 19:39:01'),
(42, 5, 42, '2017-06-29', 1, 11, '2017-06-29 19:39:01'),
(43, 5, 43, '2017-06-29', 1, 11, '2017-06-29 19:39:01'),
(44, 5, 44, '2017-06-29', 2, 11, '2017-06-29 19:39:01'),
(45, 5, 45, '2017-06-29', 2, 11, '2017-06-29 19:39:01'),
(46, 5, 46, '2017-06-29', 2, 11, '2017-06-29 19:39:01'),
(47, 5, 47, '2017-06-29', 2, 11, '2017-06-29 19:39:01'),
(48, 5, 48, '2017-06-29', 2, 11, '2017-06-29 19:39:01'),
(49, 5, 49, '2017-06-29', 1, 11, '2017-06-29 19:39:01'),
(50, 5, 50, '2017-06-29', 1, 11, '2017-06-29 19:39:01'),
(51, 5, 51, '2017-06-29', 2, 11, '2017-06-29 19:39:01'),
(52, 5, 52, '2017-06-29', 1, 11, '2017-06-29 19:39:01'),
(53, 5, 53, '2017-06-29', 6, 11, '2017-06-29 19:39:01'),
(54, 5, 54, '2017-06-29', 6, 11, '2017-06-29 19:39:01'),
(55, 5, 55, '2017-06-29', 4, 11, '2017-06-29 19:39:01'),
(56, 5, 56, '2017-06-29', 2, 11, '2017-06-29 19:39:01'),
(57, 5, 57, '2017-06-29', 2, 11, '2017-06-29 19:39:01'),
(58, 5, 58, '2017-06-30', 60, 11, '2017-06-30 16:26:11'),
(59, 5, 59, '2017-06-30', 10, 11, '2017-06-30 16:26:11'),
(60, 5, 60, '2017-06-30', 10, 11, '2017-06-30 16:26:11'),
(61, 5, 61, '2017-06-30', 20, 11, '2017-06-30 16:26:11'),
(62, 5, 62, '2017-07-08', 2, 11, '2017-07-08 14:21:28'),
(63, 5, 63, '2017-07-08', 2, 11, '2017-07-08 14:21:28'),
(64, 5, 64, '2017-07-08', 2, 11, '2017-07-08 14:21:28'),
(65, 5, 65, '2017-07-08', 2, 11, '2017-07-08 14:21:28'),
(66, 5, 66, '2017-07-08', 2, 11, '2017-07-08 14:21:28'),
(67, 5, 67, '2017-07-08', 2, 11, '2017-07-08 14:21:28'),
(68, 5, 68, '2017-07-08', 2, 11, '2017-07-08 14:21:28'),
(69, 5, 69, '2017-07-08', 2, 11, '2017-07-08 14:21:28'),
(70, 5, 70, '2017-07-08', 1, 11, '2017-07-08 14:21:28'),
(71, 5, 71, '2017-07-08', 1, 11, '2017-07-08 14:21:28'),
(72, 5, 72, '2017-07-08', 4, 11, '2017-07-08 14:21:28'),
(73, 5, 73, '2017-07-08', 1, 11, '2017-07-08 14:21:28'),
(74, 5, 74, '2017-07-08', 2, 11, '2017-07-08 14:21:28'),
(75, 5, 75, '2017-07-08', 2, 11, '2017-07-08 14:21:28'),
(76, 5, 76, '2017-07-08', 2, 11, '2017-07-08 14:21:28'),
(77, 5, 77, '2017-07-08', 1, 11, '2017-07-08 14:21:28'),
(78, 5, 78, '2017-07-08', 1, 11, '2017-07-08 14:21:28'),
(79, 5, 79, '2017-07-08', 2, 11, '2017-07-08 14:21:28'),
(80, 5, 80, '2017-07-08', 6, 11, '2017-07-08 14:21:28'),
(81, 5, 81, '2017-07-08', 4, 11, '2017-07-08 14:21:28'),
(82, 5, 82, '2017-07-08', 2, 11, '2017-07-08 14:21:28'),
(83, 5, 83, '2017-07-08', 2, 11, '2017-07-08 14:21:28'),
(84, 5, 84, '2017-07-08', 2, 11, '2017-07-08 14:21:28'),
(85, 5, 85, '2017-07-08', 10, 11, '2017-07-08 14:21:28'),
(86, 5, 86, '2017-07-08', 30, 11, '2017-07-08 14:21:28'),
(87, 5, 87, '2017-07-08', 2, 11, '2017-07-08 15:03:36'),
(88, 5, 88, '2017-07-08', 1, 11, '2017-07-08 15:03:36'),
(89, 5, 89, '2017-07-08', 1, 11, '2017-07-08 15:03:36'),
(90, 5, 90, '2017-07-08', 2, 11, '2017-07-08 15:03:36'),
(91, 5, 91, '2017-07-08', 1, 11, '2017-07-08 15:03:36'),
(92, 5, 92, '2017-07-08', 4, 11, '2017-07-08 15:03:36'),
(93, 5, 93, '2017-07-08', 4, 11, '2017-07-08 15:03:36'),
(94, 5, 94, '2017-07-08', 2, 11, '2017-07-08 15:03:36'),
(95, 5, 95, '2017-07-08', 4, 11, '2017-07-08 15:03:36'),
(96, 5, 96, '2017-07-08', 4, 11, '2017-07-08 15:03:36'),
(97, 5, 97, '2017-07-08', 2, 11, '2017-07-08 15:03:36'),
(98, 5, 98, '2017-07-08', 2, 11, '2017-07-08 15:03:36'),
(99, 5, 99, '2017-07-08', 2, 11, '2017-07-08 15:03:36'),
(100, 5, 100, '2017-07-08', 2, 11, '2017-07-08 15:03:36'),
(101, 5, 101, '2017-07-08', 50, 11, '2017-07-08 15:03:36'),
(102, 5, 102, '2017-07-08', 30, 11, '2017-07-08 15:03:36'),
(103, 5, 103, '2017-07-08', 30, 11, '2017-07-08 15:03:36'),
(104, 5, 104, '2017-07-08', 50, 11, '2017-07-08 15:03:36'),
(105, 5, 44, '2017-07-08', 5, 11, '2017-07-08 15:13:09'),
(106, 5, 105, '2017-07-08', 1, 11, '2017-07-08 15:13:10'),
(107, 5, 106, '2017-07-08', 1, 11, '2017-07-08 15:13:10'),
(108, 5, 107, '2017-07-08', 1, 11, '2017-07-08 15:21:42'),
(109, 5, 108, '2017-07-08', 2, 11, '2017-07-08 15:21:42'),
(110, 5, 109, '2017-07-08', 2, 11, '2017-07-08 15:21:42'),
(111, 5, 110, '2017-07-08', 2, 11, '2017-07-08 15:21:42'),
(112, 5, 111, '2017-07-08', 2, 11, '2017-07-08 15:21:42'),
(113, 7, 112, '2017-07-08', 3, 11, '2017-07-08 18:40:16'),
(114, 7, 114, '2017-07-08', 1, 11, '2017-07-08 18:40:16'),
(115, 7, 116, '2017-07-08', 3, 11, '2017-07-08 18:40:16'),
(116, 7, 119, '2017-07-08', 2, 11, '2017-07-08 18:40:16'),
(117, 7, 140, '2017-07-08', 1, 11, '2017-07-08 18:40:16'),
(118, 7, 142, '2017-07-08', 1, 11, '2017-07-08 18:40:16'),
(119, 7, 143, '2017-07-08', 1, 11, '2017-07-08 18:40:16'),
(120, 7, 146, '2017-07-08', 1, 11, '2017-07-08 18:40:16'),
(121, 7, 147, '2017-07-08', 1, 11, '2017-07-08 18:40:16'),
(122, 7, 150, '2017-07-08', 1, 11, '2017-07-08 18:40:16'),
(123, 7, 151, '2017-07-08', 1, 11, '2017-07-08 18:40:16'),
(124, 7, 154, '2017-07-08', 2, 11, '2017-07-08 18:40:16'),
(125, 7, 155, '2017-07-08', 1, 11, '2017-07-08 18:40:16'),
(126, 7, 156, '2017-07-08', 1, 11, '2017-07-08 18:40:16'),
(127, 7, 157, '2017-07-08', 2, 11, '2017-07-08 18:40:16'),
(128, 7, 160, '2017-07-08', 2, 11, '2017-07-08 18:40:16'),
(129, 7, 164, '2017-07-08', 2, 11, '2017-07-08 18:40:16'),
(130, 7, 165, '2017-07-08', 1, 11, '2017-07-08 18:40:16'),
(131, 7, 167, '2017-07-08', 1, 11, '2017-07-08 18:40:16'),
(132, 7, 168, '2017-07-08', 1, 11, '2017-07-08 18:40:16'),
(133, 7, 171, '2017-07-08', 1, 11, '2017-07-08 18:40:16'),
(134, 7, 172, '2017-07-08', 1, 11, '2017-07-08 18:40:16'),
(135, 7, 175, '2017-07-08', 1, 11, '2017-07-08 18:40:16'),
(136, 7, 176, '2017-07-08', 1, 11, '2017-07-08 18:40:16'),
(137, 5, 112, '2017-07-08', 1, 11, '2017-07-08 18:56:02'),
(138, 5, 113, '2017-07-08', 1, 11, '2017-07-08 18:56:02'),
(139, 5, 114, '2017-07-08', 1, 11, '2017-07-08 18:56:02'),
(140, 5, 115, '2017-07-08', 1, 11, '2017-07-08 18:56:02'),
(141, 5, 116, '2017-07-08', 1, 11, '2017-07-08 18:56:02'),
(142, 5, 117, '2017-07-08', 1, 11, '2017-07-08 18:56:02'),
(143, 5, 118, '2017-07-08', 2, 11, '2017-07-08 18:56:02'),
(144, 5, 119, '2017-07-08', 1, 11, '2017-07-08 18:56:02'),
(145, 5, 120, '2017-07-08', 1, 11, '2017-07-08 18:56:02'),
(146, 5, 121, '2017-07-08', 1, 11, '2017-07-08 18:56:02'),
(147, 5, 122, '2017-07-08', 1, 11, '2017-07-08 18:56:02'),
(148, 5, 123, '2017-07-08', 1, 11, '2017-07-08 18:56:02'),
(149, 5, 124, '2017-07-08', 1, 11, '2017-07-08 18:56:02'),
(150, 5, 125, '2017-07-08', 1, 11, '2017-07-08 18:56:02'),
(151, 5, 126, '2017-07-08', 1, 11, '2017-07-08 18:56:02'),
(152, 5, 127, '2017-07-08', 1, 11, '2017-07-08 18:56:02'),
(153, 5, 128, '2017-07-08', 1, 11, '2017-07-08 18:56:02'),
(154, 5, 129, '2017-07-08', 1, 11, '2017-07-08 18:56:02'),
(155, 5, 130, '2017-07-08', 1, 11, '2017-07-08 18:56:02'),
(156, 5, 131, '2017-07-08', 1, 11, '2017-07-08 18:56:02'),
(157, 5, 132, '2017-07-08', 1, 11, '2017-07-08 18:56:02'),
(158, 5, 133, '2017-07-08', 1, 11, '2017-07-08 18:56:02'),
(159, 5, 134, '2017-07-08', 1, 11, '2017-07-08 18:56:02'),
(160, 5, 135, '2017-07-08', 1, 11, '2017-07-08 18:56:02'),
(161, 5, 136, '2017-07-08', 1, 11, '2017-07-08 18:56:02'),
(162, 5, 137, '2017-07-08', 1, 11, '2017-07-08 18:56:02'),
(163, 5, 138, '2017-07-08', 1, 11, '2017-07-08 18:56:02'),
(164, 5, 139, '2017-07-08', 1, 11, '2017-07-08 18:56:02'),
(165, 5, 140, '2017-07-08', 1, 11, '2017-07-08 18:56:02'),
(166, 5, 141, '2017-07-08', 1, 11, '2017-07-08 18:56:02'),
(167, 5, 142, '2017-07-08', 1, 11, '2017-07-08 18:56:02'),
(168, 5, 143, '2017-07-08', 1, 11, '2017-07-08 18:56:02'),
(169, 5, 144, '2017-07-08', 1, 11, '2017-07-08 18:56:02'),
(170, 5, 145, '2017-07-08', 1, 11, '2017-07-08 18:56:02'),
(171, 5, 146, '2017-07-08', 1, 11, '2017-07-08 18:56:02'),
(172, 5, 147, '2017-07-08', 1, 11, '2017-07-08 18:56:02'),
(173, 5, 148, '2017-07-08', 1, 11, '2017-07-08 18:56:02'),
(174, 5, 149, '2017-07-08', 1, 11, '2017-07-08 18:56:02'),
(175, 5, 150, '2017-07-08', 1, 11, '2017-07-08 18:56:02'),
(176, 5, 151, '2017-07-08', 1, 11, '2017-07-08 18:56:02'),
(177, 5, 152, '2017-07-08', 1, 11, '2017-07-08 18:56:02'),
(178, 5, 153, '2017-07-08', 1, 11, '2017-07-08 18:56:02'),
(179, 5, 154, '2017-07-08', 1, 11, '2017-07-08 18:56:02'),
(180, 5, 155, '2017-07-08', 1, 11, '2017-07-08 18:56:02'),
(181, 5, 156, '2017-07-08', 1, 11, '2017-07-08 18:56:02'),
(182, 5, 157, '2017-07-08', 1, 11, '2017-07-08 18:56:02'),
(183, 5, 158, '2017-07-08', 1, 11, '2017-07-08 18:56:02'),
(184, 5, 159, '2017-07-08', 1, 11, '2017-07-08 18:56:02'),
(185, 5, 160, '2017-07-08', 1, 11, '2017-07-08 18:56:02'),
(186, 5, 161, '2017-07-08', 1, 11, '2017-07-08 18:56:02'),
(187, 5, 162, '2017-07-08', 1, 11, '2017-07-08 18:56:02'),
(188, 5, 163, '2017-07-08', 1, 11, '2017-07-08 18:56:02'),
(189, 5, 164, '2017-07-08', 1, 11, '2017-07-08 18:56:02'),
(190, 5, 165, '2017-07-08', 1, 11, '2017-07-08 18:56:02'),
(191, 5, 166, '2017-07-08', 1, 11, '2017-07-08 18:56:02'),
(192, 5, 167, '2017-07-08', 1, 11, '2017-07-08 18:56:02'),
(193, 5, 168, '2017-07-08', 1, 11, '2017-07-08 18:56:02'),
(194, 5, 169, '2017-07-08', 1, 11, '2017-07-08 18:56:02'),
(195, 5, 170, '2017-07-08', 1, 11, '2017-07-08 18:56:02'),
(196, 5, 171, '2017-07-08', 1, 11, '2017-07-08 18:56:02'),
(197, 5, 172, '2017-07-08', 1, 11, '2017-07-08 18:56:02'),
(198, 5, 173, '2017-07-08', 1, 11, '2017-07-08 18:56:02'),
(199, 5, 174, '2017-07-08', 1, 11, '2017-07-08 18:56:02'),
(200, 5, 175, '2017-07-08', 1, 11, '2017-07-08 18:56:02'),
(201, 5, 176, '2017-07-08', 1, 11, '2017-07-08 18:56:02'),
(202, 5, 177, '2017-07-08', 1, 11, '2017-07-08 18:56:02'),
(203, 5, 58, '2017-07-10', 0, 11, '2017-07-10 14:42:14'),
(204, 5, 59, '2017-07-10', 0, 11, '2017-07-10 14:42:14'),
(205, 5, 60, '2017-07-10', 0, 11, '2017-07-10 14:42:14'),
(206, 5, 61, '2017-07-10', 0, 11, '2017-07-10 14:42:14'),
(207, 5, 178, '2017-08-08', 6, 11, '2017-08-08 18:48:37'),
(208, 5, 478, '2017-09-10', 2, 11, '2017-09-10 15:58:53'),
(209, 5, 483, '2017-09-10', 2, 11, '2017-09-10 15:58:53'),
(210, 5, 479, '2017-09-10', 1, 11, '2017-09-10 15:58:53'),
(211, 5, 484, '2017-09-10', 2, 11, '2017-09-10 15:58:53'),
(212, 5, 482, '2017-09-10', 2, 11, '2017-09-10 15:58:53'),
(213, 5, 476, '2017-09-10', 2, 11, '2017-09-10 15:58:53'),
(214, 5, 481, '2017-09-10', 2, 11, '2017-09-10 15:58:53'),
(215, 5, 480, '2017-09-10', 2, 11, '2017-09-10 15:58:53'),
(216, 5, 485, '2017-09-10', 2, 11, '2017-09-10 15:58:53'),
(217, 5, 477, '2017-09-10', 2, 11, '2017-09-10 15:58:53'),
(218, 5, 460, '2017-09-10', 2, 11, '2017-09-10 19:34:20'),
(219, 5, 463, '2017-09-10', 2, 11, '2017-09-10 19:34:20'),
(220, 5, 465, '2017-09-10', 1, 11, '2017-09-10 19:34:20'),
(221, 5, 467, '2017-09-10', 2, 11, '2017-09-10 19:34:20'),
(222, 5, 469, '2017-09-10', 2, 11, '2017-09-10 19:34:20'),
(223, 5, 471, '2017-09-10', 2, 11, '2017-09-10 19:34:20'),
(224, 5, 456, '2017-09-10', 2, 11, '2017-09-10 19:43:46'),
(225, 5, 452, '2017-09-10', 3, 11, '2017-09-10 19:43:46'),
(226, 5, 474, '2017-09-10', 2, 11, '2017-09-10 19:43:46'),
(227, 5, 458, '2017-09-10', 2, 11, '2017-09-10 19:43:46'),
(228, 5, 464, '2017-09-10', 2, 11, '2017-09-10 19:43:46'),
(229, 5, 466, '2017-09-10', 1, 11, '2017-09-10 19:43:46'),
(230, 5, 468, '2017-09-10', 2, 11, '2017-09-10 19:43:46'),
(231, 5, 470, '2017-09-10', 2, 11, '2017-09-10 19:43:46'),
(232, 5, 461, '2017-09-10', 1, 11, '2017-09-10 19:43:46'),
(233, 5, 462, '2017-09-10', 1, 11, '2017-09-10 19:43:46'),
(234, 5, 475, '2017-09-10', 2, 11, '2017-09-10 19:43:46'),
(235, 5, 459, '2017-09-10', 2, 11, '2017-09-10 19:43:46'),
(236, 5, 472, '2017-09-10', 2, 11, '2017-09-10 19:43:46'),
(237, 5, 473, '2017-09-10', 1, 11, '2017-09-10 19:43:46'),
(238, 5, 453, '2017-09-10', 1, 11, '2017-09-10 19:43:46'),
(239, 5, 457, '2017-09-10', 1, 11, '2017-09-10 19:43:46'),
(240, 5, 454, '2017-09-10', 1, 11, '2017-09-10 19:43:46'),
(241, 5, 455, '2017-09-10', 1, 11, '2017-09-10 19:43:46'),
(242, 5, 486, '2017-09-12', 0, 11, '2017-09-12 19:03:52'),
(243, 5, 487, '2017-09-12', 0, 11, '2017-09-12 19:03:52'),
(244, 5, 485, '2017-09-12', 1, 11, '2017-09-12 19:03:52'),
(245, 5, 182, '2017-09-16', 90, 11, '2017-09-16 13:26:00'),
(246, 5, 489, '2017-09-16', 20, 11, '2017-09-16 13:26:00');

-- --------------------------------------------------------

--
-- Estructura de tabla para la tabla `sucursales`
--

CREATE TABLE IF NOT EXISTS `sucursales` (
  `suc_id` int(10) unsigned NOT NULL AUTO_INCREMENT,
  `suc_descripcion` text,
  `suc_calle` varchar(255) DEFAULT NULL,
  `suc_numero` varchar(255) DEFAULT NULL,
  `suc_piso` varchar(255) DEFAULT NULL,
  `suc_departamento` varchar(255) DEFAULT NULL,
  `suc_codigo_postal` varchar(255) DEFAULT NULL,
  `suc_ciudad` varchar(255) DEFAULT NULL,
  `suc_provincia` varchar(255) DEFAULT NULL,
  `suc_telefono1` varchar(255) DEFAULT NULL,
  `suc_telefono2` varchar(255) DEFAULT NULL,
  `suc_rubro` varchar(255) DEFAULT NULL,
  `suc_numero_sucursal` varchar(255) DEFAULT NULL,
  `suc_ultima_factura` int(11) DEFAULT '0',
  `suc_ultima_nc` int(11) DEFAULT '0',
  `suc_ultima_nd` int(11) DEFAULT '0',
  `suc_ultimo_recibo` int(11) DEFAULT '0',
  `suc_estado` int(10) unsigned DEFAULT '0',
  `suc_mail` varchar(200) DEFAULT NULL,
  `usu_id` int(10) DEFAULT NULL,
  PRIMARY KEY (`suc_id`)
) ENGINE=MyISAM  DEFAULT CHARSET=latin1 AUTO_INCREMENT=8 ;

--
-- Volcado de datos para la tabla `sucursales`
--

INSERT INTO `sucursales` (`suc_id`, `suc_descripcion`, `suc_calle`, `suc_numero`, `suc_piso`, `suc_departamento`, `suc_codigo_postal`, `suc_ciudad`, `suc_provincia`, `suc_telefono1`, `suc_telefono2`, `suc_rubro`, `suc_numero_sucursal`, `suc_ultima_factura`, `suc_ultima_nc`, `suc_ultima_nd`, `suc_ultimo_recibo`, `suc_estado`, `suc_mail`, `usu_id`) VALUES
(5, 'FOREST 840', 'FOREST', '840', '', '', '', 'CABA', '', '', '', 'GOMERIA', '', 0, 0, 0, 0, 0, 'info@megallantas.com.ar', 11),
(7, 'DEPOSITO', '', '', '', '', '', 'SAN MARTIN', '', '', '', 'DEPOSITO', '', 0, 0, 0, 0, 0, '', 11);

-- --------------------------------------------------------

--
-- Estructura de tabla para la tabla `sucursales_x_usuario`
--

CREATE TABLE IF NOT EXISTS `sucursales_x_usuario` (
  `sxu_id` int(10) unsigned NOT NULL AUTO_INCREMENT,
  `suc_id` int(10) unsigned NOT NULL DEFAULT '0',
  `usu_id` int(10) unsigned NOT NULL DEFAULT '0',
  `sxu_estado` int(10) DEFAULT '0',
  `usu_id_audit` int(10) DEFAULT NULL,
  PRIMARY KEY (`sxu_id`),
  KEY `sucursales_x_usuario_FKIndex1` (`suc_id`),
  KEY `sucursales_x_usuario_FKIndex2` (`usu_id`)
) ENGINE=MyISAM  DEFAULT CHARSET=latin1 AUTO_INCREMENT=21 ;

--
-- Volcado de datos para la tabla `sucursales_x_usuario`
--

INSERT INTO `sucursales_x_usuario` (`sxu_id`, `suc_id`, `usu_id`, `sxu_estado`, `usu_id_audit`) VALUES
(18, 5, 18, 0, 11),
(19, 5, 23, 0, 11),
(20, 7, 23, 0, 11);

-- --------------------------------------------------------

--
-- Estructura de tabla para la tabla `tipo_movimientos`
--

CREATE TABLE IF NOT EXISTS `tipo_movimientos` (
  `tim_id` int(10) unsigned NOT NULL AUTO_INCREMENT,
  `tim_descripcion` varchar(255) DEFAULT NULL,
  `tim_suma` varchar(20) DEFAULT NULL,
  `tim_estado` int(10) NOT NULL DEFAULT '0',
  `usu_id` int(10) DEFAULT NULL,
  PRIMARY KEY (`tim_id`)
) ENGINE=MyISAM  DEFAULT CHARSET=latin1 AUTO_INCREMENT=3 ;

--
-- Volcado de datos para la tabla `tipo_movimientos`
--

INSERT INTO `tipo_movimientos` (`tim_id`, `tim_descripcion`, `tim_suma`, `tim_estado`, `usu_id`) VALUES
(1, 'Ingreso', NULL, 0, NULL),
(2, 'Egreso', NULL, 0, NULL);

-- --------------------------------------------------------

--
-- Estructura de tabla para la tabla `tipo_pagos`
--

CREATE TABLE IF NOT EXISTS `tipo_pagos` (
  `tpg_id` int(10) unsigned NOT NULL AUTO_INCREMENT,
  `tpg_descripcion` text,
  `tpg_ch` int(11) NOT NULL DEFAULT '1' COMMENT 'forma de pago que se usa en mdulo de cheques',
  `tpg_ot` int(11) NOT NULL DEFAULT '0' COMMENT 'formas de pago utilizadas en las ot',
  `tpg_estado` int(10) unsigned NOT NULL DEFAULT '0',
  `usu_id` int(10) DEFAULT NULL,
  PRIMARY KEY (`tpg_id`)
) ENGINE=MyISAM  DEFAULT CHARSET=latin1 AUTO_INCREMENT=10 ;

--
-- Volcado de datos para la tabla `tipo_pagos`
--

INSERT INTO `tipo_pagos` (`tpg_id`, `tpg_descripcion`, `tpg_ch`, `tpg_ot`, `tpg_estado`, `usu_id`) VALUES
(1, 'Cheque Propio Megallantas', 0, 1, 0, 11),
(2, 'Cheque  Terceros', 0, 0, 0, 11),
(3, 'Cuenta Corriente', 1, 0, 0, 11),
(4, 'Contado Efectivo', 1, 0, 0, 11),
(5, 'Tarjeta de Credito VISA', 1, 0, 0, 11),
(6, 'Tarjeta de Credito MASTERCARD', 1, 0, 0, 11),
(7, 'Tarjeta de Credito AMERICAN EXPRES', 1, 0, 0, 11),
(8, 'Tarjeta de Credito MAESTRO', 1, 0, 0, 11),
(9, 'Tarjeta de Credito CABAL', 1, 0, 0, 11);

-- --------------------------------------------------------

--
-- Estructura de tabla para la tabla `tipo_productos`
--

CREATE TABLE IF NOT EXISTS `tipo_productos` (
  `tip_id` int(10) unsigned NOT NULL AUTO_INCREMENT,
  `tip_descripcion` text,
  `tip_estado` int(10) unsigned DEFAULT '0',
  `tip_3cuotas` double(9,2) DEFAULT NULL,
  `tip_6cuotas` double(9,2) DEFAULT NULL,
  `tip_12cuotas` double(9,2) DEFAULT NULL,
  `usu_id` int(10) DEFAULT NULL,
  PRIMARY KEY (`tip_id`)
) ENGINE=MyISAM  DEFAULT CHARSET=latin1 AUTO_INCREMENT=11 ;

--
-- Volcado de datos para la tabla `tipo_productos`
--

INSERT INTO `tipo_productos` (`tip_id`, `tip_descripcion`, `tip_estado`, `tip_3cuotas`, `tip_6cuotas`, `tip_12cuotas`, `usu_id`) VALUES
(3, 'INDUMENTARIA', 0, 11.00, 20.00, 35.00, 11),
(4, 'NEUMATICOS', 0, 11.00, 20.00, 35.00, 11),
(6, 'SERVICIOS', 0, 11.00, 20.00, 35.00, 11),
(7, 'INSUMOS', 0, 11.00, 20.00, 35.00, 11),
(8, 'ACCESORIOS', 0, 11.00, 20.00, 35.00, 11),
(9, 'LLANTAS ORIGINALES', 0, 11.00, 20.00, 35.00, 11),
(1, 'Vehiculos', 0, NULL, NULL, NULL, NULL),
(10, 'REPUESTOS', 0, 0.00, 0.00, 0.00, 11);

-- --------------------------------------------------------

--
-- Estructura de tabla para la tabla `tipo_rango`
--

CREATE TABLE IF NOT EXISTS `tipo_rango` (
  `tr_id` int(10) unsigned NOT NULL AUTO_INCREMENT,
  `tr_descripcion` text,
  `tr_velocidad_desde` int(11) DEFAULT NULL,
  `tr_velocidad_hasta` int(11) DEFAULT NULL,
  `tr_estado` int(10) unsigned DEFAULT '0',
  `usu_id` int(10) DEFAULT NULL,
  PRIMARY KEY (`tr_id`)
) ENGINE=MyISAM  DEFAULT CHARSET=latin1 AUTO_INCREMENT=31 ;

--
-- Volcado de datos para la tabla `tipo_rango`
--

INSERT INTO `tipo_rango` (`tr_id`, `tr_descripcion`, `tr_velocidad_desde`, `tr_velocidad_hasta`, `tr_estado`, `usu_id`) VALUES
(9, 'SR', 0, 0, 0, NULL),
(10, 'C', 60, 0, 0, NULL),
(11, 'D', 65, 0, 0, NULL),
(12, 'E', 70, 0, 0, NULL),
(13, 'F', 80, 0, 0, NULL),
(14, 'G', 90, 0, 0, NULL),
(15, 'J', 100, 0, 0, NULL),
(16, 'K', 110, 0, 0, NULL),
(17, 'L', 120, 0, 0, NULL),
(18, 'M', 130, 0, 0, NULL),
(19, 'N', 140, 0, 0, NULL),
(20, 'P', 150, 159, 0, NULL),
(21, 'Q', 160, 0, 0, NULL),
(22, 'R', 170, 0, 0, NULL),
(23, 'S', 180, 0, 0, NULL),
(24, 'T', 0, 190, 0, NULL),
(25, 'U', 0, 200, 0, NULL),
(26, 'H', 210, 0, 0, NULL),
(27, 'V', 0, 240, 0, NULL),
(28, 'W', 0, 300, 0, NULL),
(29, 'Y', 0, 270, 0, NULL),
(30, 'ZR', 340, 400, 0, NULL);

-- --------------------------------------------------------

--
-- Estructura de tabla para la tabla `usuarios`
--

CREATE TABLE IF NOT EXISTS `usuarios` (
  `usu_id` int(10) unsigned NOT NULL AUTO_INCREMENT,
  `usu_descripcion` text,
  `usu_clave` varchar(100) DEFAULT NULL,
  `usu_estado` int(10) unsigned DEFAULT '0',
  `suc_id` int(10) DEFAULT NULL,
  `usu_mail` text,
  `usu_id_audit` int(10) DEFAULT NULL,
  PRIMARY KEY (`usu_id`)
) ENGINE=MyISAM  DEFAULT CHARSET=latin1 AUTO_INCREMENT=24 ;

--
-- Volcado de datos para la tabla `usuarios`
--

INSERT INTO `usuarios` (`usu_id`, `usu_descripcion`, `usu_clave`, `usu_estado`, `suc_id`, `usu_mail`, `usu_id_audit`) VALUES
(1, 'admin', '16b388529beb9e15826d20627496548b', 0, 0, 'info@megallantas.com.ar ', 11),
(2, 'edu-oper-taller', '379ef4bd50c30e261ccfb18dfc626d9f', 1, 1, NULL, 11),
(3, 'edu-oper-cha', '379ef4bd50c30e261ccfb18dfc626d9f', 1, 2, NULL, 11),
(4, 'edu-oper-pal', '379ef4bd50c30e261ccfb18dfc626d9f', 1, 3, NULL, 11),
(5, 'admin2', '3553371ed524a7fc2e3fb339346368f3', 1, NULL, 'edulanzara@gmail.com', 11),
(10, 'diegoc', '92b32908e8b9f9b67d4fb5d580524a7f', 0, NULL, NULL, NULL),
(11, 'vivit', '971b920dc5020686a6206922ef71265f', 0, NULL, 'vivit', 11),
(12, 'edu_admin', '3553371ed524a7fc2e3fb339346368f3', 0, NULL, NULL, 11),
(18, 'CAJA', '2a581ba667d6d68aad49715d4f979623', 0, 0, 'megallantas@megallantas.com.ar', 11),
(23, 'ADMINISTRACION', '2a581ba667d6d68aad49715d4f979623', 0, 0, 'info@megallantas.com.ar ', 11);

-- --------------------------------------------------------

--
-- Estructura de tabla para la tabla `vehiculos`
--

CREATE TABLE IF NOT EXISTS `vehiculos` (
  `veh_id` int(10) unsigned NOT NULL AUTO_INCREMENT,
  `mod_id` int(10) unsigned NOT NULL DEFAULT '0',
  `mar_id` int(10) unsigned NOT NULL DEFAULT '0',
  `cli_id` int(10) unsigned NOT NULL DEFAULT '0',
  `veh_neumaticos` varchar(255) DEFAULT NULL,
  `veh_llantas` varchar(255) DEFAULT NULL,
  `veh_patente` varchar(255) DEFAULT NULL,
  `veh_estado` int(10) DEFAULT '0',
  `veh_observaciones` text,
  `veh_rodado` varchar(255) DEFAULT NULL,
  `veh_f_ult_cambio_rodado` date DEFAULT NULL,
  `neumatico_mod_id` int(10) DEFAULT NULL,
  `neumatico_mar_id` int(10) DEFAULT NULL,
  `veh_neumatico_medida` varchar(255) DEFAULT NULL,
  `llanta_mod_id` int(10) DEFAULT NULL,
  `llanta_mar_id` int(10) DEFAULT NULL,
  `veh_llanta_medida` varchar(255) DEFAULT NULL,
  `veh_km` varchar(255) DEFAULT NULL,
  `veh_fotos` text,
  `veh_distribucion` varchar(255) DEFAULT NULL,
  `usu_id` int(10) DEFAULT NULL,
  PRIMARY KEY (`veh_id`),
  KEY `vehiculos_FKIndex1` (`cli_id`),
  KEY `vehiculos_FKIndex2` (`mar_id`),
  KEY `vehiculos_FKIndex3` (`mod_id`)
) ENGINE=MyISAM  DEFAULT CHARSET=latin1 AUTO_INCREMENT=3 ;

--
-- Volcado de datos para la tabla `vehiculos`
--

INSERT INTO `vehiculos` (`veh_id`, `mod_id`, `mar_id`, `cli_id`, `veh_neumaticos`, `veh_llantas`, `veh_patente`, `veh_estado`, `veh_observaciones`, `veh_rodado`, `veh_f_ult_cambio_rodado`, `neumatico_mod_id`, `neumatico_mar_id`, `veh_neumatico_medida`, `llanta_mod_id`, `llanta_mar_id`, `veh_llanta_medida`, `veh_km`, `veh_fotos`, `veh_distribucion`, `usu_id`) VALUES
(1, 1296, 125, 5703, '', '', '', 0, NULL, '', '0000-00-00', 0, 0, '', 0, 0, '', '', 'images/', '', 11),
(2, 1296, 125, 5704, '', '', '', 0, NULL, '', '0000-00-00', 0, 0, '', 0, 0, '', '', 'images/', '', 11);

/*!40101 SET CHARACTER_SET_CLIENT=@OLD_CHARACTER_SET_CLIENT */;
/*!40101 SET CHARACTER_SET_RESULTS=@OLD_CHARACTER_SET_RESULTS */;
/*!40101 SET COLLATION_CONNECTION=@OLD_COLLATION_CONNECTION */;
